Unnamed: 0,Registration_Number,Registration_Date,Registration_Year,State,RTO_Office,Vehicle_Category,Vehicle_Sub_Type,Manufacturer_Brand,Fuel_Type,Emission_Norm,Engine_CC,Seating_Capacity,Vehicle_Age_Years
0,REG100001,13-12-2019,2019,Madhya Pradesh,Bhopal (MP-04),2W,Scooter,Bajaj,Petrol,BS4,400,2,5
1,REG100002,14-01-2020,2020,Karnataka,Belgaum (KA-22),2W,Motorcycle,Honda,Petrol,BS6,400,2,4
2,REG100003,23-03-2023,2023,Karnataka,Delhi South (DL-09),2W,Scooter,Ola Electric,Petrol,BS6,0,2,1
3,REG100004,26-06-2021,2021,Karnataka,Kota (RJ-20),2W,Scooter,Honda,Petrol,BS6,0,2,3
4,REG100005,13-11-2022,2022,Karnataka,Ahmedabad (GJ-01),4W,Hatchback,Honda,Petrol,BS6,1598,6,2
5,REG100006,13-07-2024,2024,Karnataka,Thiruvananthapuram (KL-01),2W,Motorcycle,Royal Enfield,Petrol,BS6,160,2,0
6,REG100007,28-11-2021,2021,Karnataka,Durgapur (WB-40),2W,Scooter,Bajaj,CNG,BS6,110,2,3
7,REG100008,19-12-2021,2021,Karnataka,Ludhiana (PB-10),4W,Sedan,Tata Motors,Diesel,BS6,0,6,3
8,REG100009,18-05-2023,2023,Karnataka,Gwalior (MP-07),LCV,Mini Truck,Mahindra,Diesel,BS6,2523,9,1
9,REG100010,13-03-2022,2022,Karnataka,Amritsar (PB-02),2W,Scooter,Suzuki,EV,BS6,0,2,2
10,REG100011,18-09-2021,2021,Karnataka,Kollam (KL-02),4W,MUV,Skoda,Diesel,BS6,2179,5,3
11,REG100012,02-11-2019,2019,Karnataka,Mumbai Central (MH-01),2W,Motorcycle,Suzuki,EV,BS4,0,2,5
12,REG100013,16-05-2024,2024,Karnataka,Nizamabad (TS-05),OTH,Tractor,Mahindra,Diesel,BS6,5660,1,0
13,REG100014,24-02-2023,2023,Karnataka,Rajkot (GJ-03),2W,Motorcycle,Royal Enfield,EV,BS6,0,2,1
14,REG100015,28-09-2020,2020,Karnataka,Ujjain (MP-13),4W,Sedan,Toyota,Hybrid,BS4,800,7,4
15,REG100016,10-02-2018,2018,Karnataka,Kolkata (WB-01),2W,Scooter,Royal Enfield,Petrol,BS4,110,2,6
16,REG100017,26-03-2022,2022,Karnataka,Thrissur (KL-08),4W,Sedan,Tata Motors,EV,BS6,0,8,2
17,REG100018,10-07-2024,2024,Karnataka,Delhi South (DL-09),4W,Sedan,Kia,Diesel,BS6,2179,8,0
18,REG100019,23-04-2022,2022,Karnataka,Mysore (KA-09),2W,Scooter,Hero,EV,BS6,0,2,2
19,REG100020,09-12-2022,2022,Karnataka,Bangalore Central (KA-01),2W,Motorcycle,Yamaha,Petrol,BS6,350,2,2
20,REG100021,27-07-2020,2020,Karnataka,Delhi South (DL-09),2W,Moped,Ola Electric,EV,BS6,0,2,4
21,REG100022,28-01-2022,2022,Karnataka,Bangalore Central (KA-01),4W,SUV,Honda,Diesel,BS6,1000,5,2
22,REG100023,12-03-2020,2020,Karnataka,Agra (UP-80),4W,Hatchback,Mahindra,Petrol,BS6,1968,6,4
23,REG100024,04-10-2019,2019,Karnataka,Rajkot (GJ-03),2W,Motorcycle,KTM,EV,BS4,0,2,5
24,REG100025,25-03-2024,2024,Karnataka,Mysore (KA-09),2W,Scooter,KTM,Petrol,BS6,250,2,0
25,REG100026,12-10-2023,2023,Karnataka,Nashik (MH-15),2W,Scooter,Royal Enfield,Petrol,BS6,350,2,1
26,REG100027,10-06-2022,2022,Karnataka,Coimbatore (TN-37),2W,Motorcycle,Ola Electric,CNG,BS6,0,2,2
27,REG100028,05-04-2024,2024,Karnataka,Aurangabad (MH-20),3W,Tempo,Piaggio,CNG,BS6,200,7,0
28,REG100029,11-02-2022,2022,Karnataka,Mysore (KA-09),2W,Moped,Bajaj,EV,BS6,0,2,2
29,REG100030,03-05-2023,2023,Karnataka,Ujjain (MP-13),4W,SUV,Kia,Petrol,BS6,1498,8,1
30,REG100031,21-02-2023,2023,Karnataka,Madurai (TN-58),3W,Auto Rickshaw,Bajaj,Diesel,BS6,200,7,1
31,REG100032,13-08-2021,2021,Karnataka,Delhi South (DL-09),2W,Scooter,Honda,Petrol,BS6,400,2,3
32,REG100033,09-03-2024,2024,Karnataka,Kozhikode (KL-11),4W,Hatchback,Renault,Petrol,BS6,1498,5,0
33,REG100034,18-12-2023,2023,Karnataka,Belgaum (KA-22),2W,Scooter,Ola Electric,Petrol,BS6,0,2,1
34,REG100035,23-01-2022,2022,Karnataka,Karimnagar (TS-01),2W,Motorcycle,Honda,EV,BS6,0,2,2
35,REG100036,07-08-2022,2022,Karnataka,Jodhpur (RJ-19),4W,SUV,Tata Motors,Hybrid,BS6,0,5,2
36,REG100037,10-10-2023,2023,Karnataka,Bangalore Central (KA-01),HCV,Bus,Eicher,Diesel,BS6,4998,45,1
37,REG100038,22-02-2023,2023,Karnataka,Chennai Central (TN-01),2W,Motorcycle,Yamaha,Petrol,BS6,200,2,1
38,REG100039,30-07-2024,2024,Karnataka,Karimnagar (TS-01),OTH,Road Roller,TAFE,Diesel,BS6,3760,2,0
39,REG100040,25-02-2020,2020,Karnataka,Kozhikode (KL-11),4W,MUV,Mahindra,Petrol,BS4,1968,5,4
40,REG100041,25-04-2023,2023,Karnataka,Howrah (WB-13),2W,Scooter,Yamaha,Petrol,BS6,100,2,1
41,REG100042,18-09-2021,2021,Karnataka,Indore (MP-09),2W,Scooter,Honda,Hybrid,BS6,250,2,3
42,REG100043,20-01-2020,2020,Karnataka,Ujjain (MP-13),2W,Motorcycle,Honda,Petrol,BS6,110,2,4
43,REG100044,16-07-2024,2024,Karnataka,Jalandhar (PB-08),2W,Scooter,Suzuki,EV,BS6,0,2,0
44,REG100045,17-12-2024,2024,Karnataka,Delhi West (DL-08),2W,Scooter,Hero,EV,BS6,0,2,0
45,REG100046,03-06-2021,2021,Karnataka,Udaipur (RJ-27),2W,Moped,Yamaha,EV,BS6,0,2,3
46,REG100047,07-12-2019,2019,Karnataka,Rajkot (GJ-03),2W,Moped,Royal Enfield,EV,BS4,0,2,5
47,REG100048,27-05-2023,2023,Karnataka,Indore (MP-09),4W,SUV,Honda,CNG,BS6,1462,8,1
48,REG100049,31-08-2023,2023,Karnataka,Patiala (PB-11),4W,MUV,MG,Diesel,BS6,1197,5,1
49,REG100050,25-04-2020,2020,Karnataka,Gandhinagar (GJ-18),4W,SUV,Hyundai,Hybrid,BS6,1462,6,4
50,REG100051,19-11-2019,2019,Karnataka,Mumbai Central (MH-01),2W,Scooter,Ola Electric,Hybrid,BS4,0,2,5
51,REG100052,24-02-2023,2023,Karnataka,Delhi North (DL-04),3W,Auto Rickshaw,Piaggio,EV,BS6,0,3,1
52,REG100053,08-12-2022,2022,Karnataka,Trichy (TN-45),3W,Tempo,Piaggio,CNG,BS6,250,6,2
53,REG100054,19-08-2023,2023,Karnataka,Patiala (PB-11),2W,Moped,KTM,Petrol,BS6,160,2,1
54,REG100055,27-05-2022,2022,Karnataka,Delhi West (DL-08),4W,MUV,Mahindra,Petrol,BS6,1462,7,2
55,REG100056,19-03-2020,2020,Karnataka,Kota (RJ-20),LCV,Mini Truck,Mahindra,Diesel,BS4,2956,9,4
56,REG100057,18-07-2020,2020,Karnataka,Varanasi (UP-65),2W,Scooter,Suzuki,Petrol,BS6,0,2,4
57,REG100058,02-06-2018,2018,Karnataka,Thiruvananthapuram (KL-01),LCV,Light Bus,Force Motors,Diesel,BS4,0,12,6
58,REG100059,15-01-2021,2021,Karnataka,Khammam (TS-07),4W,Sedan,MG,Petrol,BS6,1968,7,3
59,REG100060,31-10-2022,2022,Karnataka,Jabalpur (MP-20),4W,MUV,Tata Motors,CNG,BS6,800,5,2
60,REG100061,19-04-2021,2021,Karnataka,Jabalpur (MP-20),2W,Scooter,TVS,Petrol,BS6,350,2,3
61,REG100062,09-05-2024,2024,Karnataka,Kota (RJ-20),4W,MUV,Kia,Hybrid,BS6,1000,8,0
62,REG100063,21-01-2019,2019,Karnataka,Aurangabad (MH-20),2W,Scooter,Bajaj,EV,BS4,0,2,5
63,REG100064,28-02-2019,2019,Karnataka,Delhi East (DL-02),LCV,Light Bus,Mahindra,Diesel,BS4,2956,12,5
64,REG100065,28-02-2024,2024,Karnataka,Kozhikode (KL-11),4W,Sedan,Skoda,CNG,BS6,1197,7,0
65,REG100066,22-07-2024,2024,Karnataka,Belgaum (KA-22),2W,Scooter,Ola Electric,CNG,BS6,0,2,0
66,REG100067,04-11-2023,2023,Karnataka,Belgaum (KA-22),4W,Sedan,Hyundai,EV,BS6,0,5,1
67,REG100068,04-08-2023,2023,Karnataka,Ajmer (RJ-01),2W,Scooter,Honda,EV,BS6,0,2,1
68,REG100069,25-09-2022,2022,Karnataka,Mangalore (KA-19),HCV,Tanker,MAN,Diesel,BS6,5660,52,2
69,REG100070,14-02-2021,2021,Karnataka,Karimnagar (TS-01),3W,Tempo,Atul Auto,CNG,BS6,250,6,3
70,REG100071,04-04-2022,2022,Karnataka,Delhi North (DL-04),4W,MUV,Toyota,Petrol,BS6,2179,6,2
71,REG100072,13-02-2018,2018,Karnataka,Kota (RJ-20),2W,Moped,Royal Enfield,EV,BS4,0,2,6
72,REG100073,18-08-2023,2023,Karnataka,Thrissur (KL-08),3W,Auto Rickshaw,Kinetic Green,Diesel,BS6,200,3,1
73,REG100074,11-10-2022,2022,Karnataka,Surat (GJ-05),2W,Motorcycle,Royal Enfield,EV,BS6,0,2,2
74,REG100075,06-06-2023,2023,Karnataka,Udaipur (RJ-27),OTH,Road Roller,John Deere,Diesel,BS6,5660,2,1
75,REG100076,21-04-2023,2023,Karnataka,Mysore (KA-09),2W,Moped,Ather,Hybrid,BS6,0,2,1
76,REG100077,31-05-2024,2024,Karnataka,Gandhinagar (GJ-18),OTH,Road Roller,Escorts,Diesel,BS6,4998,32,0
77,REG100078,11-10-2018,2018,Karnataka,Madurai (TN-58),2W,Moped,TVS,Petrol,BS4,160,2,6
78,REG100079,03-09-2022,2022,Karnataka,Kochi (KL-07),4W,MUV,Hyundai,Petrol,BS6,2179,7,2
79,REG100080,23-10-2021,2021,Karnataka,Chennai Central (TN-01),2W,Scooter,Honda,Petrol,BS6,100,2,3
80,REG100081,02-08-2019,2019,Karnataka,Coimbatore (TN-37),4W,SUV,Hyundai,Petrol,BS6,1462,8,5
81,REG100082,09-11-2022,2022,Karnataka,Siliguri (WB-73),2W,Moped,Suzuki,Petrol,BS6,110,2,2
82,REG100083,21-03-2020,2020,Karnataka,Delhi East (DL-02),2W,Motorcycle,TVS,Petrol,BS6,100,2,4
83,REG100084,24-05-2020,2020,Karnataka,Varanasi (UP-65),4W,MUV,Kia,Petrol,BS4,2179,5,4
84,REG100085,18-03-2022,2022,Karnataka,Indore (MP-09),HCV,Bus,BharatBenz,Diesel,BS6,5660,2,2
85,REG100086,13-08-2023,2023,Karnataka,Bangalore Central (KA-01),2W,Scooter,Ola Electric,Hybrid,BS6,0,2,1
86,REG100087,03-11-2022,2022,Karnataka,Durgapur (WB-40),4W,SUV,Renault,Diesel,BS6,800,8,2
87,REG100088,27-10-2024,2024,Karnataka,Kozhikode (KL-11),4W,Hatchback,Hyundai,Petrol,BS6,800,7,0
88,REG100089,03-04-2023,2023,Karnataka,Chandigarh (CH-01),4W,Sedan,MG,Diesel,BS6,1968,8,1
89,REG100090,18-06-2019,2019,Karnataka,Mangalore (KA-19),2W,Scooter,Yamaha,CNG,BS4,250,2,5
90,REG100091,10-05-2022,2022,Karnataka,Thrissur (KL-08),2W,Scooter,Ather,Petrol,BS6,0,2,2
91,REG100092,23-09-2021,2021,Karnataka,Mangalore (KA-19),LCV,Mini Truck,Eicher,Diesel,BS6,3298,15,3
92,REG100093,13-08-2019,2019,Karnataka,Siliguri (WB-73),4W,Sedan,Kia,CNG,BS4,2179,5,5
93,REG100094,17-02-2018,2018,Karnataka,Aurangabad (MH-20),4W,Sedan,Kia,CNG,BS4,1462,5,6
94,REG100095,20-05-2021,2021,Karnataka,Kolkata (WB-01),4W,Sedan,MG,EV,BS6,0,8,3
95,REG100096,10-03-2024,2024,Karnataka,Howrah (WB-13),3W,Auto Rickshaw,Mahindra,CNG,BS6,200,6,0
96,REG100097,24-10-2023,2023,Karnataka,Agra (UP-80),HCV,Trailer,Tata Motors,Diesel,BS6,6700,2,1
97,REG100098,14-06-2022,2022,Karnataka,Asansol (WB-39),3W,E-Rickshaw,Atul Auto,Petrol,BS6,225,7,2
98,REG100099,15-07-2023,2023,Karnataka,Delhi South (DL-09),2W,Scooter,Hero,Petrol,BS6,250,2,1
99,REG100100,21-02-2024,2024,Karnataka,Indore (MP-09),3W,Auto Rickshaw,Piaggio,Diesel,BS6,0,3,0
100,REG100101,28-08-2024,2024,Karnataka,Karimnagar (TS-01),2W,Motorcycle,Suzuki,EV,BS6,0,2,0
101,REG100102,11-06-2024,2024,Karnataka,Ajmer (RJ-01),4W,Hatchback,Toyota,EV,BS6,0,5,0
102,REG100103,20-02-2023,2023,Karnataka,Chandigarh (CH-01),2W,Moped,Royal Enfield,Petrol,BS6,110,2,1
103,REG100104,03-07-2023,2023,Karnataka,Howrah (WB-13),4W,Hatchback,Maruti Suzuki,Diesel,BS6,1598,8,1
104,REG100105,14-11-2019,2019,Karnataka,Coimbatore (TN-37),4W,Sedan,Tata Motors,Petrol,BS4,1462,8,5
105,REG100106,26-08-2020,2020,Karnataka,Ludhiana (PB-10),2W,Moped,Royal Enfield,EV,BS6,0,2,4
106,REG100107,20-12-2021,2021,Karnataka,Ujjain (MP-13),2W,Scooter,Yamaha,EV,BS6,0,2,3
107,REG100108,02-07-2020,2020,Karnataka,Durgapur (WB-40),2W,Scooter,KTM,Petrol,BS6,0,2,4
108,REG100109,26-01-2018,2018,Karnataka,Vadodara (GJ-06),2W,Moped,Suzuki,Petrol,BS4,0,2,6
109,REG100110,22-11-2023,2023,Karnataka,Thrissur (KL-08),LCV,Pickup Van,Mahindra,CNG,BS6,2956,15,1
110,REG100111,09-03-2018,2018,Karnataka,Surat (GJ-05),4W,Hatchback,Kia,Diesel,BS4,1000,7,6
111,REG100112,26-03-2022,2022,Karnataka,Udaipur (RJ-27),2W,Motorcycle,Ather,Petrol,BS6,0,2,2
112,REG100113,25-04-2024,2024,Karnataka,Durgapur (WB-40),4W,SUV,Hyundai,Diesel,BS6,1968,7,0
113,REG100114,11-12-2021,2021,Karnataka,Mangalore (KA-19),2W,Moped,Honda,EV,BS4,0,2,3
114,REG100115,13-11-2020,2020,Karnataka,Jalandhar (PB-08),4W,SUV,Hyundai,EV,BS6,0,7,4
115,REG100116,24-01-2021,2021,Karnataka,Ludhiana (PB-10),4W,MUV,Kia,EV,BS6,0,7,3
116,REG100117,23-12-2022,2022,Karnataka,Kolkata (WB-01),2W,Moped,TVS,Petrol,BS6,400,2,2
117,REG100118,12-11-2019,2019,Karnataka,Allahabad (UP-70),4W,Sedan,Honda,EV,BS4,0,7,5
118,REG100119,08-07-2019,2019,Karnataka,Nagpur (MH-31),2W,Scooter,Bajaj,Petrol,BS4,400,2,5
119,REG100120,16-02-2024,2024,Karnataka,Gwalior (MP-07),2W,Scooter,Bajaj,Petrol,BS6,150,2,0
120,REG100121,15-04-2024,2024,Karnataka,Ujjain (MP-13),OTH,Tractor,John Deere,Diesel,BS6,3760,52,0
121,REG100122,02-01-2020,2020,Karnataka,Delhi South (DL-09),2W,Motorcycle,Yamaha,Hybrid,BS6,160,2,4
122,REG100123,08-01-2024,2024,Karnataka,Coimbatore (TN-37),4W,Sedan,Hyundai,EV,BS6,0,6,0
123,REG100124,28-02-2023,2023,Karnataka,Amritsar (PB-02),2W,Scooter,Hero,Petrol,BS6,110,2,1
124,REG100125,23-01-2020,2020,Karnataka,Siliguri (WB-73),4W,Hatchback,MG,Diesel,BS6,0,7,4
125,REG100126,31-12-2023,2023,Karnataka,Kolkata (WB-01),2W,Scooter,Suzuki,Petrol,BS6,350,2,1
126,REG100127,27-10-2021,2021,Karnataka,Bangalore Central (KA-01),2W,Motorcycle,Honda,Petrol,BS6,400,2,3
127,REG100128,09-08-2022,2022,Karnataka,Kozhikode (KL-11),2W,Moped,Ather,Petrol,BS6,0,2,2
128,REG100129,19-08-2024,2024,Karnataka,Thiruvananthapuram (KL-01),LCV,Light Bus,Eicher,EV,BS6,0,12,0
129,REG100130,11-05-2022,2022,Karnataka,Udaipur (RJ-27),2W,Moped,Honda,Petrol,BS6,200,2,2
130,REG100131,10-07-2019,2019,Karnataka,Salem (TN-30),2W,Motorcycle,Honda,EV,BS6,0,2,5
131,REG100132,05-08-2021,2021,Karnataka,Hyderabad (TS-09),4W,SUV,Hyundai,Diesel,BS6,800,7,3
132,REG100133,24-04-2020,2020,Karnataka,Amritsar (PB-02),2W,Moped,Ather,Petrol,BS6,0,2,4
133,REG100134,15-11-2023,2023,Karnataka,Ajmer (RJ-01),2W,Scooter,Ola Electric,Petrol,BS6,0,2,1
134,REG100135,07-06-2020,2020,Karnataka,Ujjain (MP-13),2W,Moped,Royal Enfield,Petrol,BS4,200,2,4
135,REG100136,21-11-2021,2021,Karnataka,Jaipur (RJ-14),2W,Motorcycle,Ola Electric,EV,BS6,0,2,3
136,REG100137,15-06-2020,2020,Karnataka,Belgaum (KA-22),2W,Scooter,KTM,Petrol,BS6,0,2,4
137,REG100138,11-02-2022,2022,Karnataka,Chandigarh (CH-01),LCV,Mini Truck,Mahindra,EV,BS6,0,12,2
138,REG100139,28-02-2020,2020,Karnataka,Jabalpur (MP-20),3W,E-Rickshaw,Mahindra,CNG,BS6,250,6,4
139,REG100140,22-07-2021,2021,Karnataka,Hubli (KA-25),4W,MUV,Renault,EV,BS6,0,5,3
140,REG100141,12-09-2021,2021,Karnataka,Delhi West (DL-08),HCV,Bus,Volvo,Diesel,BS6,6700,2,3
141,REG100142,06-02-2023,2023,Karnataka,Salem (TN-30),4W,Sedan,Renault,CNG,BS6,1968,5,1
142,REG100143,30-12-2022,2022,Karnataka,Lucknow (UP-32),3W,Auto Rickshaw,TVS,EV,BS6,0,6,2
143,REG100144,05-07-2022,2022,Karnataka,Mangalore (KA-19),2W,Scooter,TVS,EV,BS6,0,2,2
144,REG100145,23-06-2019,2019,Karnataka,Lucknow (UP-32),2W,Moped,Suzuki,EV,BS4,0,2,5
145,REG100146,28-06-2022,2022,Karnataka,Jodhpur (RJ-19),2W,Moped,Honda,EV,BS4,0,2,2
146,REG100147,01-12-2020,2020,Karnataka,Kochi (KL-07),2W,Motorcycle,Royal Enfield,Petrol,BS6,110,2,4
147,REG100148,26-11-2023,2023,Karnataka,Salem (TN-30),3W,Tempo,Atul Auto,Diesel,BS6,250,7,1
148,REG100149,30-10-2021,2021,Karnataka,Jodhpur (RJ-19),2W,Scooter,KTM,EV,BS6,0,2,3
149,REG100150,09-02-2018,2018,Karnataka,Ajmer (RJ-01),2W,Scooter,KTM,Petrol,BS4,110,2,6
150,REG100151,22-01-2024,2024,Karnataka,Patiala (PB-11),3W,E-Rickshaw,Atul Auto,EV,BS6,0,7,0
151,REG100152,22-02-2024,2024,Karnataka,Indore (MP-09),2W,Scooter,Ather,Petrol,BS6,0,2,0
152,REG100153,26-09-2023,2023,Karnataka,Thiruvananthapuram (KL-01),3W,Auto Rickshaw,Bajaj,CNG,BS6,225,6,1
153,REG100154,21-06-2023,2023,Karnataka,Kota (RJ-20),2W,Scooter,Ola Electric,Petrol,BS6,0,2,1
154,REG100155,05-11-2023,2023,Karnataka,Jaipur (RJ-14),4W,MUV,Kia,Petrol,BS6,1197,7,1
155,REG100156,08-03-2023,2023,Karnataka,Belgaum (KA-22),4W,SUV,Kia,EV,BS6,0,7,1
156,REG100157,17-12-2023,2023,Karnataka,Karimnagar (TS-01),4W,SUV,Tata Motors,EV,BS6,0,5,1
157,REG100158,23-06-2020,2020,Karnataka,Jabalpur (MP-20),3W,Auto Rickshaw,TVS,CNG,BS6,0,3,4
158,REG100159,27-09-2023,2023,Karnataka,Delhi East (DL-02),2W,Scooter,Honda,EV,BS6,0,2,1
159,REG100160,03-04-2021,2021,Karnataka,Gwalior (MP-07),LCV,Light Bus,Mahindra,CNG,BS6,2956,15,3
160,REG100161,18-08-2022,2022,Karnataka,Kolkata (WB-01),2W,Moped,Bajaj,EV,BS6,0,2,2
161,REG100162,14-08-2023,2023,Karnataka,Warangal (TS-03),2W,Scooter,Bajaj,Petrol,BS6,350,2,1
162,REG100163,09-05-2023,2023,Karnataka,Rajkot (GJ-03),3W,E-Rickshaw,Piaggio,CNG,BS6,200,7,1
163,REG100164,24-03-2021,2021,Karnataka,Durgapur (WB-40),4W,Hatchback,Renault,Petrol,BS4,1498,8,3
164,REG100165,31-07-2024,2024,Karnataka,Warangal (TS-03),LCV,Mini Truck,Mahindra,Diesel,BS6,2523,12,0
165,REG100166,29-11-2018,2018,Karnataka,Nizamabad (TS-05),2W,Motorcycle,Yamaha,Petrol,BS4,200,2,6
166,REG100167,12-11-2023,2023,Karnataka,Coimbatore (TN-37),2W,Scooter,TVS,Hybrid,BS6,100,2,1
167,REG100168,26-02-2022,2022,Karnataka,Bangalore Central (KA-01),2W,Motorcycle,Ather,CNG,BS6,0,2,2
168,REG100169,02-02-2023,2023,Karnataka,Delhi West (DL-08),2W,Motorcycle,Suzuki,EV,BS6,0,2,1
169,REG100170,30-06-2022,2022,Karnataka,Asansol (WB-39),4W,Sedan,Tata Motors,Petrol,BS6,1462,8,2
170,REG100171,11-10-2022,2022,Karnataka,Chennai Central (TN-01),3W,E-Rickshaw,Bajaj,EV,BS6,0,6,2
171,REG100172,26-06-2018,2018,Karnataka,Kolkata (WB-01),4W,SUV,Kia,Hybrid,BS4,1462,5,6
172,REG100173,17-12-2023,2023,Karnataka,Amritsar (PB-02),2W,Scooter,Ather,Petrol,BS6,0,2,1
173,REG100174,19-01-2023,2023,Karnataka,Thrissur (KL-08),4W,Sedan,Hyundai,EV,BS6,0,6,1
174,REG100175,31-08-2021,2021,Karnataka,Pune (MH-12),LCV,Pickup Van,Ashok Leyland,Diesel,BS6,3298,9,3
175,REG100176,12-08-2019,2019,Karnataka,Indore (MP-09),2W,Motorcycle,Yamaha,Petrol,BS4,250,2,5
176,REG100177,08-07-2022,2022,Karnataka,Thrissur (KL-08),LCV,Pickup Van,Ashok Leyland,Diesel,BS6,3298,9,2
177,REG100178,10-02-2021,2021,Karnataka,Thrissur (KL-08),2W,Moped,TVS,EV,BS6,0,2,3
178,REG100179,17-08-2023,2023,Karnataka,Gwalior (MP-07),2W,Moped,Suzuki,Petrol,BS6,100,2,1
179,REG100180,08-02-2024,2024,Karnataka,Kozhikode (KL-11),4W,MUV,Kia,EV,BS6,0,7,0
180,REG100181,06-03-2023,2023,Karnataka,Warangal (TS-03),HCV,Bus,Eicher,CNG,BS6,3760,2,1
181,REG100182,08-07-2020,2020,Karnataka,Gwalior (MP-07),2W,Moped,Hero,EV,BS6,0,2,4
182,REG100183,28-02-2023,2023,Karnataka,Kolkata (WB-01),4W,SUV,Honda,Diesel,BS6,800,6,1
183,REG100184,17-08-2023,2023,Karnataka,Asansol (WB-39),2W,Moped,Honda,Petrol,BS6,150,2,1
184,REG100185,20-08-2019,2019,Karnataka,Amritsar (PB-02),4W,MUV,Mahindra,Petrol,BS4,1197,8,5
185,REG100186,22-03-2021,2021,Karnataka,Hubli (KA-25),4W,Hatchback,Renault,Diesel,BS6,1197,7,3
186,REG100187,04-07-2023,2023,Karnataka,Warangal (TS-03),2W,Motorcycle,TVS,Petrol,BS6,400,2,1
187,REG100188,07-06-2024,2024,Karnataka,Amritsar (PB-02),3W,Tempo,Piaggio,EV,BS6,0,7,0
188,REG100189,25-11-2019,2019,Karnataka,Thrissur (KL-08),3W,E-Rickshaw,Atul Auto,CNG,BS4,200,6,5
189,REG100190,10-08-2023,2023,Karnataka,Asansol (WB-39),2W,Moped,Ola Electric,Petrol,BS6,0,2,1
190,REG100191,26-04-2021,2021,Karnataka,Mumbai Central (MH-01),3W,E-Rickshaw,Piaggio,CNG,BS6,250,7,3
191,REG100192,11-11-2019,2019,Karnataka,Ahmedabad (GJ-01),2W,Moped,Ather,Petrol,BS4,0,2,5
192,REG100193,22-06-2023,2023,Karnataka,Belgaum (KA-22),4W,Sedan,Tata Motors,EV,BS6,0,5,1
193,REG100194,13-11-2023,2023,Karnataka,Bangalore Central (KA-01),HCV,Trailer,MAN,Diesel,BS6,3760,45,1
194,REG100195,27-07-2023,2023,Karnataka,Ujjain (MP-13),2W,Scooter,KTM,Petrol,BS6,160,2,1
195,REG100196,24-06-2022,2022,Karnataka,Kolkata (WB-01),4W,Sedan,MG,Diesel,BS6,1197,7,2
196,REG100197,15-10-2023,2023,Karnataka,Kozhikode (KL-11),4W,SUV,Honda,Petrol,BS6,1000,7,1
197,REG100198,16-07-2019,2019,Karnataka,Delhi North (DL-04),2W,Scooter,Bajaj,Petrol,BS4,0,2,5
198,REG100199,23-03-2023,2023,Karnataka,Kanpur (UP-78),HCV,Bus,Volvo,Diesel,BS6,6700,52,1
199,REG100200,22-08-2024,2024,Karnataka,Siliguri (WB-73),LCV,Pickup Van,Tata Motors,Diesel,BS6,2956,9,0
200,REG100201,10-12-2024,2024,Karnataka,Amritsar (PB-02),2W,Scooter,KTM,EV,BS6,0,2,0
201,REG100202,06-07-2024,2024,Karnataka,Gandhinagar (GJ-18),2W,Motorcycle,Suzuki,Petrol,BS6,250,2,0
202,REG100203,07-02-2021,2021,Karnataka,Jaipur (RJ-14),2W,Moped,Ather,Petrol,BS6,0,2,3
203,REG100204,19-02-2022,2022,Karnataka,Karimnagar (TS-01),4W,SUV,Skoda,EV,BS6,0,7,2
204,REG100205,21-01-2022,2022,Karnataka,Ajmer (RJ-01),HCV,Bus,Ashok Leyland,Diesel,BS6,3760,1,2
205,REG100206,16-06-2024,2024,Karnataka,Madurai (TN-58),4W,MUV,Tata Motors,CNG,BS6,1598,6,0
206,REG100207,30-09-2022,2022,Karnataka,Allahabad (UP-70),4W,SUV,Skoda,Diesel,BS6,2179,7,2
207,REG100208,19-12-2022,2022,Karnataka,Kolkata (WB-01),2W,Moped,Honda,Petrol,BS6,100,2,2
208,REG100209,25-10-2020,2020,Karnataka,Jalandhar (PB-08),2W,Moped,Ola Electric,EV,BS6,0,2,4
209,REG100210,24-12-2020,2020,Karnataka,Trichy (TN-45),4W,MUV,Tata Motors,EV,BS6,0,6,4
210,REG100211,09-11-2020,2020,Karnataka,Nashik (MH-15),2W,Motorcycle,Suzuki,CNG,BS6,350,2,4
211,REG100212,26-09-2024,2024,Karnataka,Thiruvananthapuram (KL-01),4W,Sedan,Renault,Diesel,BS6,1968,7,0
212,REG100213,15-12-2023,2023,Karnataka,Salem (TN-30),HCV,Trailer,Eicher,Diesel,BS6,5660,52,1
213,REG100214,27-05-2020,2020,Karnataka,Howrah (WB-13),HCV,Trailer,Eicher,Diesel,BS6,4998,45,4
214,REG100215,06-10-2019,2019,Karnataka,Udaipur (RJ-27),2W,Moped,Royal Enfield,Petrol,BS4,250,2,5
215,REG100216,10-02-2021,2021,Karnataka,Agra (UP-80),HCV,Bus,Volvo,Diesel,BS6,5660,45,3
216,REG100217,23-12-2021,2021,Karnataka,Gwalior (MP-07),4W,Sedan,Mahindra,Diesel,BS6,1498,6,3
217,REG100218,26-04-2023,2023,Karnataka,Belgaum (KA-22),4W,Sedan,Mahindra,Petrol,BS6,1462,5,1
218,REG100219,09-10-2023,2023,Karnataka,Mangalore (KA-19),2W,Scooter,Honda,CNG,BS6,125,2,1
219,REG100220,15-02-2021,2021,Karnataka,Varanasi (UP-65),3W,Auto Rickshaw,TVS,CNG,BS6,225,7,3
220,REG100221,22-07-2024,2024,Karnataka,Thiruvananthapuram (KL-01),HCV,Bus,BharatBenz,Diesel,BS6,6700,2,0
221,REG100222,26-05-2022,2022,Karnataka,Kozhikode (KL-11),LCV,Mini Truck,Ashok Leyland,CNG,BS6,0,15,2
222,REG100223,19-06-2021,2021,Karnataka,Khammam (TS-07),3W,Auto Rickshaw,Atul Auto,Diesel,BS6,225,7,3
223,REG100224,09-04-2022,2022,Karnataka,Durgapur (WB-40),4W,Hatchback,Toyota,Petrol,BS6,1197,8,2
224,REG100225,14-06-2024,2024,Karnataka,Allahabad (UP-70),2W,Scooter,Honda,Petrol,BS6,150,2,0
225,REG100226,21-10-2021,2021,Karnataka,Nagpur (MH-31),2W,Scooter,Royal Enfield,Petrol,BS6,100,2,3
226,REG100227,18-12-2021,2021,Karnataka,Vadodara (GJ-06),4W,Hatchback,Hyundai,Diesel,BS6,0,7,3
227,REG100228,01-09-2020,2020,Karnataka,Thiruvananthapuram (KL-01),4W,SUV,Toyota,CNG,BS6,1197,8,4
228,REG100229,22-04-2023,2023,Karnataka,Kollam (KL-02),2W,Moped,Ather,EV,BS6,0,2,1
229,REG100230,09-02-2022,2022,Karnataka,Ujjain (MP-13),LCV,Mini Truck,Eicher,Diesel,BS6,2523,9,2
230,REG100231,15-08-2021,2021,Karnataka,Khammam (TS-07),2W,Moped,TVS,Petrol,BS6,110,2,3
231,REG100232,21-08-2022,2022,Karnataka,Indore (MP-09),4W,MUV,Hyundai,Diesel,BS6,1197,8,2
232,REG100233,02-01-2018,2018,Karnataka,Asansol (WB-39),2W,Scooter,Royal Enfield,CNG,BS4,150,2,6
233,REG100234,29-08-2024,2024,Karnataka,Chandigarh (CH-01),2W,Scooter,Honda,EV,BS6,0,2,0
234,REG100235,17-08-2024,2024,Karnataka,Rajkot (GJ-03),2W,Motorcycle,Suzuki,Petrol,BS6,250,2,0
235,REG100236,20-07-2020,2020,Karnataka,Lucknow (UP-32),4W,Sedan,Toyota,Petrol,BS6,0,6,4
236,REG100237,06-08-2023,2023,Karnataka,Kochi (KL-07),LCV,Mini Truck,Ashok Leyland,Diesel,BS6,0,9,1
237,REG100238,05-12-2023,2023,Karnataka,Delhi North (DL-04),2W,Scooter,Bajaj,CNG,BS6,250,2,1
238,REG100239,11-12-2018,2018,Karnataka,Chandigarh (CH-01),2W,Motorcycle,Honda,EV,BS4,0,2,6
239,REG100240,29-01-2023,2023,Karnataka,Delhi Central (DL-01),2W,Motorcycle,Ather,Petrol,BS4,0,2,1
240,REG100241,11-12-2022,2022,Karnataka,Nizamabad (TS-05),2W,Moped,Ola Electric,Petrol,BS4,0,2,2
241,REG100242,01-02-2021,2021,Karnataka,Delhi West (DL-08),LCV,Light Bus,Eicher,Diesel,BS6,2956,15,3
242,REG100243,13-06-2023,2023,Karnataka,Jabalpur (MP-20),4W,Hatchback,Toyota,EV,BS6,0,8,1
243,REG100244,28-12-2024,2024,Karnataka,Madurai (TN-58),2W,Moped,KTM,Petrol,BS6,125,2,0
244,REG100245,11-05-2019,2019,Karnataka,Kolkata (WB-01),4W,MUV,Renault,Diesel,BS4,1462,7,5
245,REG100246,27-01-2023,2023,Karnataka,Bhopal (MP-04),HCV,Trailer,Tata Motors,Diesel,BS6,5660,45,1
246,REG100247,14-10-2022,2022,Karnataka,Ujjain (MP-13),4W,Hatchback,Mahindra,Hybrid,BS6,1462,8,2
247,REG100248,02-09-2024,2024,Karnataka,Delhi West (DL-08),2W,Motorcycle,Bajaj,Petrol,BS6,150,2,0
248,REG100249,14-07-2021,2021,Karnataka,Kollam (KL-02),4W,MUV,Mahindra,CNG,BS6,2179,7,3
249,REG100250,29-08-2023,2023,Karnataka,Vadodara (GJ-06),2W,Scooter,KTM,Petrol,BS6,200,2,1
250,REG100251,14-05-2023,2023,Karnataka,Delhi West (DL-08),2W,Motorcycle,Ola Electric,Petrol,BS6,0,2,1
251,REG100252,19-10-2021,2021,Karnataka,Patiala (PB-11),4W,SUV,Tata Motors,Petrol,BS6,1462,8,3
252,REG100253,27-03-2020,2020,Karnataka,Nizamabad (TS-05),2W,Scooter,KTM,EV,BS6,0,2,4
253,REG100254,09-12-2022,2022,Karnataka,Kollam (KL-02),3W,Tempo,Kinetic Green,CNG,BS6,200,3,2
254,REG100255,15-09-2020,2020,Karnataka,Kanpur (UP-78),LCV,Mini Truck,Tata Motors,EV,BS6,0,12,4
255,REG100256,30-07-2018,2018,Karnataka,Aurangabad (MH-20),4W,MUV,MG,Petrol,BS4,800,5,6
256,REG100257,09-08-2023,2023,Karnataka,Nizamabad (TS-05),4W,SUV,Maruti Suzuki,Diesel,BS6,1197,5,1
257,REG100258,16-05-2020,2020,Karnataka,Belgaum (KA-22),2W,Motorcycle,Ola Electric,EV,BS6,0,2,4
258,REG100259,02-06-2024,2024,Karnataka,Hubli (KA-25),HCV,Tanker,Eicher,Diesel,BS6,3760,1,0
259,REG100260,29-03-2023,2023,Karnataka,Mangalore (KA-19),2W,Moped,KTM,Petrol,BS6,110,2,1
260,REG100261,27-04-2024,2024,Karnataka,Siliguri (WB-73),4W,SUV,Skoda,Petrol,BS6,1462,8,0
261,REG100262,11-06-2023,2023,Karnataka,Ahmedabad (GJ-01),HCV,Trailer,Eicher,Diesel,BS6,3760,2,1
262,REG100263,17-10-2020,2020,Karnataka,Ludhiana (PB-10),4W,MUV,Hyundai,Petrol,BS6,1968,7,4
263,REG100264,20-02-2024,2024,Karnataka,Kanpur (UP-78),4W,Hatchback,Renault,Hybrid,BS6,1968,6,0
264,REG100265,09-09-2023,2023,Karnataka,Hubli (KA-25),4W,MUV,Toyota,Petrol,BS6,1462,7,1
265,REG100266,13-11-2021,2021,Karnataka,Karimnagar (TS-01),2W,Moped,Ola Electric,EV,BS4,0,2,3
266,REG100267,19-07-2023,2023,Karnataka,Delhi Central (DL-01),2W,Motorcycle,Suzuki,CNG,BS6,200,2,1
267,REG100268,09-03-2023,2023,Karnataka,Jaipur (RJ-14),2W,Scooter,KTM,Petrol,BS6,110,2,1
268,REG100269,01-07-2019,2019,Karnataka,Salem (TN-30),2W,Moped,Ather,Petrol,BS4,0,2,5
269,REG100270,13-02-2021,2021,Karnataka,Belgaum (KA-22),4W,SUV,Honda,Petrol,BS6,0,6,3
270,REG100271,10-09-2021,2021,Karnataka,Patiala (PB-11),2W,Scooter,TVS,Petrol,BS6,125,2,3
271,REG100272,09-05-2023,2023,Karnataka,Mysore (KA-09),2W,Scooter,Royal Enfield,EV,BS6,0,2,1
272,REG100273,22-07-2019,2019,Karnataka,Thrissur (KL-08),4W,Sedan,MG,Petrol,BS4,1598,8,5
273,REG100274,22-12-2021,2021,Karnataka,Udaipur (RJ-27),2W,Moped,Ola Electric,Petrol,BS6,0,2,3
274,REG100275,09-09-2023,2023,Karnataka,Durgapur (WB-40),2W,Scooter,Yamaha,Petrol,BS6,0,2,1
275,REG100276,30-10-2024,2024,Karnataka,Delhi West (DL-08),2W,Scooter,Yamaha,Petrol,BS6,400,2,0
276,REG100277,20-12-2020,2020,Karnataka,Trichy (TN-45),2W,Moped,KTM,CNG,BS6,110,2,4
277,REG100278,05-08-2023,2023,Karnataka,Varanasi (UP-65),2W,Scooter,Bajaj,Petrol,BS6,250,2,1
278,REG100279,03-08-2022,2022,Karnataka,Mangalore (KA-19),OTH,Crane,Escorts,Diesel,BS6,0,1,2
279,REG100280,30-06-2020,2020,Karnataka,Ajmer (RJ-01),4W,Hatchback,Hyundai,Hybrid,BS4,1197,5,4
280,REG100281,24-04-2018,2018,Karnataka,Jalandhar (PB-08),HCV,Trailer,BharatBenz,Diesel,BS4,0,52,6
281,REG100282,14-12-2021,2021,Karnataka,Khammam (TS-07),4W,Sedan,MG,Diesel,BS4,0,6,3
282,REG100283,14-03-2019,2019,Karnataka,Jaipur (RJ-14),3W,E-Rickshaw,Mahindra,CNG,BS6,250,6,5
283,REG100284,23-12-2019,2019,Karnataka,Udaipur (RJ-27),4W,MUV,Toyota,Diesel,BS6,2179,7,5
284,REG100285,25-02-2024,2024,Karnataka,Hubli (KA-25),2W,Moped,Honda,Petrol,BS6,125,2,0
285,REG100286,29-04-2022,2022,Karnataka,Kochi (KL-07),3W,Tempo,Piaggio,CNG,BS6,0,7,2
286,REG100287,19-08-2023,2023,Karnataka,Coimbatore (TN-37),4W,MUV,Honda,Petrol,BS6,1968,8,1
287,REG100288,06-04-2019,2019,Karnataka,Pune (MH-12),2W,Moped,Honda,EV,BS4,0,2,5
288,REG100289,10-06-2022,2022,Karnataka,Jodhpur (RJ-19),3W,E-Rickshaw,Kinetic Green,Diesel,BS6,0,7,2
289,REG100290,27-12-2020,2020,Karnataka,Allahabad (UP-70),2W,Scooter,KTM,EV,BS4,0,2,4
290,REG100291,03-04-2020,2020,Karnataka,Patiala (PB-11),2W,Motorcycle,Yamaha,Petrol,BS6,200,2,4
291,REG100292,06-04-2022,2022,Karnataka,Kochi (KL-07),3W,E-Rickshaw,Atul Auto,CNG,BS6,0,7,2
292,REG100293,13-11-2020,2020,Karnataka,Warangal (TS-03),4W,MUV,Kia,Petrol,BS6,800,7,4
293,REG100294,17-12-2023,2023,Karnataka,Nashik (MH-15),2W,Scooter,Ather,EV,BS6,0,2,1
294,REG100295,30-05-2023,2023,Karnataka,Varanasi (UP-65),3W,Auto Rickshaw,Atul Auto,CNG,BS6,200,6,1
295,REG100296,09-10-2023,2023,Karnataka,Delhi South (DL-09),2W,Scooter,Ola Electric,Hybrid,BS6,0,2,1
296,REG100297,14-08-2023,2023,Karnataka,Belgaum (KA-22),2W,Moped,Yamaha,EV,BS6,0,2,1
297,REG100298,18-08-2024,2024,Karnataka,Delhi North (DL-04),2W,Moped,Bajaj,Petrol,BS6,160,2,0
298,REG100299,19-12-2023,2023,Karnataka,Jaipur (RJ-14),2W,Motorcycle,Bajaj,Petrol,BS6,200,2,1
299,REG100300,31-01-2023,2023,Karnataka,Kollam (KL-02),4W,Sedan,Skoda,Petrol,BS6,1598,7,1
300,REG100301,14-12-2022,2022,Karnataka,Patiala (PB-11),2W,Moped,Royal Enfield,Petrol,BS6,110,2,2
301,REG100302,08-05-2023,2023,Karnataka,Salem (TN-30),HCV,Trailer,MAN,Diesel,BS6,4998,32,1
302,REG100303,20-08-2023,2023,Karnataka,Delhi North (DL-04),3W,Tempo,Kinetic Green,CNG,BS6,200,7,1
303,REG100304,17-06-2022,2022,Karnataka,Mangalore (KA-19),3W,E-Rickshaw,Kinetic Green,Diesel,BS6,200,7,2
304,REG100305,19-04-2021,2021,Karnataka,Mangalore (KA-19),4W,SUV,Hyundai,Diesel,BS6,2179,7,3
305,REG100306,15-12-2024,2024,Karnataka,Kota (RJ-20),2W,Moped,TVS,EV,BS6,0,2,0
306,REG100307,13-08-2024,2024,Karnataka,Mumbai Central (MH-01),4W,MUV,Maruti Suzuki,Petrol,BS6,2179,5,0
307,REG100308,17-02-2024,2024,Karnataka,Kanpur (UP-78),OTH,Tractor,John Deere,Diesel,BS6,5660,32,0
308,REG100309,25-12-2023,2023,Karnataka,Hubli (KA-25),4W,Sedan,Maruti Suzuki,Diesel,BS6,1462,8,1
309,REG100310,26-04-2019,2019,Karnataka,Bhopal (MP-04),4W,Hatchback,Mahindra,Diesel,BS4,0,8,5
310,REG100311,28-04-2019,2019,Karnataka,Mumbai Central (MH-01),4W,Hatchback,Honda,EV,BS4,0,5,5
311,REG100312,10-03-2021,2021,Karnataka,Thiruvananthapuram (KL-01),2W,Scooter,Royal Enfield,Petrol,BS4,125,2,3
312,REG100313,19-03-2023,2023,Karnataka,Belgaum (KA-22),4W,Sedan,MG,Diesel,BS6,1968,8,1
313,REG100314,08-08-2023,2023,Karnataka,Delhi Central (DL-01),LCV,Mini Truck,Tata Motors,CNG,BS6,3298,9,1
314,REG100315,26-05-2022,2022,Karnataka,Delhi West (DL-08),4W,Sedan,Renault,CNG,BS6,800,7,2
315,REG100316,11-09-2023,2023,Karnataka,Delhi South (DL-09),4W,Sedan,Honda,Petrol,BS6,1968,5,1
316,REG100317,08-03-2024,2024,Karnataka,Delhi North (DL-04),4W,Hatchback,Renault,Petrol,BS6,1968,8,0
317,REG100318,15-05-2022,2022,Karnataka,Ajmer (RJ-01),4W,MUV,Hyundai,Petrol,BS6,1462,5,2
318,REG100319,26-12-2023,2023,Karnataka,Nashik (MH-15),3W,Tempo,Kinetic Green,Diesel,BS6,0,3,1
319,REG100320,15-04-2021,2021,Karnataka,Ujjain (MP-13),4W,Sedan,Kia,Petrol,BS6,1197,7,3
320,REG100321,30-01-2022,2022,Karnataka,Allahabad (UP-70),4W,Hatchback,Kia,EV,BS6,0,5,2
321,REG100322,31-03-2023,2023,Karnataka,Lucknow (UP-32),3W,Tempo,Bajaj,CNG,BS6,200,3,1
322,REG100323,13-05-2022,2022,Karnataka,Kochi (KL-07),4W,Sedan,MG,Diesel,BS6,1197,7,2
323,REG100324,26-09-2023,2023,Karnataka,Madurai (TN-58),4W,Hatchback,Maruti Suzuki,Diesel,BS6,1000,7,1
324,REG100325,18-10-2021,2021,Karnataka,Kollam (KL-02),4W,MUV,MG,Diesel,BS6,1197,7,3
325,REG100326,07-01-2022,2022,Karnataka,Madurai (TN-58),4W,Hatchback,Mahindra,Hybrid,BS6,1462,5,2
326,REG100327,02-12-2022,2022,Karnataka,Durgapur (WB-40),2W,Motorcycle,TVS,Petrol,BS6,250,2,2
327,REG100328,10-07-2023,2023,Karnataka,Delhi West (DL-08),2W,Moped,Yamaha,Petrol,BS6,110,2,1
328,REG100329,25-05-2019,2019,Karnataka,Hyderabad (TS-09),2W,Moped,Hero,Petrol,BS4,160,2,5
329,REG100330,15-11-2021,2021,Karnataka,Jaipur (RJ-14),4W,Hatchback,Toyota,Petrol,BS6,1462,8,3
330,REG100331,04-01-2023,2023,Karnataka,Ajmer (RJ-01),OTH,Tractor,Escorts,Petrol,BS6,6700,1,1
331,REG100332,12-07-2018,2018,Karnataka,Delhi South (DL-09),2W,Moped,Hero,Petrol,BS4,160,2,6
332,REG100333,30-12-2024,2024,Karnataka,Mysore (KA-09),3W,Auto Rickshaw,Mahindra,Diesel,BS6,250,3,0
333,REG100334,13-02-2024,2024,Karnataka,Pune (MH-12),LCV,Light Bus,Force Motors,CNG,BS6,2523,15,0
334,REG100335,02-05-2023,2023,Karnataka,Salem (TN-30),2W,Moped,Hero,EV,BS6,0,2,1
335,REG100336,20-05-2021,2021,Karnataka,Vadodara (GJ-06),HCV,Tanker,MAN,CNG,BS6,4998,1,3
336,REG100337,09-06-2020,2020,Karnataka,Delhi East (DL-02),4W,Hatchback,Tata Motors,Petrol,BS6,1968,5,4
337,REG100338,16-02-2022,2022,Karnataka,Nizamabad (TS-05),HCV,Bus,BharatBenz,Diesel,BS6,4998,32,2
338,REG100339,22-07-2023,2023,Karnataka,Kollam (KL-02),2W,Scooter,TVS,Petrol,BS6,400,2,1
339,REG100340,08-10-2024,2024,Karnataka,Nagpur (MH-31),2W,Motorcycle,Hero,Petrol,BS6,150,2,0
340,REG100341,24-04-2019,2019,Karnataka,Mangalore (KA-19),2W,Motorcycle,Honda,Petrol,BS6,125,2,5
341,REG100342,12-01-2022,2022,Karnataka,Delhi North (DL-04),2W,Moped,Honda,EV,BS6,0,2,2
342,REG100343,26-01-2018,2018,Karnataka,Delhi North (DL-04),4W,Hatchback,Toyota,Petrol,BS4,1197,8,6
343,REG100344,05-04-2020,2020,Karnataka,Thrissur (KL-08),3W,E-Rickshaw,Kinetic Green,Diesel,BS6,250,6,4
344,REG100345,30-07-2023,2023,Karnataka,Howrah (WB-13),2W,Moped,Ola Electric,Petrol,BS6,0,2,1
345,REG100346,07-05-2020,2020,Karnataka,Kolkata (WB-01),2W,Scooter,TVS,Petrol,BS6,400,2,4
346,REG100347,17-10-2023,2023,Karnataka,Nashik (MH-15),4W,SUV,MG,Diesel,BS6,0,7,1
347,REG100348,24-05-2018,2018,Karnataka,Agra (UP-80),2W,Scooter,Ola Electric,Petrol,BS3,0,2,6
348,REG100349,04-05-2019,2019,Karnataka,Asansol (WB-39),2W,Moped,Bajaj,Petrol,BS4,160,2,5
349,REG100350,01-04-2021,2021,Karnataka,Hyderabad (TS-09),4W,Sedan,Skoda,Diesel,BS6,1462,7,3
350,REG100351,16-10-2021,2021,Karnataka,Kozhikode (KL-11),HCV,Truck,MAN,CNG,BS6,4998,52,3
351,REG100352,05-11-2019,2019,Karnataka,Delhi North (DL-04),4W,Sedan,MG,Petrol,BS4,1462,5,5
352,REG100353,15-06-2021,2021,Karnataka,Karimnagar (TS-01),2W,Moped,Bajaj,Petrol,BS6,100,2,3
353,REG100354,10-07-2024,2024,Karnataka,Pune (MH-12),4W,Sedan,Hyundai,Diesel,BS6,1968,5,0
354,REG100355,11-06-2024,2024,Karnataka,Kota (RJ-20),2W,Motorcycle,Suzuki,EV,BS6,0,2,0
355,REG100356,13-07-2022,2022,Karnataka,Kollam (KL-02),4W,SUV,Mahindra,EV,BS6,0,7,2
356,REG100357,09-11-2020,2020,Karnataka,Coimbatore (TN-37),4W,MUV,Skoda,Petrol,BS6,1462,5,4
357,REG100358,21-11-2024,2024,Karnataka,Howrah (WB-13),2W,Motorcycle,Bajaj,Petrol,BS6,110,2,0
358,REG100359,12-05-2023,2023,Karnataka,Kozhikode (KL-11),2W,Scooter,Bajaj,Petrol,BS6,110,2,1
359,REG100360,12-07-2024,2024,Karnataka,Thiruvananthapuram (KL-01),2W,Scooter,Suzuki,Petrol,BS6,200,2,0
360,REG100361,25-03-2023,2023,Karnataka,Karimnagar (TS-01),2W,Scooter,Ola Electric,EV,BS6,0,2,1
361,REG100362,12-07-2019,2019,Karnataka,Bangalore Central (KA-01),2W,Scooter,Royal Enfield,Petrol,BS4,125,2,5
362,REG100363,26-12-2024,2024,Karnataka,Thiruvananthapuram (KL-01),4W,Hatchback,Toyota,CNG,BS6,800,8,0
363,REG100364,08-04-2019,2019,Karnataka,Indore (MP-09),4W,MUV,Tata Motors,Petrol,BS4,1968,7,5
364,REG100365,20-03-2022,2022,Karnataka,Gwalior (MP-07),2W,Motorcycle,Hero,Petrol,BS6,100,2,2
365,REG100366,15-04-2020,2020,Karnataka,Jaipur (RJ-14),2W,Scooter,Ola Electric,EV,BS6,0,2,4
366,REG100367,08-09-2023,2023,Karnataka,Gwalior (MP-07),OTH,Crane,Mahindra,Diesel,BS6,5660,1,1
367,REG100368,14-05-2020,2020,Karnataka,Ujjain (MP-13),2W,Scooter,Suzuki,Petrol,BS6,350,2,4
368,REG100369,07-12-2020,2020,Karnataka,Durgapur (WB-40),2W,Scooter,Ola Electric,Petrol,BS4,0,2,4
369,REG100370,25-09-2022,2022,Karnataka,Hubli (KA-25),4W,MUV,Skoda,Petrol,BS6,1968,8,2
370,REG100371,22-09-2018,2018,Karnataka,Ludhiana (PB-10),3W,Auto Rickshaw,Mahindra,Petrol,BS4,225,3,6
371,REG100372,10-02-2019,2019,Karnataka,Howrah (WB-13),HCV,Bus,Ashok Leyland,Diesel,BS4,6700,2,5
372,REG100373,14-02-2024,2024,Karnataka,Indore (MP-09),LCV,Pickup Van,Ashok Leyland,EV,BS6,0,15,0
373,REG100374,24-12-2024,2024,Karnataka,Allahabad (UP-70),2W,Scooter,Ather,EV,BS6,0,2,0
374,REG100375,25-10-2020,2020,Karnataka,Patiala (PB-11),4W,Hatchback,Honda,Petrol,BS6,1000,5,4
375,REG100376,20-10-2021,2021,Karnataka,Chandigarh (CH-01),4W,SUV,Honda,Petrol,BS6,2179,5,3
376,REG100377,22-07-2023,2023,Karnataka,Madurai (TN-58),2W,Moped,Ola Electric,CNG,BS6,0,2,1
377,REG100378,09-06-2018,2018,Karnataka,Kochi (KL-07),2W,Scooter,Royal Enfield,Petrol,BS4,160,2,6
378,REG100379,13-06-2024,2024,Karnataka,Kolkata (WB-01),OTH,Tractor,TAFE,Diesel,BS6,5660,45,0
379,REG100380,11-07-2022,2022,Karnataka,Chandigarh (CH-01),2W,Motorcycle,Suzuki,CNG,BS6,100,2,2
380,REG100381,19-10-2019,2019,Karnataka,Warangal (TS-03),2W,Moped,Ather,Petrol,BS4,0,2,5
381,REG100382,04-07-2018,2018,Karnataka,Coimbatore (TN-37),LCV,Mini Truck,Tata Motors,Diesel,BS4,2956,12,6
382,REG100383,08-09-2018,2018,Karnataka,Udaipur (RJ-27),3W,Tempo,Bajaj,EV,BS4,0,3,6
383,REG100384,16-02-2023,2023,Karnataka,Asansol (WB-39),4W,SUV,Tata Motors,Petrol,BS6,1498,5,1
384,REG100385,16-04-2023,2023,Karnataka,Lucknow (UP-32),2W,Moped,Bajaj,Petrol,BS6,160,2,1
385,REG100386,29-03-2024,2024,Karnataka,Jabalpur (MP-20),3W,Tempo,Bajaj,Diesel,BS6,200,3,0
386,REG100387,23-08-2024,2024,Karnataka,Gandhinagar (GJ-18),4W,SUV,Kia,Diesel,BS6,1498,6,0
387,REG100388,11-07-2018,2018,Karnataka,Durgapur (WB-40),4W,MUV,Skoda,Petrol,BS4,0,7,6
388,REG100389,14-05-2021,2021,Karnataka,Ahmedabad (GJ-01),3W,E-Rickshaw,TVS,EV,BS6,0,3,3
389,REG100390,13-03-2023,2023,Karnataka,Trichy (TN-45),4W,Hatchback,Skoda,Diesel,BS6,800,8,1
390,REG100391,20-10-2018,2018,Karnataka,Vadodara (GJ-06),LCV,Pickup Van,Force Motors,EV,BS4,0,12,6
391,REG100392,03-12-2021,2021,Karnataka,Kochi (KL-07),4W,MUV,Toyota,Diesel,BS6,0,6,3
392,REG100393,04-04-2023,2023,Karnataka,Ahmedabad (GJ-01),3W,Tempo,TVS,Petrol,BS6,250,7,1
393,REG100394,10-07-2023,2023,Karnataka,Mysore (KA-09),2W,Moped,Royal Enfield,Petrol,BS6,160,2,1
394,REG100395,24-10-2024,2024,Karnataka,Amritsar (PB-02),3W,Auto Rickshaw,Mahindra,CNG,BS6,200,6,0
395,REG100396,19-03-2021,2021,Karnataka,Delhi South (DL-09),2W,Moped,Suzuki,EV,BS6,0,2,3
396,REG100397,03-04-2021,2021,Karnataka,Delhi West (DL-08),2W,Moped,KTM,Petrol,BS6,110,2,3
397,REG100398,21-05-2018,2018,Karnataka,Durgapur (WB-40),4W,Sedan,Toyota,EV,BS4,0,6,6
398,REG100399,26-07-2022,2022,Karnataka,Ludhiana (PB-10),3W,Auto Rickshaw,Piaggio,EV,BS6,0,6,2
399,REG100400,28-09-2024,2024,Karnataka,Lucknow (UP-32),2W,Motorcycle,Yamaha,Petrol,BS6,150,2,0
400,REG100401,07-03-2024,2024,Karnataka,Mumbai Central (MH-01),4W,Sedan,Mahindra,EV,BS6,0,8,0
401,REG100402,23-09-2024,2024,Karnataka,Khammam (TS-07),2W,Motorcycle,Hero,Petrol,BS6,0,2,0
402,REG100403,02-07-2024,2024,Karnataka,Nizamabad (TS-05),2W,Moped,TVS,Petrol,BS6,150,2,0
403,REG100404,16-09-2023,2023,Karnataka,Salem (TN-30),2W,Motorcycle,TVS,Petrol,BS6,125,2,1
404,REG100405,15-11-2020,2020,Karnataka,Hubli (KA-25),4W,Hatchback,Honda,EV,BS6,0,5,4
405,REG100406,14-07-2019,2019,Karnataka,Bhopal (MP-04),4W,Hatchback,Maruti Suzuki,EV,BS4,0,7,5
406,REG100407,06-12-2022,2022,Karnataka,Howrah (WB-13),2W,Moped,Hero,Petrol,BS6,400,2,2
407,REG100408,02-03-2022,2022,Karnataka,Gandhinagar (GJ-18),4W,Sedan,Honda,Petrol,BS6,1498,5,2
408,REG100409,26-12-2024,2024,Karnataka,Mangalore (KA-19),2W,Motorcycle,Royal Enfield,EV,BS6,0,2,0
409,REG100410,30-04-2024,2024,Karnataka,Surat (GJ-05),2W,Scooter,Bajaj,CNG,BS6,100,2,0
410,REG100411,18-09-2024,2024,Karnataka,Mumbai Central (MH-01),LCV,Light Bus,Force Motors,Diesel,BS6,2523,15,0
411,REG100412,15-05-2024,2024,Karnataka,Thiruvananthapuram (KL-01),LCV,Light Bus,Mahindra,Diesel,BS6,0,9,0
412,REG100413,01-03-2021,2021,Karnataka,Mysore (KA-09),LCV,Pickup Van,Ashok Leyland,CNG,BS6,2523,9,3
413,REG100414,17-05-2024,2024,Karnataka,Pune (MH-12),4W,Sedan,Toyota,Diesel,BS6,1000,7,0
414,REG100415,02-09-2023,2023,Karnataka,Jodhpur (RJ-19),2W,Scooter,KTM,Petrol,BS6,250,2,1
415,REG100416,05-09-2019,2019,Karnataka,Indore (MP-09),2W,Moped,Hero,Petrol,BS4,0,2,5
416,REG100417,08-03-2018,2018,Karnataka,Jabalpur (MP-20),2W,Scooter,Yamaha,EV,BS4,0,2,6
417,REG100418,07-01-2021,2021,Karnataka,Kolkata (WB-01),LCV,Pickup Van,Tata Motors,Diesel,BS6,2956,15,3
418,REG100419,08-05-2022,2022,Karnataka,Ajmer (RJ-01),3W,Tempo,Atul Auto,CNG,BS6,0,6,2
419,REG100420,16-09-2018,2018,Karnataka,Jabalpur (MP-20),2W,Moped,Ola Electric,Petrol,BS4,0,2,6
420,REG100421,26-01-2021,2021,Karnataka,Howrah (WB-13),2W,Scooter,Yamaha,Petrol,BS6,400,2,3
421,REG100422,18-08-2022,2022,Karnataka,Delhi South (DL-09),4W,MUV,Mahindra,Petrol,BS6,1000,8,2
422,REG100423,13-10-2021,2021,Karnataka,Durgapur (WB-40),2W,Scooter,Hero,Petrol,BS6,400,2,3
423,REG100424,21-08-2020,2020,Karnataka,Mumbai Central (MH-01),4W,SUV,Renault,CNG,BS4,1598,7,4
424,REG100425,03-12-2022,2022,Karnataka,Pune (MH-12),LCV,Pickup Van,Eicher,EV,BS6,0,15,2
425,REG100426,30-05-2021,2021,Karnataka,Kolkata (WB-01),2W,Moped,Bajaj,Petrol,BS6,400,2,3
426,REG100427,28-07-2020,2020,Karnataka,Nizamabad (TS-05),4W,Hatchback,Tata Motors,Diesel,BS4,1000,7,4
427,REG100428,23-06-2023,2023,Karnataka,Ludhiana (PB-10),2W,Scooter,Bajaj,EV,BS6,0,2,1
428,REG100429,10-03-2023,2023,Karnataka,Lucknow (UP-32),HCV,Truck,BharatBenz,Diesel,BS6,6700,1,1
429,REG100430,31-03-2024,2024,Karnataka,Hyderabad (TS-09),4W,MUV,Skoda,Diesel,BS6,1197,6,0
430,REG100431,21-12-2021,2021,Karnataka,Mangalore (KA-19),4W,SUV,Renault,Diesel,BS6,1462,7,3
431,REG100432,20-09-2021,2021,Karnataka,Agra (UP-80),OTH,Crane,TAFE,Diesel,BS6,5660,52,3
432,REG100433,26-06-2023,2023,Karnataka,Ajmer (RJ-01),4W,Sedan,Mahindra,CNG,BS6,1197,6,1
433,REG100434,26-10-2021,2021,Karnataka,Khammam (TS-07),4W,SUV,Hyundai,Hybrid,BS6,1968,7,3
434,REG100435,13-04-2018,2018,Karnataka,Lucknow (UP-32),3W,Auto Rickshaw,Mahindra,CNG,BS4,250,3,6
435,REG100436,03-07-2023,2023,Karnataka,Vadodara (GJ-06),2W,Motorcycle,Royal Enfield,Petrol,BS6,350,2,1
436,REG100437,19-07-2023,2023,Karnataka,Belgaum (KA-22),LCV,Light Bus,Eicher,Diesel,BS6,2956,15,1
437,REG100438,10-06-2021,2021,Karnataka,Kozhikode (KL-11),4W,Hatchback,Honda,Diesel,BS6,0,5,3
438,REG100439,08-07-2023,2023,Karnataka,Nagpur (MH-31),2W,Scooter,Bajaj,EV,BS6,0,2,1
439,REG100440,08-02-2022,2022,Karnataka,Khammam (TS-07),2W,Moped,Bajaj,Petrol,BS6,125,2,2
440,REG100441,24-03-2022,2022,Karnataka,Trichy (TN-45),2W,Motorcycle,Suzuki,Petrol,BS6,0,2,2
441,REG100442,01-11-2020,2020,Karnataka,Ahmedabad (GJ-01),2W,Moped,TVS,Petrol,BS6,100,2,4
442,REG100443,29-12-2022,2022,Karnataka,Ujjain (MP-13),LCV,Pickup Van,Force Motors,CNG,BS6,3298,15,2
443,REG100444,17-02-2022,2022,Karnataka,Delhi East (DL-02),3W,Tempo,Piaggio,Diesel,BS6,250,3,2
444,REG100445,15-10-2022,2022,Karnataka,Delhi West (DL-08),2W,Scooter,Bajaj,Hybrid,BS6,100,2,2
445,REG100446,15-12-2020,2020,Karnataka,Hubli (KA-25),2W,Moped,Ola Electric,EV,BS6,0,2,4
446,REG100447,10-07-2024,2024,Karnataka,Lucknow (UP-32),2W,Moped,Royal Enfield,Petrol,BS6,400,2,0
447,REG100448,19-02-2021,2021,Karnataka,Karimnagar (TS-01),3W,E-Rickshaw,Kinetic Green,CNG,BS6,225,7,3
448,REG100449,16-04-2022,2022,Karnataka,Hyderabad (TS-09),4W,Sedan,Mahindra,EV,BS6,0,8,2
449,REG100450,14-02-2023,2023,Karnataka,Bhopal (MP-04),4W,Sedan,Maruti Suzuki,Diesel,BS6,1000,5,1
450,REG100451,27-07-2021,2021,Karnataka,Madurai (TN-58),4W,Sedan,Kia,Diesel,BS6,1968,7,3
451,REG100452,24-01-2023,2023,Karnataka,Nashik (MH-15),4W,Hatchback,Skoda,Petrol,BS6,1000,7,1
452,REG100453,13-08-2019,2019,Karnataka,Hyderabad (TS-09),2W,Moped,Royal Enfield,EV,BS6,0,2,5
453,REG100454,01-06-2023,2023,Karnataka,Lucknow (UP-32),3W,Tempo,Piaggio,CNG,BS6,225,6,1
454,REG100455,03-01-2020,2020,Karnataka,Gwalior (MP-07),HCV,Truck,Eicher,Diesel,BS6,0,52,4
455,REG100456,26-06-2023,2023,Karnataka,Allahabad (UP-70),4W,Hatchback,Kia,Petrol,BS6,1462,8,1
456,REG100457,28-02-2023,2023,Karnataka,Ujjain (MP-13),2W,Motorcycle,Bajaj,EV,BS6,0,2,1
457,REG100458,10-12-2022,2022,Karnataka,Ujjain (MP-13),LCV,Light Bus,Force Motors,CNG,BS6,2523,12,2
458,REG100459,01-05-2019,2019,Karnataka,Mysore (KA-09),4W,MUV,Toyota,Diesel,BS4,1000,7,5
459,REG100460,06-06-2021,2021,Karnataka,Chandigarh (CH-01),LCV,Pickup Van,Force Motors,Diesel,BS6,2956,15,3
460,REG100461,31-12-2021,2021,Karnataka,Amritsar (PB-02),4W,MUV,Tata Motors,Petrol,BS6,1968,7,3
461,REG100462,06-06-2022,2022,Karnataka,Jodhpur (RJ-19),4W,SUV,MG,Diesel,BS4,2179,5,2
462,REG100463,16-11-2020,2020,Karnataka,Trichy (TN-45),2W,Scooter,TVS,EV,BS4,0,2,4
463,REG100464,30-10-2022,2022,Karnataka,Thiruvananthapuram (KL-01),LCV,Light Bus,Tata Motors,CNG,BS4,2956,9,2
464,REG100465,29-10-2021,2021,Karnataka,Nizamabad (TS-05),4W,MUV,Tata Motors,Diesel,BS4,1498,6,3
465,REG100466,11-11-2018,2018,Karnataka,Asansol (WB-39),3W,E-Rickshaw,TVS,Diesel,BS4,225,7,6
466,REG100467,04-09-2024,2024,Karnataka,Salem (TN-30),2W,Moped,Ola Electric,EV,BS6,0,2,0
467,REG100468,09-12-2021,2021,Karnataka,Pune (MH-12),4W,Sedan,Hyundai,Petrol,BS6,1462,7,3
468,REG100469,24-09-2021,2021,Karnataka,Varanasi (UP-65),HCV,Truck,Tata Motors,Diesel,BS6,5660,32,3
469,REG100470,22-09-2022,2022,Karnataka,Patiala (PB-11),4W,MUV,Honda,Diesel,BS6,1498,8,2
470,REG100471,13-09-2024,2024,Karnataka,Delhi South (DL-09),2W,Scooter,KTM,EV,BS6,0,2,0
471,REG100472,04-07-2020,2020,Karnataka,Howrah (WB-13),2W,Moped,Royal Enfield,Petrol,BS6,0,2,4
472,REG100473,03-09-2019,2019,Karnataka,Thiruvananthapuram (KL-01),4W,MUV,Toyota,Hybrid,BS4,2179,6,5
473,REG100474,31-10-2018,2018,Karnataka,Ludhiana (PB-10),4W,MUV,Maruti Suzuki,Petrol,BS4,1197,6,6
474,REG100475,21-09-2020,2020,Karnataka,Ujjain (MP-13),2W,Moped,TVS,Petrol,BS6,250,2,4
475,REG100476,04-09-2022,2022,Karnataka,Patiala (PB-11),4W,SUV,Hyundai,Petrol,BS6,1197,6,2
476,REG100477,27-03-2023,2023,Karnataka,Allahabad (UP-70),2W,Moped,TVS,EV,BS6,0,2,1
477,REG100478,14-04-2019,2019,Karnataka,Asansol (WB-39),4W,Sedan,Honda,Diesel,BS4,0,8,5
478,REG100479,15-09-2018,2018,Karnataka,Trichy (TN-45),2W,Scooter,Ola Electric,EV,BS4,0,2,6
479,REG100480,24-12-2022,2022,Karnataka,Mangalore (KA-19),4W,Hatchback,Honda,Diesel,BS6,0,8,2
480,REG100481,23-12-2023,2023,Karnataka,Delhi North (DL-04),4W,MUV,Toyota,CNG,BS6,1000,8,1
481,REG100482,29-07-2022,2022,Karnataka,Madurai (TN-58),3W,Auto Rickshaw,Bajaj,CNG,BS6,250,3,2
482,REG100483,19-12-2021,2021,Karnataka,Mumbai Central (MH-01),4W,Hatchback,Renault,Petrol,BS6,1598,8,3
483,REG100484,05-08-2021,2021,Karnataka,Jaipur (RJ-14),2W,Moped,Ola Electric,Petrol,BS6,0,2,3
484,REG100485,12-10-2020,2020,Karnataka,Ajmer (RJ-01),2W,Moped,Suzuki,Hybrid,BS6,350,2,4
485,REG100486,28-12-2022,2022,Karnataka,Madurai (TN-58),4W,MUV,Kia,Petrol,BS4,1968,6,2
486,REG100487,22-06-2020,2020,Karnataka,Bhopal (MP-04),4W,MUV,Tata Motors,Petrol,BS6,0,5,4
487,REG100488,11-08-2022,2022,Karnataka,Salem (TN-30),HCV,Truck,Tata Motors,Diesel,BS6,3760,1,2
488,REG100489,11-11-2021,2021,Karnataka,Surat (GJ-05),2W,Moped,Hero,CNG,BS6,400,2,3
489,REG100490,23-09-2018,2018,Karnataka,Gandhinagar (GJ-18),2W,Motorcycle,KTM,EV,BS4,0,2,6
490,REG100491,03-05-2023,2023,Karnataka,Delhi Central (DL-01),4W,Sedan,Skoda,Petrol,BS6,800,6,1
491,REG100492,08-01-2022,2022,Karnataka,Hubli (KA-25),4W,SUV,Honda,Diesel,BS6,1000,5,2
492,REG100493,20-08-2020,2020,Karnataka,Nizamabad (TS-05),4W,SUV,Toyota,Petrol,BS6,1968,5,4
493,REG100494,01-03-2022,2022,Karnataka,Surat (GJ-05),2W,Motorcycle,Ather,Petrol,BS6,0,2,2
494,REG100495,05-05-2022,2022,Karnataka,Gandhinagar (GJ-18),4W,SUV,MG,Diesel,BS4,1598,8,2
495,REG100496,20-11-2020,2020,Karnataka,Jabalpur (MP-20),LCV,Mini Truck,Force Motors,Diesel,BS6,2956,15,4
496,REG100497,15-05-2022,2022,Karnataka,Kochi (KL-07),4W,MUV,Toyota,Diesel,BS6,1462,7,2
497,REG100498,09-06-2024,2024,Karnataka,Mangalore (KA-19),4W,SUV,Hyundai,CNG,BS6,1598,6,0
498,REG100499,04-05-2023,2023,Karnataka,Amritsar (PB-02),2W,Moped,Bajaj,EV,BS6,0,2,1
499,REG100500,02-03-2020,2020,Karnataka,Delhi East (DL-02),2W,Motorcycle,Ola Electric,Petrol,BS6,0,2,4
500,REG100501,22-10-2023,2023,Karnataka,Jabalpur (MP-20),4W,Hatchback,MG,Diesel,BS6,1498,8,1
501,REG100502,02-09-2018,2018,Karnataka,Trichy (TN-45),2W,Motorcycle,Ola Electric,Petrol,BS4,0,2,6
502,REG100503,22-09-2024,2024,Karnataka,Aurangabad (MH-20),2W,Moped,TVS,EV,BS6,0,2,0
503,REG100504,10-11-2019,2019,Karnataka,Jaipur (RJ-14),2W,Motorcycle,Suzuki,EV,BS4,0,2,5
504,REG100505,13-09-2021,2021,Karnataka,Trichy (TN-45),2W,Scooter,KTM,EV,BS6,0,2,3
505,REG100506,20-10-2021,2021,Karnataka,Delhi North (DL-04),4W,SUV,Toyota,Diesel,BS6,1197,6,3
506,REG100507,17-03-2020,2020,Karnataka,Hubli (KA-25),4W,MUV,Honda,Petrol,BS4,2179,5,4
507,REG100508,03-06-2023,2023,Karnataka,Salem (TN-30),3W,Tempo,Atul Auto,EV,BS6,0,7,1
508,REG100509,31-08-2020,2020,Karnataka,Chandigarh (CH-01),2W,Moped,TVS,Petrol,BS6,110,2,4
509,REG100510,25-06-2024,2024,Karnataka,Durgapur (WB-40),2W,Scooter,Ather,EV,BS6,0,2,0
510,REG100511,29-11-2022,2022,Karnataka,Lucknow (UP-32),2W,Moped,Ola Electric,Petrol,BS6,0,2,2
511,REG100512,10-02-2023,2023,Karnataka,Madurai (TN-58),2W,Moped,Ather,EV,BS6,0,2,1
512,REG100513,04-08-2023,2023,Karnataka,Amritsar (PB-02),3W,Auto Rickshaw,Piaggio,EV,BS6,0,3,1
513,REG100514,06-11-2021,2021,Karnataka,Mysore (KA-09),2W,Scooter,Yamaha,EV,BS6,0,2,3
514,REG100515,26-03-2024,2024,Karnataka,Rajkot (GJ-03),4W,SUV,Skoda,Diesel,BS6,1197,5,0
515,REG100516,02-02-2021,2021,Karnataka,Coimbatore (TN-37),4W,Hatchback,Mahindra,Petrol,BS6,2179,5,3
516,REG100517,02-12-2022,2022,Karnataka,Nashik (MH-15),3W,Auto Rickshaw,Bajaj,CNG,BS6,0,6,2
517,REG100518,15-01-2022,2022,Karnataka,Delhi East (DL-02),4W,MUV,Tata Motors,Petrol,BS6,800,7,2
518,REG100519,04-10-2022,2022,Karnataka,Udaipur (RJ-27),3W,Tempo,TVS,EV,BS6,0,7,2
519,REG100520,27-06-2023,2023,Karnataka,Jalandhar (PB-08),4W,MUV,Renault,EV,BS6,0,6,1
520,REG100521,25-09-2021,2021,Karnataka,Mangalore (KA-19),2W,Scooter,Royal Enfield,Petrol,BS6,125,2,3
521,REG100522,02-06-2024,2024,Karnataka,Kota (RJ-20),3W,Auto Rickshaw,Kinetic Green,Diesel,BS6,200,6,0
522,REG100523,11-08-2020,2020,Karnataka,Gandhinagar (GJ-18),2W,Motorcycle,Ather,Petrol,BS6,0,2,4
523,REG100524,17-11-2021,2021,Karnataka,Delhi East (DL-02),4W,MUV,Honda,Petrol,BS6,1462,7,3
524,REG100525,26-02-2020,2020,Karnataka,Gandhinagar (GJ-18),4W,MUV,Mahindra,Petrol,BS6,2179,8,4
525,REG100526,12-01-2018,2018,Karnataka,Gandhinagar (GJ-18),3W,E-Rickshaw,Bajaj,CNG,BS4,225,3,6
526,REG100527,10-09-2019,2019,Karnataka,Vadodara (GJ-06),2W,Scooter,Hero,Petrol,BS4,150,2,5
527,REG100528,19-06-2023,2023,Karnataka,Udaipur (RJ-27),2W,Scooter,Yamaha,EV,BS6,0,2,1
528,REG100529,09-05-2022,2022,Karnataka,Chennai Central (TN-01),2W,Scooter,Honda,EV,BS6,0,2,2
529,REG100530,07-05-2023,2023,Karnataka,Mumbai Central (MH-01),OTH,Road Roller,TAFE,Diesel,BS6,3760,2,1
530,REG100531,15-06-2023,2023,Karnataka,Kolkata (WB-01),3W,Auto Rickshaw,Mahindra,Diesel,BS6,225,7,1
531,REG100532,04-07-2023,2023,Karnataka,Thiruvananthapuram (KL-01),4W,Hatchback,Kia,Diesel,BS6,800,6,1
532,REG100533,03-03-2023,2023,Karnataka,Mysore (KA-09),4W,SUV,Maruti Suzuki,Petrol,BS6,1968,6,1
533,REG100534,08-05-2021,2021,Karnataka,Mumbai Central (MH-01),4W,MUV,Skoda,Petrol,BS6,1197,8,3
534,REG100535,26-12-2021,2021,Karnataka,Belgaum (KA-22),2W,Moped,Hero,Petrol,BS6,400,2,3
535,REG100536,09-04-2023,2023,Karnataka,Mysore (KA-09),3W,E-Rickshaw,Atul Auto,EV,BS6,0,7,1
536,REG100537,31-05-2023,2023,Karnataka,Agra (UP-80),4W,SUV,Maruti Suzuki,Diesel,BS6,0,8,1
537,REG100538,11-10-2022,2022,Karnataka,Delhi South (DL-09),2W,Scooter,Yamaha,CNG,BS6,125,2,2
538,REG100539,23-11-2021,2021,Karnataka,Belgaum (KA-22),2W,Scooter,Royal Enfield,EV,BS6,0,2,3
539,REG100540,02-02-2023,2023,Karnataka,Kanpur (UP-78),LCV,Light Bus,Ashok Leyland,EV,BS6,0,9,1
540,REG100541,14-06-2021,2021,Karnataka,Karimnagar (TS-01),4W,Sedan,Skoda,Petrol,BS6,1000,5,3
541,REG100542,08-04-2020,2020,Karnataka,Hyderabad (TS-09),2W,Motorcycle,TVS,Petrol,BS6,110,2,4
542,REG100543,12-05-2023,2023,Karnataka,Aurangabad (MH-20),4W,MUV,MG,Diesel,BS6,800,7,1
543,REG100544,28-08-2022,2022,Karnataka,Delhi South (DL-09),4W,Hatchback,Mahindra,EV,BS6,0,7,2
544,REG100545,06-02-2022,2022,Karnataka,Karimnagar (TS-01),4W,Hatchback,Skoda,Petrol,BS6,1498,5,2
545,REG100546,27-09-2021,2021,Karnataka,Delhi South (DL-09),2W,Moped,Bajaj,EV,BS6,0,2,3
546,REG100547,12-12-2023,2023,Karnataka,Ludhiana (PB-10),4W,MUV,Hyundai,Hybrid,BS6,2179,8,1
547,REG100548,04-11-2023,2023,Karnataka,Mysore (KA-09),4W,MUV,Renault,Diesel,BS6,2179,7,1
548,REG100549,15-06-2023,2023,Karnataka,Ajmer (RJ-01),OTH,Crane,John Deere,Diesel,BS6,0,2,1
549,REG100550,22-07-2024,2024,Karnataka,Patiala (PB-11),2W,Moped,Royal Enfield,Petrol,BS6,100,2,0
550,REG100551,04-01-2019,2019,Karnataka,Thiruvananthapuram (KL-01),OTH,Road Roller,Mahindra,Diesel,BS4,5660,2,5
551,REG100552,20-10-2022,2022,Karnataka,Delhi West (DL-08),2W,Moped,Royal Enfield,EV,BS6,0,2,2
552,REG100553,08-05-2021,2021,Karnataka,Bangalore Central (KA-01),3W,Auto Rickshaw,Piaggio,CNG,BS6,225,6,3
553,REG100554,30-03-2021,2021,Karnataka,Ahmedabad (GJ-01),4W,Sedan,Hyundai,Hybrid,BS6,2179,5,3
554,REG100555,21-06-2023,2023,Karnataka,Amritsar (PB-02),2W,Moped,Suzuki,Petrol,BS6,200,2,1
555,REG100556,06-01-2023,2023,Karnataka,Varanasi (UP-65),HCV,Truck,Ashok Leyland,EV,BS6,0,1,1
556,REG100557,24-04-2021,2021,Karnataka,Gandhinagar (GJ-18),2W,Moped,Ola Electric,Petrol,BS6,0,2,3
557,REG100558,29-05-2019,2019,Karnataka,Nashik (MH-15),OTH,Road Roller,Escorts,Diesel,BS4,6700,2,5
558,REG100559,24-07-2021,2021,Karnataka,Madurai (TN-58),2W,Moped,Hero,EV,BS6,0,2,3
559,REG100560,20-10-2022,2022,Karnataka,Kanpur (UP-78),4W,MUV,Renault,Petrol,BS6,1462,6,2
560,REG100561,27-02-2024,2024,Karnataka,Delhi Central (DL-01),2W,Scooter,Yamaha,CNG,BS6,250,2,0
561,REG100562,06-06-2023,2023,Karnataka,Agra (UP-80),2W,Scooter,Yamaha,EV,BS6,0,2,1
562,REG100563,13-04-2022,2022,Karnataka,Ajmer (RJ-01),4W,MUV,Skoda,Petrol,BS6,1598,6,2
563,REG100564,08-01-2024,2024,Karnataka,Thiruvananthapuram (KL-01),2W,Motorcycle,Bajaj,EV,BS6,0,2,0
564,REG100565,18-04-2020,2020,Karnataka,Thiruvananthapuram (KL-01),2W,Scooter,Hero,Petrol,BS6,150,2,4
565,REG100566,23-12-2024,2024,Karnataka,Khammam (TS-07),4W,MUV,Skoda,Hybrid,BS6,800,8,0
566,REG100567,12-11-2020,2020,Karnataka,Patiala (PB-11),2W,Motorcycle,Hero,Petrol,BS4,160,2,4
567,REG100568,04-12-2023,2023,Karnataka,Nashik (MH-15),4W,Hatchback,Hyundai,Diesel,BS6,1598,5,1
568,REG100569,29-12-2024,2024,Karnataka,Nagpur (MH-31),LCV,Light Bus,Force Motors,Diesel,BS6,2523,12,0
569,REG100570,30-12-2024,2024,Karnataka,Asansol (WB-39),4W,Sedan,Mahindra,Diesel,BS6,800,5,0
570,REG100571,16-12-2020,2020,Karnataka,Delhi South (DL-09),2W,Scooter,Suzuki,Hybrid,BS6,200,2,4
571,REG100572,16-01-2023,2023,Karnataka,Kota (RJ-20),2W,Moped,Royal Enfield,Petrol,BS6,400,2,1
572,REG100573,14-12-2023,2023,Karnataka,Surat (GJ-05),2W,Scooter,TVS,Petrol,BS6,0,2,1
573,REG100574,17-06-2024,2024,Karnataka,Indore (MP-09),2W,Moped,TVS,Petrol,BS6,350,2,0
574,REG100575,12-03-2023,2023,Karnataka,Warangal (TS-03),2W,Motorcycle,Ola Electric,EV,BS6,0,2,1
575,REG100576,11-06-2024,2024,Karnataka,Kollam (KL-02),LCV,Pickup Van,Mahindra,CNG,BS6,2523,15,0
576,REG100577,30-07-2021,2021,Karnataka,Hyderabad (TS-09),2W,Motorcycle,Hero,Hybrid,BS6,160,2,3
577,REG100578,09-11-2020,2020,Karnataka,Durgapur (WB-40),2W,Motorcycle,Honda,Petrol,BS4,0,2,4
578,REG100579,02-07-2020,2020,Karnataka,Gandhinagar (GJ-18),4W,Sedan,Skoda,Petrol,BS6,1000,8,4
579,REG100580,30-08-2024,2024,Karnataka,Trichy (TN-45),LCV,Pickup Van,Ashok Leyland,Diesel,BS6,2956,9,0
580,REG100581,13-04-2020,2020,Karnataka,Delhi East (DL-02),2W,Motorcycle,Royal Enfield,Petrol,BS4,150,2,4
581,REG100582,07-05-2023,2023,Karnataka,Mysore (KA-09),HCV,Tanker,Eicher,Diesel,BS6,6700,45,1
582,REG100583,20-10-2022,2022,Karnataka,Aurangabad (MH-20),4W,MUV,Toyota,Diesel,BS6,0,5,2
583,REG100584,21-01-2022,2022,Karnataka,Hyderabad (TS-09),3W,Auto Rickshaw,Piaggio,EV,BS6,0,7,2
584,REG100585,25-08-2023,2023,Karnataka,Bhopal (MP-04),2W,Scooter,Suzuki,Petrol,BS6,125,2,1
585,REG100586,20-08-2022,2022,Karnataka,Agra (UP-80),4W,Hatchback,Renault,Petrol,BS6,1000,5,2
586,REG100587,02-04-2021,2021,Karnataka,Trichy (TN-45),HCV,Bus,BharatBenz,Diesel,BS6,6700,52,3
587,REG100588,25-03-2023,2023,Karnataka,Kochi (KL-07),LCV,Mini Truck,Ashok Leyland,Diesel,BS6,2523,9,1
588,REG100589,10-11-2021,2021,Karnataka,Mangalore (KA-19),4W,Hatchback,Renault,EV,BS6,0,8,3
589,REG100590,24-03-2024,2024,Karnataka,Karimnagar (TS-01),2W,Motorcycle,Yamaha,EV,BS6,0,2,0
590,REG100591,09-03-2023,2023,Karnataka,Chennai Central (TN-01),2W,Scooter,KTM,Petrol,BS6,150,2,1
591,REG100592,03-01-2024,2024,Karnataka,Aurangabad (MH-20),4W,Hatchback,MG,Diesel,BS6,2179,6,0
592,REG100593,04-01-2019,2019,Karnataka,Delhi South (DL-09),4W,MUV,Honda,Diesel,BS4,1462,7,5
593,REG100594,27-06-2020,2020,Karnataka,Patiala (PB-11),4W,Sedan,Maruti Suzuki,Petrol,BS6,800,6,4
594,REG100595,02-04-2018,2018,Karnataka,Aurangabad (MH-20),LCV,Pickup Van,Ashok Leyland,Diesel,BS4,2956,15,6
595,REG100596,17-02-2022,2022,Karnataka,Gandhinagar (GJ-18),4W,Sedan,MG,Hybrid,BS6,1498,7,2
596,REG100597,04-03-2021,2021,Karnataka,Udaipur (RJ-27),4W,MUV,Renault,Petrol,BS6,1498,7,3
597,REG100598,19-11-2018,2018,Karnataka,Karimnagar (TS-01),3W,Tempo,Piaggio,EV,BS4,0,6,6
598,REG100599,26-09-2024,2024,Karnataka,Kollam (KL-02),HCV,Trailer,BharatBenz,Diesel,BS6,0,52,0
599,REG100600,03-04-2023,2023,Karnataka,Jodhpur (RJ-19),4W,MUV,Renault,Hybrid,BS6,1462,7,1
600,REG100601,31-07-2024,2024,Karnataka,Delhi Central (DL-01),2W,Scooter,Honda,CNG,BS6,250,2,0
601,REG100602,25-05-2023,2023,Karnataka,Nagpur (MH-31),2W,Moped,Bajaj,Petrol,BS6,160,2,1
602,REG100603,20-06-2018,2018,Karnataka,Hubli (KA-25),2W,Moped,Yamaha,Hybrid,BS4,200,2,6
603,REG100604,11-12-2021,2021,Karnataka,Allahabad (UP-70),4W,Hatchback,Tata Motors,Petrol,BS6,2179,8,3
604,REG100605,30-07-2024,2024,Karnataka,Pune (MH-12),3W,Tempo,Mahindra,EV,BS6,0,7,0
605,REG100606,17-12-2018,2018,Karnataka,Gandhinagar (GJ-18),4W,SUV,Renault,Diesel,BS4,1598,7,6
606,REG100607,20-10-2023,2023,Karnataka,Mysore (KA-09),2W,Motorcycle,Yamaha,Petrol,BS6,0,2,1
607,REG100608,14-02-2018,2018,Karnataka,Kanpur (UP-78),4W,SUV,Toyota,EV,BS4,0,6,6
608,REG100609,11-07-2021,2021,Karnataka,Udaipur (RJ-27),4W,SUV,Mahindra,Diesel,BS6,800,6,3
609,REG100610,25-09-2020,2020,Karnataka,Mangalore (KA-19),3W,E-Rickshaw,Atul Auto,CNG,BS6,250,6,4
610,REG100611,25-09-2018,2018,Karnataka,Chennai Central (TN-01),4W,Sedan,Mahindra,Hybrid,BS4,1000,5,6
611,REG100612,23-09-2024,2024,Karnataka,Ahmedabad (GJ-01),4W,Hatchback,Toyota,Diesel,BS6,1498,5,0
612,REG100613,29-09-2020,2020,Karnataka,Amritsar (PB-02),4W,Sedan,Toyota,Petrol,BS6,1598,8,4
613,REG100614,14-10-2018,2018,Karnataka,Bhopal (MP-04),2W,Motorcycle,Royal Enfield,Petrol,BS4,400,2,6
614,REG100615,20-10-2024,2024,Karnataka,Mysore (KA-09),4W,SUV,Kia,Petrol,BS6,1462,6,0
615,REG100616,30-08-2018,2018,Karnataka,Hubli (KA-25),4W,SUV,Renault,Diesel,BS4,800,5,6
616,REG100617,19-11-2022,2022,Karnataka,Lucknow (UP-32),2W,Scooter,TVS,CNG,BS6,350,2,2
617,REG100618,26-08-2024,2024,Karnataka,Amritsar (PB-02),2W,Motorcycle,Ather,Petrol,BS6,0,2,0
618,REG100619,30-12-2021,2021,Karnataka,Chennai Central (TN-01),4W,MUV,Hyundai,Diesel,BS6,2179,8,3
619,REG100620,07-12-2021,2021,Karnataka,Delhi East (DL-02),2W,Moped,Royal Enfield,Petrol,BS6,200,2,3
620,REG100621,29-03-2021,2021,Karnataka,Udaipur (RJ-27),3W,Auto Rickshaw,Mahindra,CNG,BS6,250,6,3
621,REG100622,12-10-2023,2023,Karnataka,Patiala (PB-11),2W,Motorcycle,Suzuki,CNG,BS6,110,2,1
622,REG100623,23-03-2023,2023,Karnataka,Gandhinagar (GJ-18),3W,Tempo,Mahindra,CNG,BS6,0,6,1
623,REG100624,18-10-2023,2023,Karnataka,Hubli (KA-25),2W,Moped,Ola Electric,EV,BS6,0,2,1
624,REG100625,06-09-2024,2024,Karnataka,Warangal (TS-03),2W,Moped,Honda,CNG,BS6,110,2,0
625,REG100626,05-02-2020,2020,Karnataka,Patiala (PB-11),3W,Tempo,Bajaj,Diesel,BS6,200,7,4
626,REG100627,24-10-2020,2020,Karnataka,Jalandhar (PB-08),2W,Moped,Hero,Petrol,BS6,100,2,4
627,REG100628,16-04-2022,2022,Karnataka,Coimbatore (TN-37),3W,E-Rickshaw,Mahindra,EV,BS6,0,6,2
628,REG100629,05-01-2024,2024,Karnataka,Amritsar (PB-02),HCV,Tanker,MAN,Diesel,BS6,0,52,0
629,REG100630,26-12-2024,2024,Karnataka,Kanpur (UP-78),LCV,Mini Truck,Ashok Leyland,CNG,BS6,3298,9,0
630,REG100631,15-07-2023,2023,Karnataka,Ahmedabad (GJ-01),2W,Moped,Ola Electric,Petrol,BS6,0,2,1
631,REG100632,03-07-2020,2020,Karnataka,Varanasi (UP-65),4W,Sedan,MG,Petrol,BS6,1968,6,4
632,REG100633,03-12-2023,2023,Karnataka,Surat (GJ-05),2W,Motorcycle,Hero,Petrol,BS6,250,2,1
633,REG100634,16-11-2022,2022,Karnataka,Chennai Central (TN-01),2W,Scooter,KTM,CNG,BS6,125,2,2
634,REG100635,05-11-2020,2020,Karnataka,Asansol (WB-39),2W,Scooter,Suzuki,Petrol,BS6,100,2,4
635,REG100636,23-10-2021,2021,Karnataka,Jalandhar (PB-08),LCV,Mini Truck,Eicher,Diesel,BS6,3298,9,3
636,REG100637,10-02-2022,2022,Karnataka,Aurangabad (MH-20),3W,E-Rickshaw,Bajaj,EV,BS6,0,7,2
637,REG100638,15-02-2019,2019,Karnataka,Kollam (KL-02),OTH,Crane,Sonalika,Diesel,BS4,4998,45,5
638,REG100639,06-01-2024,2024,Karnataka,Bhopal (MP-04),4W,SUV,Skoda,Petrol,BS6,2179,8,0
639,REG100640,28-05-2024,2024,Karnataka,Karimnagar (TS-01),4W,SUV,Honda,Diesel,BS6,1197,5,0
640,REG100641,21-10-2022,2022,Karnataka,Kollam (KL-02),4W,SUV,Maruti Suzuki,EV,BS6,0,7,2
641,REG100642,10-05-2022,2022,Karnataka,Kollam (KL-02),2W,Scooter,Honda,Petrol,BS6,125,2,2
642,REG100643,30-10-2019,2019,Karnataka,Amritsar (PB-02),2W,Scooter,Hero,CNG,BS4,125,2,5
643,REG100644,27-09-2020,2020,Karnataka,Jabalpur (MP-20),2W,Motorcycle,Royal Enfield,CNG,BS6,100,2,4
644,REG100645,15-07-2024,2024,Karnataka,Jaipur (RJ-14),HCV,Bus,BharatBenz,EV,BS6,0,45,0
645,REG100646,01-03-2023,2023,Karnataka,Kochi (KL-07),2W,Moped,Yamaha,Petrol,BS6,100,2,1
646,REG100647,29-04-2024,2024,Karnataka,Salem (TN-30),2W,Scooter,KTM,Hybrid,BS6,250,2,0
647,REG100648,15-07-2018,2018,Karnataka,Jabalpur (MP-20),3W,Auto Rickshaw,Atul Auto,Diesel,BS4,250,7,6
648,REG100649,20-05-2022,2022,Karnataka,Bhopal (MP-04),2W,Moped,Yamaha,EV,BS6,0,2,2
649,REG100650,04-05-2022,2022,Karnataka,Vadodara (GJ-06),4W,SUV,Skoda,Diesel,BS6,1462,7,2
650,REG100651,26-09-2018,2018,Karnataka,Indore (MP-09),2W,Motorcycle,Hero,Petrol,BS4,110,2,6
651,REG100652,13-11-2020,2020,Karnataka,Jabalpur (MP-20),2W,Moped,Royal Enfield,Petrol,BS6,110,2,4
652,REG100653,14-02-2019,2019,Karnataka,Aurangabad (MH-20),4W,Sedan,Skoda,EV,BS4,0,8,5
653,REG100654,27-08-2020,2020,Karnataka,Ujjain (MP-13),4W,Sedan,Hyundai,EV,BS6,0,8,4
654,REG100655,01-02-2023,2023,Karnataka,Rajkot (GJ-03),4W,SUV,Kia,Petrol,BS6,1968,8,1
655,REG100656,09-11-2019,2019,Karnataka,Jaipur (RJ-14),2W,Scooter,TVS,EV,BS4,0,2,5
656,REG100657,15-08-2022,2022,Karnataka,Salem (TN-30),2W,Moped,Suzuki,Petrol,BS6,160,2,2
657,REG100658,18-03-2022,2022,Karnataka,Bangalore Central (KA-01),2W,Moped,Royal Enfield,Hybrid,BS6,100,2,2
658,REG100659,29-12-2022,2022,Karnataka,Nashik (MH-15),2W,Moped,Yamaha,Petrol,BS6,350,2,2
659,REG100660,18-12-2020,2020,Karnataka,Siliguri (WB-73),2W,Moped,Honda,EV,BS6,0,2,4
660,REG100661,20-11-2021,2021,Karnataka,Belgaum (KA-22),4W,SUV,Toyota,EV,BS6,0,7,3
661,REG100662,21-01-2020,2020,Karnataka,Nizamabad (TS-05),2W,Scooter,Royal Enfield,EV,BS6,0,2,4
662,REG100663,13-02-2023,2023,Karnataka,Indore (MP-09),2W,Scooter,Honda,EV,BS6,0,2,1
663,REG100664,07-09-2024,2024,Karnataka,Kochi (KL-07),2W,Motorcycle,Hero,CNG,BS6,250,2,0
664,REG100665,19-01-2024,2024,Karnataka,Belgaum (KA-22),4W,MUV,Renault,Diesel,BS6,1598,5,0
665,REG100666,17-03-2024,2024,Karnataka,Jaipur (RJ-14),2W,Motorcycle,Ather,EV,BS6,0,2,0
666,REG100667,24-01-2018,2018,Karnataka,Delhi Central (DL-01),2W,Motorcycle,KTM,EV,BS4,0,2,6
667,REG100668,22-08-2023,2023,Karnataka,Kochi (KL-07),2W,Moped,Hero,Petrol,BS6,0,2,1
668,REG100669,23-04-2022,2022,Karnataka,Trichy (TN-45),2W,Motorcycle,Honda,EV,BS6,0,2,2
669,REG100670,22-10-2019,2019,Karnataka,Delhi North (DL-04),2W,Moped,Suzuki,Petrol,BS4,400,2,5
670,REG100671,02-03-2020,2020,Karnataka,Madurai (TN-58),LCV,Mini Truck,Tata Motors,CNG,BS6,3298,9,4
671,REG100672,09-03-2024,2024,Karnataka,Kanpur (UP-78),4W,Sedan,MG,Petrol,BS6,1000,8,0
672,REG100673,27-12-2020,2020,Karnataka,Chennai Central (TN-01),LCV,Mini Truck,Tata Motors,Diesel,BS6,3298,12,4
673,REG100674,30-07-2021,2021,Karnataka,Thrissur (KL-08),4W,Sedan,Tata Motors,EV,BS6,0,6,3
674,REG100675,28-06-2023,2023,Karnataka,Chandigarh (CH-01),4W,MUV,Skoda,Petrol,BS6,1968,5,1
675,REG100676,04-10-2021,2021,Karnataka,Warangal (TS-03),2W,Moped,Honda,EV,BS4,0,2,3
676,REG100677,16-12-2020,2020,Karnataka,Delhi North (DL-04),4W,Sedan,Kia,Petrol,BS6,2179,8,4
677,REG100678,11-08-2021,2021,Karnataka,Coimbatore (TN-37),4W,Hatchback,Maruti Suzuki,EV,BS6,0,7,3
678,REG100679,05-09-2020,2020,Karnataka,Jalandhar (PB-08),2W,Moped,Hero,EV,BS6,0,2,4
679,REG100680,12-04-2022,2022,Karnataka,Bangalore Central (KA-01),LCV,Light Bus,Force Motors,CNG,BS6,3298,9,2
680,REG100681,07-02-2021,2021,Karnataka,Hubli (KA-25),2W,Motorcycle,Suzuki,Petrol,BS6,350,2,3
681,REG100682,01-04-2024,2024,Karnataka,Jalandhar (PB-08),2W,Scooter,TVS,Petrol,BS6,250,2,0
682,REG100683,20-06-2024,2024,Karnataka,Jodhpur (RJ-19),3W,Auto Rickshaw,Kinetic Green,Diesel,BS6,225,3,0
683,REG100684,25-06-2022,2022,Karnataka,Kollam (KL-02),2W,Motorcycle,Honda,EV,BS6,0,2,2
684,REG100685,28-04-2022,2022,Karnataka,Gandhinagar (GJ-18),2W,Moped,Ola Electric,Petrol,BS6,0,2,2
685,REG100686,08-01-2023,2023,Karnataka,Allahabad (UP-70),3W,Auto Rickshaw,Atul Auto,Diesel,BS6,0,7,1
686,REG100687,03-01-2024,2024,Karnataka,Delhi East (DL-02),2W,Moped,Bajaj,EV,BS6,0,2,0
687,REG100688,03-09-2022,2022,Karnataka,Mumbai Central (MH-01),OTH,Road Roller,Escorts,Diesel,BS6,3760,45,2
688,REG100689,03-05-2019,2019,Karnataka,Howrah (WB-13),2W,Motorcycle,Suzuki,Petrol,BS4,110,2,5
689,REG100690,21-08-2023,2023,Karnataka,Nashik (MH-15),4W,Sedan,MG,CNG,BS6,2179,6,1
690,REG100691,06-02-2023,2023,Karnataka,Thrissur (KL-08),2W,Scooter,KTM,CNG,BS6,250,2,1
691,REG100692,05-10-2021,2021,Karnataka,Kozhikode (KL-11),4W,SUV,Honda,Hybrid,BS6,1462,5,3
692,REG100693,26-02-2021,2021,Karnataka,Amritsar (PB-02),4W,Hatchback,Renault,EV,BS6,0,7,3
693,REG100694,15-10-2022,2022,Karnataka,Asansol (WB-39),2W,Scooter,TVS,EV,BS6,0,2,2
694,REG100695,25-12-2024,2024,Karnataka,Madurai (TN-58),2W,Motorcycle,KTM,CNG,BS6,150,2,0
695,REG100696,02-02-2022,2022,Karnataka,Kochi (KL-07),2W,Scooter,Ather,CNG,BS6,0,2,2
696,REG100697,30-09-2023,2023,Karnataka,Udaipur (RJ-27),3W,Tempo,Bajaj,Diesel,BS6,250,6,1
697,REG100698,02-04-2019,2019,Karnataka,Amritsar (PB-02),4W,Hatchback,Mahindra,Diesel,BS4,1498,5,5
698,REG100699,23-09-2020,2020,Karnataka,Mysore (KA-09),2W,Moped,TVS,EV,BS6,0,2,4
699,REG100700,27-11-2022,2022,Gujarat,Rajkot (GJ-03),HCV,Bus,BharatBenz,Diesel,BS6,3760,32,2
700,REG100701,25-06-2021,2021,Delhi,Delhi Central (DL-01),2W,Motorcycle,Ather,EV,BS6,0,2,3
701,REG100702,29-03-2022,2022,West Bengal,Asansol (WB-39),4W,MUV,MG,Petrol,BS6,1498,6,2
702,REG100703,13-11-2021,2021,West Bengal,Durgapur (WB-40),OTH,Tractor,TAFE,Diesel,BS6,4998,52,3
703,REG100704,11-06-2020,2020,Gujarat,Surat (GJ-05),OTH,Road Roller,TAFE,Diesel,BS6,0,2,4
704,REG100705,26-06-2018,2018,West Bengal,Durgapur (WB-40),2W,Motorcycle,Ather,CNG,BS4,0,2,6
705,REG100706,27-07-2019,2019,Rajasthan,Udaipur (RJ-27),4W,Sedan,Renault,Petrol,BS4,2179,6,5
706,REG100707,01-06-2021,2021,West Bengal,Durgapur (WB-40),2W,Moped,Ather,EV,BS6,0,2,3
707,REG100708,21-01-2019,2019,Gujarat,Gandhinagar (GJ-18),4W,MUV,Toyota,EV,BS4,0,5,5
708,REG100709,08-11-2019,2019,Gujarat,Ahmedabad (GJ-01),2W,Motorcycle,KTM,Petrol,BS4,150,2,5
709,REG100710,13-12-2019,2019,Punjab,Patiala (PB-11),2W,Scooter,Bajaj,Petrol,BS4,110,2,5
710,REG100711,08-12-2022,2022,Telangana,Karimnagar (TS-01),2W,Scooter,Ola Electric,EV,BS6,0,2,2
711,REG100712,26-06-2021,2021,Uttar Pradesh,Kanpur (UP-78),4W,MUV,Toyota,Diesel,BS6,1598,7,3
712,REG100713,27-05-2024,2024,West Bengal,Asansol (WB-39),2W,Moped,KTM,CNG,BS6,125,2,0
713,REG100714,17-04-2022,2022,Kerala,Thrissur (KL-08),4W,MUV,Tata Motors,CNG,BS6,1498,8,2
714,REG100715,20-05-2018,2018,Telangana,Nizamabad (TS-05),2W,Moped,Suzuki,Petrol,BS4,250,2,6
715,REG100716,28-05-2020,2020,Tamil Nadu,Trichy (TN-45),3W,Tempo,Piaggio,CNG,BS6,0,3,4
716,REG100717,20-03-2018,2018,Gujarat,Gandhinagar (GJ-18),2W,Moped,KTM,Petrol,BS4,160,2,6
717,REG100718,26-11-2020,2020,Gujarat,Rajkot (GJ-03),2W,Moped,Royal Enfield,Petrol,BS4,150,2,4
718,REG100719,04-09-2023,2023,Maharashtra,Mumbai Central (MH-01),4W,MUV,Hyundai,CNG,BS6,1968,7,1
719,REG100720,13-05-2023,2023,Madhya Pradesh,Jabalpur (MP-20),OTH,Tractor,John Deere,Diesel,BS6,4998,52,1
720,REG100721,03-07-2020,2020,Maharashtra,Pune (MH-12),2W,Moped,TVS,Petrol,BS6,250,2,4
721,REG100722,09-04-2024,2024,Madhya Pradesh,Gwalior (MP-07),2W,Scooter,Ather,EV,BS6,0,2,0
722,REG100723,17-12-2023,2023,Karnataka,Belgaum (KA-22),4W,SUV,Toyota,EV,BS6,0,5,1
723,REG100724,06-09-2022,2022,Telangana,Khammam (TS-07),2W,Motorcycle,Hero,Petrol,BS6,250,2,2
724,REG100725,11-11-2023,2023,Rajasthan,Jodhpur (RJ-19),2W,Motorcycle,Ather,Petrol,BS6,0,2,1
725,REG100726,08-03-2024,2024,Telangana,Khammam (TS-07),4W,Hatchback,Honda,Diesel,BS6,800,8,0
726,REG100727,30-03-2022,2022,Rajasthan,Kota (RJ-20),4W,Sedan,MG,CNG,BS6,1498,5,2
727,REG100728,17-04-2020,2020,Kerala,Thiruvananthapuram (KL-01),2W,Moped,TVS,CNG,BS6,125,2,4
728,REG100729,09-08-2023,2023,Karnataka,Mangalore (KA-19),4W,Hatchback,Hyundai,Petrol,BS6,800,6,1
729,REG100730,03-02-2024,2024,Karnataka,Bangalore Central (KA-01),4W,Hatchback,MG,Petrol,BS6,1498,5,0
730,REG100731,15-01-2020,2020,Karnataka,Bangalore Central (KA-01),HCV,Bus,Eicher,Diesel,BS6,3760,2,4
731,REG100732,09-11-2024,2024,Kerala,Kozhikode (KL-11),HCV,Trailer,Volvo,Diesel,BS6,4998,52,0
732,REG100733,24-05-2020,2020,Punjab,Chandigarh (CH-01),2W,Moped,Hero,EV,BS6,0,2,4
733,REG100734,06-07-2024,2024,Telangana,Hyderabad (TS-09),OTH,Tractor,TAFE,Diesel,BS6,0,2,0
734,REG100735,27-07-2020,2020,West Bengal,Kolkata (WB-01),2W,Scooter,Suzuki,Petrol,BS6,110,2,4
735,REG100736,28-05-2023,2023,Rajasthan,Jaipur (RJ-14),3W,Tempo,Piaggio,Diesel,BS6,200,3,1
736,REG100737,16-08-2023,2023,Rajasthan,Udaipur (RJ-27),2W,Scooter,KTM,EV,BS6,0,2,1
737,REG100738,13-12-2024,2024,Telangana,Karimnagar (TS-01),2W,Scooter,Bajaj,Petrol,BS6,200,2,0
738,REG100739,13-12-2022,2022,Tamil Nadu,Chennai Central (TN-01),OTH,Crane,Mahindra,Diesel,BS6,3760,1,2
739,REG100740,03-02-2024,2024,Tamil Nadu,Salem (TN-30),2W,Moped,Honda,CNG,BS6,200,2,0
740,REG100741,13-09-2023,2023,Delhi,Delhi West (DL-08),2W,Scooter,Honda,Petrol,BS6,160,2,1
741,REG100742,06-09-2023,2023,Kerala,Kollam (KL-02),4W,MUV,Toyota,Diesel,BS6,0,7,1
742,REG100743,16-01-2020,2020,Tamil Nadu,Salem (TN-30),2W,Scooter,KTM,EV,BS6,0,2,4
743,REG100744,17-06-2021,2021,Kerala,Thiruvananthapuram (KL-01),LCV,Pickup Van,Tata Motors,Diesel,BS6,2956,12,3
744,REG100745,14-04-2022,2022,Punjab,Patiala (PB-11),2W,Motorcycle,Ather,Hybrid,BS6,0,2,2
745,REG100746,07-10-2023,2023,Madhya Pradesh,Jabalpur (MP-20),3W,E-Rickshaw,Atul Auto,CNG,BS6,200,3,1
746,REG100747,01-04-2022,2022,Uttar Pradesh,Lucknow (UP-32),2W,Scooter,Suzuki,EV,BS6,0,2,2
747,REG100748,19-07-2019,2019,Madhya Pradesh,Gwalior (MP-07),LCV,Mini Truck,Force Motors,Diesel,BS6,0,9,5
748,REG100749,29-01-2024,2024,Punjab,Jalandhar (PB-08),4W,MUV,MG,CNG,BS6,1968,7,0
749,REG100750,01-02-2024,2024,West Bengal,Asansol (WB-39),OTH,Road Roller,John Deere,Petrol,BS6,3760,52,0
750,REG100751,24-06-2023,2023,Maharashtra,Pune (MH-12),LCV,Pickup Van,Eicher,Diesel,BS6,0,9,1
751,REG100752,01-05-2023,2023,Uttar Pradesh,Agra (UP-80),OTH,Crane,John Deere,Diesel,BS6,5660,52,1
752,REG100753,20-01-2018,2018,Karnataka,Bangalore Central (KA-01),LCV,Mini Truck,Ashok Leyland,Diesel,BS4,0,15,6
753,REG100754,12-01-2023,2023,Uttar Pradesh,Allahabad (UP-70),3W,E-Rickshaw,TVS,CNG,BS6,250,6,1
754,REG100755,22-06-2023,2023,Punjab,Jalandhar (PB-08),2W,Motorcycle,KTM,Petrol,BS6,350,2,1
755,REG100756,08-02-2020,2020,Telangana,Nizamabad (TS-05),2W,Scooter,Yamaha,EV,BS6,0,2,4
756,REG100757,17-02-2023,2023,Delhi,Delhi West (DL-08),2W,Scooter,Ola Electric,Petrol,BS6,0,2,1
757,REG100758,27-06-2022,2022,Karnataka,Belgaum (KA-22),2W,Motorcycle,Ola Electric,EV,BS6,0,2,2
758,REG100759,01-08-2022,2022,Madhya Pradesh,Gwalior (MP-07),3W,E-Rickshaw,Mahindra,EV,BS6,0,6,2
759,REG100760,06-04-2023,2023,Punjab,Patiala (PB-11),3W,Tempo,Piaggio,CNG,BS6,0,3,1
760,REG100761,16-10-2024,2024,Madhya Pradesh,Jabalpur (MP-20),2W,Moped,Ather,EV,BS6,0,2,0
761,REG100762,03-06-2023,2023,Telangana,Warangal (TS-03),2W,Motorcycle,Bajaj,Petrol,BS6,250,2,1
762,REG100763,27-11-2021,2021,Uttar Pradesh,Agra (UP-80),LCV,Mini Truck,Mahindra,Diesel,BS6,2956,12,3
763,REG100764,07-06-2020,2020,Madhya Pradesh,Ujjain (MP-13),2W,Motorcycle,Honda,Petrol,BS6,350,2,4
764,REG100765,15-01-2020,2020,West Bengal,Asansol (WB-39),OTH,Crane,Mahindra,Diesel,BS6,5660,32,4
765,REG100766,10-06-2018,2018,Madhya Pradesh,Ujjain (MP-13),2W,Motorcycle,KTM,Petrol,BS4,0,2,6
766,REG100767,23-07-2023,2023,Gujarat,Ahmedabad (GJ-01),LCV,Pickup Van,Ashok Leyland,CNG,BS6,2956,9,1
767,REG100768,26-09-2023,2023,Karnataka,Belgaum (KA-22),4W,Hatchback,Renault,EV,BS4,0,8,1
768,REG100769,01-05-2023,2023,Karnataka,Mysore (KA-09),4W,SUV,Toyota,CNG,BS6,1968,6,1
769,REG100770,29-01-2020,2020,Tamil Nadu,Chennai Central (TN-01),2W,Scooter,KTM,Petrol,BS6,350,2,4
770,REG100771,07-05-2022,2022,Telangana,Nizamabad (TS-05),4W,Hatchback,Toyota,Diesel,BS6,1498,6,2
771,REG100772,18-01-2024,2024,Rajasthan,Udaipur (RJ-27),4W,SUV,Maruti Suzuki,EV,BS6,0,6,0
772,REG100773,15-08-2019,2019,Gujarat,Gandhinagar (GJ-18),2W,Moped,Yamaha,CNG,BS4,250,2,5
773,REG100774,30-04-2024,2024,Maharashtra,Nashik (MH-15),HCV,Trailer,Volvo,Diesel,BS6,5660,2,0
774,REG100775,08-09-2024,2024,Tamil Nadu,Salem (TN-30),4W,MUV,Maruti Suzuki,Petrol,BS6,2179,8,0
775,REG100776,30-06-2021,2021,Rajasthan,Udaipur (RJ-27),LCV,Mini Truck,Mahindra,CNG,BS6,0,15,3
776,REG100777,05-04-2018,2018,Kerala,Kollam (KL-02),4W,MUV,Maruti Suzuki,Hybrid,BS4,2179,6,6
777,REG100778,08-05-2019,2019,Maharashtra,Nashik (MH-15),2W,Scooter,Yamaha,EV,BS4,0,2,5
778,REG100779,10-03-2022,2022,Kerala,Kochi (KL-07),LCV,Light Bus,Force Motors,Diesel,BS6,3298,9,2
779,REG100780,21-07-2021,2021,Madhya Pradesh,Ujjain (MP-13),4W,SUV,Mahindra,Petrol,BS6,1968,6,3
780,REG100781,27-03-2020,2020,Maharashtra,Mumbai Central (MH-01),HCV,Bus,Tata Motors,Diesel,BS4,3760,45,4
781,REG100782,01-03-2020,2020,Punjab,Jalandhar (PB-08),4W,Sedan,Hyundai,Diesel,BS6,800,8,4
782,REG100783,27-05-2024,2024,West Bengal,Siliguri (WB-73),2W,Moped,Bajaj,Petrol,BS6,350,2,0
783,REG100784,12-12-2024,2024,Uttar Pradesh,Kanpur (UP-78),2W,Motorcycle,Ola Electric,Petrol,BS6,0,2,0
784,REG100785,12-11-2024,2024,Uttar Pradesh,Kanpur (UP-78),2W,Motorcycle,Hero,Petrol,BS6,350,2,0
785,REG100786,21-12-2022,2022,Delhi,Delhi West (DL-08),4W,MUV,Hyundai,Petrol,BS6,1968,6,2
786,REG100787,20-06-2022,2022,Kerala,Thrissur (KL-08),4W,SUV,Hyundai,Petrol,BS6,1462,8,2
787,REG100788,04-06-2022,2022,Rajasthan,Ajmer (RJ-01),HCV,Truck,Tata Motors,Diesel,BS6,6700,32,2
788,REG100789,28-08-2022,2022,Tamil Nadu,Trichy (TN-45),2W,Motorcycle,Royal Enfield,Petrol,BS6,125,2,2
789,REG100790,07-03-2019,2019,Karnataka,Hubli (KA-25),4W,MUV,Tata Motors,Petrol,BS4,2179,7,5
790,REG100791,22-09-2023,2023,Kerala,Kozhikode (KL-11),HCV,Trailer,Volvo,Diesel,BS6,5660,45,1
791,REG100792,21-11-2024,2024,Tamil Nadu,Madurai (TN-58),4W,MUV,Tata Motors,CNG,BS6,2179,5,0
792,REG100793,28-08-2021,2021,Delhi,Delhi East (DL-02),2W,Motorcycle,Hero,EV,BS6,0,2,3
793,REG100794,17-03-2022,2022,Karnataka,Mangalore (KA-19),2W,Scooter,Ather,EV,BS6,0,2,2
794,REG100795,16-10-2023,2023,Rajasthan,Jaipur (RJ-14),2W,Scooter,TVS,Petrol,BS6,0,2,1
795,REG100796,09-02-2022,2022,Delhi,Delhi South (DL-09),OTH,Tractor,Escorts,Petrol,BS6,4998,45,2
796,REG100797,20-07-2024,2024,Madhya Pradesh,Bhopal (MP-04),LCV,Mini Truck,Ashok Leyland,CNG,BS6,3298,15,0
797,REG100798,18-11-2023,2023,Karnataka,Hubli (KA-25),2W,Motorcycle,KTM,CNG,BS6,160,2,1
798,REG100799,19-10-2021,2021,Punjab,Chandigarh (CH-01),2W,Motorcycle,Ola Electric,EV,BS6,0,2,3
799,REG100800,05-11-2023,2023,Delhi,Delhi Central (DL-01),4W,SUV,Toyota,Petrol,BS6,1968,5,1
800,REG100801,17-07-2024,2024,Uttar Pradesh,Agra (UP-80),2W,Scooter,Honda,Petrol,BS6,250,2,0
801,REG100802,17-12-2023,2023,Gujarat,Surat (GJ-05),2W,Scooter,Suzuki,CNG,BS6,0,2,1
802,REG100803,01-09-2022,2022,Tamil Nadu,Madurai (TN-58),4W,SUV,Renault,Petrol,BS6,1498,8,2
803,REG100804,20-09-2022,2022,Karnataka,Mangalore (KA-19),4W,Sedan,Honda,EV,BS6,0,8,2
804,REG100805,12-02-2023,2023,Madhya Pradesh,Indore (MP-09),4W,Sedan,MG,Diesel,BS6,1498,8,1
805,REG100806,02-06-2024,2024,Uttar Pradesh,Lucknow (UP-32),LCV,Pickup Van,Ashok Leyland,Diesel,BS6,2956,15,0
806,REG100807,31-07-2019,2019,Uttar Pradesh,Agra (UP-80),4W,Hatchback,Maruti Suzuki,Diesel,BS4,1000,8,5
807,REG100808,09-01-2019,2019,Madhya Pradesh,Ujjain (MP-13),4W,SUV,Kia,CNG,BS4,1000,8,5
808,REG100809,09-06-2024,2024,Tamil Nadu,Coimbatore (TN-37),LCV,Mini Truck,Tata Motors,Diesel,BS6,0,15,0
809,REG100810,05-11-2020,2020,West Bengal,Asansol (WB-39),4W,SUV,Tata Motors,Petrol,BS4,1498,5,4
810,REG100811,23-08-2020,2020,Uttar Pradesh,Allahabad (UP-70),2W,Scooter,Honda,Petrol,BS6,250,2,4
811,REG100812,20-12-2021,2021,Madhya Pradesh,Ujjain (MP-13),4W,SUV,Skoda,CNG,BS6,1968,7,3
812,REG100813,14-01-2023,2023,Karnataka,Mysore (KA-09),2W,Motorcycle,Honda,Petrol,BS6,150,2,1
813,REG100814,26-08-2019,2019,West Bengal,Howrah (WB-13),4W,MUV,Renault,Petrol,BS6,1197,8,5
814,REG100815,27-10-2022,2022,Uttar Pradesh,Lucknow (UP-32),2W,Motorcycle,KTM,EV,BS6,0,2,2
815,REG100816,10-08-2018,2018,Delhi,Delhi West (DL-08),4W,MUV,Maruti Suzuki,Diesel,BS4,1968,8,6
816,REG100817,30-10-2021,2021,Kerala,Kollam (KL-02),4W,SUV,Maruti Suzuki,Diesel,BS6,2179,6,3
817,REG100818,28-11-2022,2022,Kerala,Thiruvananthapuram (KL-01),3W,E-Rickshaw,Atul Auto,CNG,BS6,0,6,2
818,REG100819,28-05-2022,2022,Karnataka,Mangalore (KA-19),4W,SUV,MG,EV,BS6,0,8,2
819,REG100820,03-12-2021,2021,Rajasthan,Udaipur (RJ-27),2W,Motorcycle,Ola Electric,CNG,BS6,0,2,3
820,REG100821,30-08-2023,2023,Tamil Nadu,Madurai (TN-58),4W,MUV,Honda,EV,BS6,0,6,1
821,REG100822,21-02-2020,2020,Gujarat,Ahmedabad (GJ-01),4W,Sedan,Tata Motors,Petrol,BS6,1968,8,4
822,REG100823,12-12-2024,2024,Gujarat,Surat (GJ-05),2W,Motorcycle,Hero,Petrol,BS6,125,2,0
823,REG100824,03-03-2019,2019,Tamil Nadu,Trichy (TN-45),2W,Motorcycle,Yamaha,EV,BS4,0,2,5
824,REG100825,17-05-2018,2018,Delhi,Delhi North (DL-04),2W,Scooter,Yamaha,Hybrid,BS4,125,2,6
825,REG100826,26-02-2023,2023,Kerala,Kollam (KL-02),4W,Hatchback,Maruti Suzuki,Diesel,BS6,1000,5,1
826,REG100827,21-03-2024,2024,Telangana,Hyderabad (TS-09),3W,Auto Rickshaw,Kinetic Green,CNG,BS6,250,7,0
827,REG100828,04-03-2021,2021,West Bengal,Asansol (WB-39),3W,Auto Rickshaw,Piaggio,EV,BS6,0,6,3
828,REG100829,17-05-2022,2022,Uttar Pradesh,Lucknow (UP-32),2W,Scooter,Yamaha,Petrol,BS6,200,2,2
829,REG100830,04-08-2023,2023,Kerala,Thrissur (KL-08),2W,Moped,Bajaj,Petrol,BS6,150,2,1
830,REG100831,16-01-2023,2023,Tamil Nadu,Salem (TN-30),2W,Scooter,KTM,EV,BS6,0,2,1
831,REG100832,26-03-2021,2021,Tamil Nadu,Chennai Central (TN-01),4W,Hatchback,Hyundai,Diesel,BS4,1968,5,3
832,REG100833,04-12-2024,2024,Uttar Pradesh,Lucknow (UP-32),4W,Sedan,Skoda,Petrol,BS6,0,7,0
833,REG100834,26-06-2023,2023,Uttar Pradesh,Varanasi (UP-65),LCV,Light Bus,Eicher,Diesel,BS6,2523,12,1
834,REG100835,15-11-2020,2020,Telangana,Khammam (TS-07),HCV,Tanker,BharatBenz,Diesel,BS6,0,45,4
835,REG100836,13-02-2020,2020,Kerala,Kozhikode (KL-11),LCV,Light Bus,Force Motors,EV,BS6,0,15,4
836,REG100837,19-09-2021,2021,Rajasthan,Udaipur (RJ-27),4W,Sedan,Renault,Diesel,BS6,0,7,3
837,REG100838,30-10-2024,2024,Telangana,Nizamabad (TS-05),4W,Sedan,Maruti Suzuki,Petrol,BS6,1498,6,0
838,REG100839,30-06-2020,2020,Gujarat,Rajkot (GJ-03),OTH,Tractor,Mahindra,Diesel,BS6,3760,1,4
839,REG100840,25-10-2021,2021,Madhya Pradesh,Bhopal (MP-04),2W,Moped,Hero,EV,BS6,0,2,3
840,REG100841,21-10-2021,2021,Kerala,Kollam (KL-02),LCV,Mini Truck,Ashok Leyland,Diesel,BS6,2956,15,3
841,REG100842,04-07-2022,2022,Uttar Pradesh,Allahabad (UP-70),4W,Hatchback,Toyota,Diesel,BS4,2179,5,2
842,REG100843,01-09-2022,2022,Tamil Nadu,Salem (TN-30),4W,Hatchback,Hyundai,Petrol,BS6,1462,8,2
843,REG100844,16-05-2022,2022,Karnataka,Hubli (KA-25),4W,MUV,Skoda,CNG,BS6,2179,8,2
844,REG100845,31-12-2022,2022,West Bengal,Siliguri (WB-73),4W,MUV,Tata Motors,Petrol,BS6,2179,6,2
845,REG100846,22-03-2022,2022,Kerala,Kollam (KL-02),LCV,Mini Truck,Mahindra,Diesel,BS6,3298,9,2
846,REG100847,02-03-2018,2018,Punjab,Jalandhar (PB-08),2W,Scooter,Ola Electric,Petrol,BS4,0,2,6
847,REG100848,03-08-2020,2020,Gujarat,Vadodara (GJ-06),2W,Scooter,Hero,Petrol,BS6,100,2,4
848,REG100849,04-02-2019,2019,Gujarat,Vadodara (GJ-06),2W,Moped,KTM,Petrol,BS4,100,2,5
849,REG100850,07-11-2022,2022,Uttar Pradesh,Varanasi (UP-65),4W,MUV,Toyota,Diesel,BS6,1197,6,2
850,REG100851,07-12-2021,2021,Telangana,Karimnagar (TS-01),4W,MUV,Tata Motors,Hybrid,BS6,1968,8,3
851,REG100852,26-03-2021,2021,Delhi,Delhi North (DL-04),2W,Motorcycle,KTM,CNG,BS6,100,2,3
852,REG100853,04-10-2020,2020,Punjab,Amritsar (PB-02),4W,Hatchback,Renault,Petrol,BS6,800,6,4
853,REG100854,15-04-2024,2024,West Bengal,Asansol (WB-39),LCV,Mini Truck,Eicher,Diesel,BS6,2956,15,0
854,REG100855,09-09-2021,2021,Punjab,Jalandhar (PB-08),2W,Moped,Ola Electric,Petrol,BS6,0,2,3
855,REG100856,28-02-2021,2021,Rajasthan,Udaipur (RJ-27),2W,Motorcycle,Ather,Petrol,BS6,0,2,3
856,REG100857,28-07-2019,2019,Telangana,Warangal (TS-03),2W,Motorcycle,Royal Enfield,Hybrid,BS4,125,2,5
857,REG100858,20-02-2018,2018,Maharashtra,Aurangabad (MH-20),HCV,Bus,Tata Motors,CNG,BS4,5660,2,6
858,REG100859,27-10-2020,2020,Uttar Pradesh,Agra (UP-80),2W,Motorcycle,Hero,Petrol,BS6,150,2,4
859,REG100860,11-10-2019,2019,West Bengal,Asansol (WB-39),4W,MUV,Hyundai,Petrol,BS4,1968,5,5
860,REG100861,12-12-2022,2022,West Bengal,Kolkata (WB-01),2W,Motorcycle,Hero,Petrol,BS6,110,2,2
861,REG100862,22-11-2021,2021,Delhi,Delhi South (DL-09),4W,Sedan,Kia,CNG,BS6,0,6,3
862,REG100863,19-08-2024,2024,Tamil Nadu,Madurai (TN-58),4W,Sedan,Mahindra,Diesel,BS6,800,5,0
863,REG100864,19-05-2024,2024,West Bengal,Asansol (WB-39),2W,Motorcycle,Hero,Petrol,BS6,0,2,0
864,REG100865,24-01-2024,2024,Gujarat,Rajkot (GJ-03),OTH,Road Roller,TAFE,Diesel,BS6,4998,52,0
865,REG100866,10-08-2023,2023,Punjab,Chandigarh (CH-01),2W,Scooter,Honda,Petrol,BS6,150,2,1
866,REG100867,29-12-2023,2023,Punjab,Patiala (PB-11),HCV,Trailer,MAN,Diesel,BS6,6700,32,1
867,REG100868,10-03-2018,2018,Delhi,Delhi West (DL-08),2W,Scooter,Ola Electric,Petrol,BS4,0,2,6
868,REG100869,27-12-2022,2022,Punjab,Jalandhar (PB-08),2W,Motorcycle,TVS,Petrol,BS6,350,2,2
869,REG100870,16-08-2018,2018,Uttar Pradesh,Allahabad (UP-70),2W,Moped,Honda,EV,BS4,0,2,6
870,REG100871,05-01-2023,2023,Rajasthan,Udaipur (RJ-27),4W,SUV,Honda,Petrol,BS6,1000,8,1
871,REG100872,03-07-2021,2021,Rajasthan,Jodhpur (RJ-19),2W,Motorcycle,Hero,Hybrid,BS6,150,2,3
872,REG100873,23-05-2024,2024,Karnataka,Belgaum (KA-22),4W,Sedan,Mahindra,Diesel,BS6,2179,6,0
873,REG100874,13-09-2024,2024,Maharashtra,Pune (MH-12),OTH,Road Roller,Sonalika,Diesel,BS6,6700,2,0
874,REG100875,07-03-2019,2019,Telangana,Warangal (TS-03),4W,Sedan,Hyundai,CNG,BS4,1498,6,5
875,REG100876,10-05-2023,2023,Telangana,Nizamabad (TS-05),2W,Moped,Hero,CNG,BS6,400,2,1
876,REG100877,20-05-2024,2024,West Bengal,Kolkata (WB-01),HCV,Truck,Volvo,Diesel,BS6,3760,52,0
877,REG100878,30-09-2021,2021,West Bengal,Siliguri (WB-73),2W,Motorcycle,Bajaj,Petrol,BS6,350,2,3
878,REG100879,26-04-2023,2023,Rajasthan,Jaipur (RJ-14),2W,Scooter,Honda,EV,BS6,0,2,1
879,REG100880,15-01-2023,2023,Karnataka,Mysore (KA-09),2W,Scooter,Royal Enfield,Petrol,BS6,350,2,1
880,REG100881,24-06-2019,2019,Uttar Pradesh,Lucknow (UP-32),4W,SUV,Kia,Petrol,BS4,800,7,5
881,REG100882,13-02-2022,2022,Telangana,Warangal (TS-03),HCV,Tanker,Tata Motors,Diesel,BS6,3760,1,2
882,REG100883,29-01-2019,2019,Uttar Pradesh,Agra (UP-80),LCV,Light Bus,Tata Motors,Diesel,BS4,3298,15,5
883,REG100884,25-07-2018,2018,Madhya Pradesh,Jabalpur (MP-20),2W,Moped,Hero,EV,BS4,0,2,6
884,REG100885,08-08-2022,2022,Punjab,Jalandhar (PB-08),2W,Moped,Ola Electric,Petrol,BS6,0,2,2
885,REG100886,09-04-2022,2022,Punjab,Chandigarh (CH-01),2W,Moped,Hero,EV,BS6,0,2,2
886,REG100887,22-11-2024,2024,Karnataka,Bangalore Central (KA-01),4W,Hatchback,Skoda,Petrol,BS6,0,7,0
887,REG100888,31-01-2020,2020,Rajasthan,Udaipur (RJ-27),3W,Tempo,Mahindra,CNG,BS6,225,6,4
888,REG100889,16-03-2022,2022,Punjab,Jalandhar (PB-08),3W,Tempo,TVS,CNG,BS6,225,6,2
889,REG100890,16-03-2022,2022,Gujarat,Gandhinagar (GJ-18),2W,Scooter,Hero,EV,BS6,0,2,2
890,REG100891,23-11-2020,2020,Delhi,Delhi South (DL-09),4W,Hatchback,Honda,Diesel,BS6,1462,5,4
891,REG100892,17-10-2021,2021,Rajasthan,Jodhpur (RJ-19),4W,MUV,Skoda,EV,BS6,0,7,3
892,REG100893,23-11-2020,2020,Uttar Pradesh,Agra (UP-80),2W,Scooter,Hero,EV,BS6,0,2,4
893,REG100894,12-07-2023,2023,Kerala,Kochi (KL-07),3W,Auto Rickshaw,Piaggio,Diesel,BS6,225,6,1
894,REG100895,29-05-2022,2022,Tamil Nadu,Chennai Central (TN-01),2W,Motorcycle,Yamaha,Petrol,BS6,350,2,2
895,REG100896,30-03-2020,2020,Delhi,Delhi South (DL-09),HCV,Trailer,Tata Motors,Diesel,BS6,4998,32,4
896,REG100897,14-05-2020,2020,Kerala,Kochi (KL-07),2W,Moped,Bajaj,Petrol,BS6,110,2,4
897,REG100898,09-07-2021,2021,Maharashtra,Pune (MH-12),2W,Motorcycle,Yamaha,Petrol,BS6,200,2,3
898,REG100899,08-04-2019,2019,Madhya Pradesh,Indore (MP-09),HCV,Tanker,MAN,Diesel,BS4,4998,52,5
899,REG100900,07-04-2023,2023,Uttar Pradesh,Agra (UP-80),2W,Scooter,Bajaj,Petrol,BS6,400,2,1
900,REG100901,07-09-2024,2024,Gujarat,Surat (GJ-05),2W,Motorcycle,Royal Enfield,Petrol,BS6,150,2,0
901,REG100902,18-09-2021,2021,Kerala,Thiruvananthapuram (KL-01),4W,Hatchback,Tata Motors,Diesel,BS6,1598,8,3
902,REG100903,11-09-2023,2023,Telangana,Karimnagar (TS-01),2W,Moped,Yamaha,EV,BS6,0,2,1
903,REG100904,19-08-2020,2020,Gujarat,Gandhinagar (GJ-18),2W,Moped,Hero,Petrol,BS6,150,2,4
904,REG100905,10-05-2024,2024,Uttar Pradesh,Kanpur (UP-78),2W,Scooter,Ola Electric,Petrol,BS6,0,2,0
905,REG100906,22-01-2021,2021,Karnataka,Mysore (KA-09),4W,SUV,MG,Diesel,BS6,2179,7,3
906,REG100907,13-01-2021,2021,Uttar Pradesh,Varanasi (UP-65),3W,E-Rickshaw,TVS,Diesel,BS6,225,6,3
907,REG100908,06-10-2024,2024,Delhi,Delhi West (DL-08),4W,SUV,Hyundai,Petrol,BS6,1000,7,0
908,REG100909,11-12-2020,2020,Delhi,Delhi Central (DL-01),2W,Scooter,Hero,EV,BS6,0,2,4
909,REG100910,06-10-2022,2022,Gujarat,Vadodara (GJ-06),4W,SUV,Mahindra,EV,BS6,0,5,2
910,REG100911,30-08-2023,2023,Gujarat,Vadodara (GJ-06),4W,MUV,Honda,CNG,BS6,0,6,1
911,REG100912,09-10-2020,2020,Uttar Pradesh,Kanpur (UP-78),2W,Moped,Bajaj,EV,BS6,0,2,4
912,REG100913,02-08-2022,2022,Kerala,Thrissur (KL-08),2W,Motorcycle,Yamaha,Petrol,BS6,150,2,2
913,REG100914,06-06-2022,2022,West Bengal,Siliguri (WB-73),LCV,Mini Truck,Ashok Leyland,Diesel,BS6,2523,12,2
914,REG100915,20-12-2023,2023,Madhya Pradesh,Gwalior (MP-07),2W,Scooter,Suzuki,CNG,BS6,400,2,1
915,REG100916,17-10-2024,2024,Gujarat,Vadodara (GJ-06),4W,Hatchback,Tata Motors,Petrol,BS6,1968,8,0
916,REG100917,20-08-2019,2019,Delhi,Delhi North (DL-04),2W,Scooter,Bajaj,EV,BS4,0,2,5
917,REG100918,08-09-2023,2023,Karnataka,Mysore (KA-09),2W,Moped,TVS,Petrol,BS6,100,2,1
918,REG100919,25-09-2020,2020,Tamil Nadu,Coimbatore (TN-37),2W,Scooter,Royal Enfield,Petrol,BS6,110,2,4
919,REG100920,19-07-2024,2024,West Bengal,Kolkata (WB-01),2W,Motorcycle,TVS,Petrol,BS6,125,2,0
920,REG100921,07-03-2024,2024,Karnataka,Mysore (KA-09),4W,MUV,Hyundai,Diesel,BS6,1462,7,0
921,REG100922,16-12-2020,2020,Uttar Pradesh,Varanasi (UP-65),2W,Moped,Royal Enfield,EV,BS4,0,2,4
922,REG100923,07-05-2023,2023,Gujarat,Surat (GJ-05),2W,Motorcycle,KTM,Petrol,BS6,400,2,1
923,REG100924,28-05-2018,2018,Rajasthan,Ajmer (RJ-01),LCV,Pickup Van,Force Motors,CNG,BS4,0,12,6
924,REG100925,09-08-2020,2020,Kerala,Kozhikode (KL-11),2W,Motorcycle,Suzuki,Petrol,BS6,350,2,4
925,REG100926,21-03-2024,2024,Uttar Pradesh,Kanpur (UP-78),4W,Hatchback,Honda,EV,BS6,0,7,0
926,REG100927,03-03-2024,2024,Madhya Pradesh,Bhopal (MP-04),4W,Sedan,MG,Diesel,BS6,1598,5,0
927,REG100928,16-09-2020,2020,Karnataka,Belgaum (KA-22),4W,SUV,Honda,Diesel,BS6,800,8,4
928,REG100929,23-07-2023,2023,Maharashtra,Mumbai Central (MH-01),4W,MUV,Honda,Diesel,BS6,800,5,1
929,REG100930,25-08-2023,2023,Gujarat,Ahmedabad (GJ-01),4W,Sedan,Toyota,EV,BS6,0,5,1
930,REG100931,29-03-2023,2023,Telangana,Warangal (TS-03),4W,MUV,Tata Motors,Diesel,BS6,800,5,1
931,REG100932,06-01-2019,2019,Tamil Nadu,Madurai (TN-58),2W,Moped,Suzuki,Petrol,BS6,160,2,5
932,REG100933,23-12-2022,2022,Tamil Nadu,Salem (TN-30),2W,Motorcycle,Hero,CNG,BS6,100,2,2
933,REG100934,03-11-2021,2021,Madhya Pradesh,Ujjain (MP-13),4W,Hatchback,Honda,EV,BS6,0,5,3
934,REG100935,15-01-2019,2019,Uttar Pradesh,Kanpur (UP-78),HCV,Trailer,Ashok Leyland,Diesel,BS4,3760,32,5
935,REG100936,19-09-2020,2020,Delhi,Delhi Central (DL-01),2W,Motorcycle,TVS,CNG,BS6,110,2,4
936,REG100937,07-08-2024,2024,Rajasthan,Kota (RJ-20),4W,Sedan,Skoda,Petrol,BS6,1000,6,0
937,REG100938,19-07-2023,2023,Delhi,Delhi Central (DL-01),2W,Motorcycle,Hero,Petrol,BS6,150,2,1
938,REG100939,30-07-2018,2018,West Bengal,Howrah (WB-13),2W,Scooter,Ola Electric,Petrol,BS4,0,2,6
939,REG100940,03-11-2020,2020,Punjab,Jalandhar (PB-08),OTH,Tractor,Escorts,Diesel,BS6,5660,45,4
940,REG100941,10-01-2022,2022,Madhya Pradesh,Indore (MP-09),2W,Moped,Yamaha,CNG,BS6,0,2,2
941,REG100942,30-04-2022,2022,Punjab,Jalandhar (PB-08),2W,Moped,Bajaj,EV,BS6,0,2,2
942,REG100943,31-01-2020,2020,Punjab,Chandigarh (CH-01),2W,Moped,Suzuki,Hybrid,BS6,125,2,4
943,REG100944,03-11-2023,2023,Rajasthan,Udaipur (RJ-27),2W,Motorcycle,Suzuki,Petrol,BS6,350,2,1
944,REG100945,28-11-2023,2023,Kerala,Kozhikode (KL-11),2W,Scooter,Hero,EV,BS6,0,2,1
945,REG100946,06-12-2020,2020,Maharashtra,Pune (MH-12),LCV,Pickup Van,Ashok Leyland,Diesel,BS6,2956,15,4
946,REG100947,04-01-2020,2020,Kerala,Kochi (KL-07),4W,MUV,Renault,Diesel,BS6,1000,8,4
947,REG100948,09-10-2019,2019,Karnataka,Mysore (KA-09),2W,Motorcycle,Bajaj,Petrol,BS4,150,2,5
948,REG100949,05-05-2020,2020,Delhi,Delhi South (DL-09),2W,Moped,KTM,Petrol,BS6,250,2,4
949,REG100950,19-05-2024,2024,Tamil Nadu,Trichy (TN-45),2W,Scooter,Ola Electric,EV,BS6,0,2,0
950,REG100951,10-08-2022,2022,Karnataka,Hubli (KA-25),2W,Motorcycle,KTM,EV,BS6,0,2,2
951,REG100952,31-10-2024,2024,West Bengal,Kolkata (WB-01),4W,MUV,Hyundai,Hybrid,BS6,0,6,0
952,REG100953,07-11-2021,2021,Telangana,Warangal (TS-03),2W,Scooter,Royal Enfield,EV,BS6,0,2,3
953,REG100954,07-01-2024,2024,Karnataka,Hubli (KA-25),2W,Scooter,Bajaj,Petrol,BS6,400,2,0
954,REG100955,07-06-2021,2021,Kerala,Kozhikode (KL-11),3W,E-Rickshaw,Mahindra,Petrol,BS6,200,6,3
955,REG100956,28-06-2023,2023,Maharashtra,Mumbai Central (MH-01),2W,Moped,TVS,Petrol,BS6,400,2,1
956,REG100957,07-05-2021,2021,Kerala,Thrissur (KL-08),4W,SUV,Maruti Suzuki,EV,BS6,0,8,3
957,REG100958,17-03-2022,2022,Maharashtra,Nagpur (MH-31),4W,Hatchback,Tata Motors,Petrol,BS6,1498,6,2
958,REG100959,31-12-2023,2023,Punjab,Patiala (PB-11),HCV,Bus,Tata Motors,Diesel,BS6,6700,45,1
959,REG100960,06-08-2024,2024,Kerala,Kollam (KL-02),OTH,Tractor,Escorts,Diesel,BS6,5660,32,0
960,REG100961,15-02-2023,2023,Telangana,Khammam (TS-07),4W,MUV,Skoda,Petrol,BS6,1000,7,1
961,REG100962,01-01-2024,2024,Tamil Nadu,Madurai (TN-58),4W,MUV,Kia,Petrol,BS6,1000,5,0
962,REG100963,11-07-2022,2022,Kerala,Thrissur (KL-08),3W,Tempo,TVS,Petrol,BS6,225,7,2
963,REG100964,06-04-2022,2022,Tamil Nadu,Coimbatore (TN-37),3W,Tempo,Bajaj,Diesel,BS6,225,3,2
964,REG100965,25-02-2022,2022,Kerala,Kochi (KL-07),4W,Sedan,Kia,Diesel,BS6,1197,5,2
965,REG100966,02-09-2018,2018,Gujarat,Ahmedabad (GJ-01),2W,Scooter,Honda,Petrol,BS4,350,2,6
966,REG100967,19-02-2022,2022,Madhya Pradesh,Bhopal (MP-04),2W,Scooter,Hero,CNG,BS6,150,2,2
967,REG100968,06-11-2022,2022,Telangana,Hyderabad (TS-09),2W,Moped,Royal Enfield,EV,BS6,0,2,2
968,REG100969,23-07-2024,2024,Rajasthan,Kota (RJ-20),4W,SUV,Toyota,Petrol,BS6,1968,5,0
969,REG100970,14-01-2021,2021,Rajasthan,Kota (RJ-20),4W,Hatchback,MG,EV,BS6,0,7,3
970,REG100971,02-01-2021,2021,Kerala,Kochi (KL-07),2W,Moped,KTM,EV,BS6,0,2,3
971,REG100972,06-09-2022,2022,Maharashtra,Nagpur (MH-31),LCV,Light Bus,Ashok Leyland,CNG,BS6,0,15,2
972,REG100973,10-04-2021,2021,Punjab,Chandigarh (CH-01),2W,Scooter,Honda,CNG,BS6,125,2,3
973,REG100974,11-12-2023,2023,Telangana,Khammam (TS-07),4W,Hatchback,Tata Motors,Diesel,BS6,0,8,1
974,REG100975,28-03-2020,2020,Tamil Nadu,Salem (TN-30),HCV,Tanker,MAN,Diesel,BS6,3760,1,4
975,REG100976,12-05-2021,2021,Uttar Pradesh,Lucknow (UP-32),2W,Scooter,Suzuki,Hybrid,BS6,350,2,3
976,REG100977,22-10-2021,2021,Madhya Pradesh,Bhopal (MP-04),4W,MUV,Hyundai,EV,BS6,0,7,3
977,REG100978,14-02-2020,2020,Uttar Pradesh,Varanasi (UP-65),4W,MUV,Mahindra,Petrol,BS6,1000,5,4
978,REG100979,14-07-2019,2019,Rajasthan,Ajmer (RJ-01),HCV,Truck,Eicher,Diesel,BS4,0,1,5
979,REG100980,14-12-2021,2021,Gujarat,Ahmedabad (GJ-01),4W,Sedan,Honda,Diesel,BS6,1197,6,3
980,REG100981,23-04-2023,2023,Karnataka,Mangalore (KA-19),2W,Scooter,Yamaha,Petrol,BS6,350,2,1
981,REG100982,18-01-2023,2023,Madhya Pradesh,Jabalpur (MP-20),2W,Scooter,TVS,Hybrid,BS6,0,2,1
982,REG100983,20-10-2024,2024,Rajasthan,Kota (RJ-20),3W,Tempo,Bajaj,CNG,BS6,0,7,0
983,REG100984,17-04-2020,2020,Delhi,Delhi North (DL-04),2W,Scooter,Hero,Petrol,BS4,150,2,4
984,REG100985,23-03-2021,2021,Kerala,Thiruvananthapuram (KL-01),HCV,Bus,BharatBenz,CNG,BS6,3760,52,3
985,REG100986,28-09-2021,2021,Uttar Pradesh,Agra (UP-80),2W,Scooter,Yamaha,Hybrid,BS6,160,2,3
986,REG100987,28-01-2021,2021,Gujarat,Surat (GJ-05),4W,MUV,Hyundai,Petrol,BS6,1498,8,3
987,REG100988,21-04-2024,2024,Madhya Pradesh,Indore (MP-09),4W,MUV,MG,Petrol,BS6,1462,5,0
988,REG100989,29-01-2023,2023,Rajasthan,Ajmer (RJ-01),2W,Motorcycle,Suzuki,Petrol,BS6,110,2,1
989,REG100990,11-08-2023,2023,Rajasthan,Udaipur (RJ-27),2W,Motorcycle,Honda,EV,BS6,0,2,1
990,REG100991,02-11-2022,2022,Madhya Pradesh,Jabalpur (MP-20),2W,Motorcycle,Bajaj,Petrol,BS6,125,2,2
991,REG100992,01-12-2021,2021,Madhya Pradesh,Jabalpur (MP-20),4W,Hatchback,MG,EV,BS6,0,7,3
992,REG100993,26-04-2023,2023,Maharashtra,Mumbai Central (MH-01),2W,Motorcycle,KTM,EV,BS6,0,2,1
993,REG100994,03-04-2023,2023,Punjab,Patiala (PB-11),OTH,Crane,John Deere,Diesel,BS6,6700,45,1
994,REG100995,05-04-2019,2019,Madhya Pradesh,Jabalpur (MP-20),2W,Motorcycle,Honda,Petrol,BS4,250,2,5
995,REG100996,03-10-2019,2019,Kerala,Thiruvananthapuram (KL-01),2W,Moped,Ather,EV,BS4,0,2,5
996,REG100997,04-03-2022,2022,Delhi,Delhi Central (DL-01),2W,Moped,TVS,Petrol,BS6,100,2,2
997,REG100998,18-01-2020,2020,Tamil Nadu,Trichy (TN-45),2W,Motorcycle,Honda,EV,BS4,0,2,4
998,REG100999,01-01-2024,2024,Karnataka,Belgaum (KA-22),2W,Moped,TVS,Petrol,BS6,150,2,0
999,REG101000,09-09-2022,2022,Gujarat,Ahmedabad (GJ-01),HCV,Trailer,MAN,Diesel,BS6,5660,52,2
1000,REG101001,19-01-2023,2023,Rajasthan,Ajmer (RJ-01),4W,Sedan,Hyundai,EV,BS6,0,6,1
1001,REG101002,15-11-2021,2021,Gujarat,Surat (GJ-05),HCV,Bus,Eicher,Diesel,BS6,6700,1,3
1002,REG101003,13-12-2022,2022,Telangana,Nizamabad (TS-05),2W,Moped,TVS,Petrol,BS6,250,2,2
1003,REG101004,10-07-2023,2023,Kerala,Kochi (KL-07),4W,Hatchback,Kia,EV,BS6,0,6,1
1004,REG101005,09-02-2024,2024,Uttar Pradesh,Kanpur (UP-78),2W,Scooter,Suzuki,Petrol,BS6,160,2,0
1005,REG101006,05-07-2021,2021,Karnataka,Belgaum (KA-22),2W,Moped,Suzuki,Petrol,BS6,200,2,3
1006,REG101007,13-07-2019,2019,Gujarat,Surat (GJ-05),LCV,Mini Truck,Ashok Leyland,Diesel,BS4,2523,9,5
1007,REG101008,25-12-2019,2019,Tamil Nadu,Trichy (TN-45),4W,SUV,Skoda,Diesel,BS4,1498,7,5
1008,REG101009,14-12-2021,2021,Punjab,Chandigarh (CH-01),LCV,Mini Truck,Ashok Leyland,EV,BS6,0,12,3
1009,REG101010,14-03-2020,2020,Punjab,Ludhiana (PB-10),2W,Moped,Ather,CNG,BS6,0,2,4
1010,REG101011,08-11-2023,2023,Punjab,Amritsar (PB-02),2W,Moped,Yamaha,CNG,BS6,250,2,1
1011,REG101012,24-09-2021,2021,Kerala,Thrissur (KL-08),2W,Scooter,KTM,EV,BS6,0,2,3
1012,REG101013,03-05-2023,2023,Gujarat,Ahmedabad (GJ-01),HCV,Tanker,Volvo,Diesel,BS6,3760,2,1
1013,REG101014,06-08-2023,2023,Punjab,Chandigarh (CH-01),2W,Scooter,Ather,EV,BS6,0,2,1
1014,REG101015,04-03-2024,2024,Kerala,Kochi (KL-07),3W,Tempo,Kinetic Green,EV,BS6,0,3,0
1015,REG101016,26-06-2023,2023,Punjab,Ludhiana (PB-10),HCV,Truck,MAN,Diesel,BS6,4998,52,1
1016,REG101017,25-09-2024,2024,Madhya Pradesh,Ujjain (MP-13),2W,Scooter,TVS,CNG,BS6,150,2,0
1017,REG101018,10-09-2024,2024,Tamil Nadu,Chennai Central (TN-01),2W,Motorcycle,Ather,Petrol,BS6,0,2,0
1018,REG101019,02-03-2023,2023,Tamil Nadu,Madurai (TN-58),HCV,Trailer,MAN,Diesel,BS6,5660,32,1
1019,REG101020,25-11-2020,2020,West Bengal,Durgapur (WB-40),2W,Motorcycle,Ola Electric,Petrol,BS6,0,2,4
1020,REG101021,18-06-2018,2018,Maharashtra,Nashik (MH-15),LCV,Pickup Van,Tata Motors,Diesel,BS4,3298,12,6
1021,REG101022,09-08-2021,2021,Karnataka,Bangalore Central (KA-01),2W,Moped,TVS,Petrol,BS6,350,2,3
1022,REG101023,20-03-2024,2024,Delhi,Delhi Central (DL-01),3W,Auto Rickshaw,Mahindra,CNG,BS6,250,3,0
1023,REG101024,25-02-2022,2022,West Bengal,Siliguri (WB-73),2W,Scooter,Suzuki,Petrol,BS6,350,2,2
1024,REG101025,12-04-2021,2021,Madhya Pradesh,Jabalpur (MP-20),2W,Scooter,Suzuki,Petrol,BS6,110,2,3
1025,REG101026,24-03-2021,2021,Delhi,Delhi West (DL-08),2W,Scooter,Suzuki,Hybrid,BS6,150,2,3
1026,REG101027,07-03-2023,2023,West Bengal,Durgapur (WB-40),2W,Scooter,Ather,EV,BS6,0,2,1
1027,REG101028,05-03-2024,2024,Uttar Pradesh,Allahabad (UP-70),4W,MUV,Tata Motors,Petrol,BS6,1197,7,0
1028,REG101029,02-11-2023,2023,Telangana,Hyderabad (TS-09),4W,Sedan,Maruti Suzuki,EV,BS6,0,8,1
1029,REG101030,19-09-2022,2022,West Bengal,Durgapur (WB-40),2W,Motorcycle,Suzuki,Petrol,BS6,125,2,2
1030,REG101031,31-08-2023,2023,Delhi,Delhi West (DL-08),4W,SUV,Mahindra,EV,BS6,0,6,1
1031,REG101032,21-05-2019,2019,Delhi,Delhi South (DL-09),4W,Sedan,Mahindra,Petrol,BS4,1462,6,5
1032,REG101033,25-12-2021,2021,Uttar Pradesh,Lucknow (UP-32),4W,Hatchback,Maruti Suzuki,Diesel,BS6,1462,6,3
1033,REG101034,18-05-2018,2018,Rajasthan,Udaipur (RJ-27),3W,Tempo,Mahindra,EV,BS4,0,6,6
1034,REG101035,14-06-2018,2018,Rajasthan,Udaipur (RJ-27),2W,Motorcycle,TVS,Petrol,BS4,150,2,6
1035,REG101036,05-07-2020,2020,Gujarat,Rajkot (GJ-03),2W,Moped,Honda,EV,BS6,0,2,4
1036,REG101037,03-07-2024,2024,Gujarat,Ahmedabad (GJ-01),2W,Motorcycle,Ather,Hybrid,BS6,0,2,0
1037,REG101038,16-07-2021,2021,Kerala,Kollam (KL-02),3W,E-Rickshaw,Piaggio,EV,BS6,0,3,3
1038,REG101039,08-02-2023,2023,Tamil Nadu,Trichy (TN-45),2W,Moped,Bajaj,Petrol,BS6,400,2,1
1039,REG101040,07-03-2023,2023,Punjab,Amritsar (PB-02),2W,Scooter,Bajaj,EV,BS6,0,2,1
1040,REG101041,12-08-2023,2023,Uttar Pradesh,Allahabad (UP-70),4W,SUV,Toyota,Diesel,BS6,1000,8,1
1041,REG101042,29-05-2021,2021,Uttar Pradesh,Allahabad (UP-70),HCV,Truck,Ashok Leyland,Diesel,BS6,3760,52,3
1042,REG101043,08-02-2022,2022,Maharashtra,Pune (MH-12),4W,MUV,MG,EV,BS6,0,8,2
1043,REG101044,02-01-2021,2021,Telangana,Karimnagar (TS-01),4W,MUV,Honda,CNG,BS6,1197,6,3
1044,REG101045,13-05-2023,2023,Punjab,Chandigarh (CH-01),LCV,Light Bus,Force Motors,Diesel,BS6,3298,9,1
1045,REG101046,21-01-2022,2022,Gujarat,Vadodara (GJ-06),4W,Sedan,Mahindra,Petrol,BS6,1197,7,2
1046,REG101047,29-11-2022,2022,Tamil Nadu,Madurai (TN-58),LCV,Mini Truck,Mahindra,Diesel,BS6,3298,15,2
1047,REG101048,10-11-2023,2023,Punjab,Amritsar (PB-02),2W,Moped,Ather,Petrol,BS6,0,2,1
1048,REG101049,01-04-2023,2023,Rajasthan,Jaipur (RJ-14),4W,Hatchback,Toyota,Petrol,BS6,1498,5,1
1049,REG101050,20-11-2020,2020,Telangana,Khammam (TS-07),2W,Moped,Suzuki,EV,BS6,0,2,4
1050,REG101051,21-07-2020,2020,Telangana,Warangal (TS-03),4W,Sedan,Toyota,Petrol,BS6,1197,8,4
1051,REG101052,31-03-2020,2020,Delhi,Delhi North (DL-04),2W,Scooter,Honda,EV,BS6,0,2,4
1052,REG101053,01-04-2018,2018,Punjab,Jalandhar (PB-08),HCV,Bus,MAN,Diesel,BS4,6700,52,6
1053,REG101054,21-02-2024,2024,Delhi,Delhi Central (DL-01),2W,Scooter,Bajaj,EV,BS6,0,2,0
1054,REG101055,26-11-2019,2019,Tamil Nadu,Chennai Central (TN-01),4W,MUV,Honda,Petrol,BS4,800,6,5
1055,REG101056,24-02-2023,2023,Delhi,Delhi Central (DL-01),2W,Moped,Ola Electric,Petrol,BS6,0,2,1
1056,REG101057,16-08-2022,2022,Kerala,Kozhikode (KL-11),LCV,Mini Truck,Mahindra,Diesel,BS6,2956,12,2
1057,REG101058,05-03-2021,2021,Rajasthan,Udaipur (RJ-27),2W,Motorcycle,Ather,CNG,BS6,0,2,3
1058,REG101059,13-01-2020,2020,Maharashtra,Mumbai Central (MH-01),4W,Hatchback,Renault,Diesel,BS6,1462,8,4
1059,REG101060,27-02-2021,2021,Uttar Pradesh,Kanpur (UP-78),2W,Scooter,Bajaj,CNG,BS6,350,2,3
1060,REG101061,04-07-2022,2022,Tamil Nadu,Chennai Central (TN-01),2W,Scooter,Yamaha,Petrol,BS6,110,2,2
1061,REG101062,06-08-2022,2022,Maharashtra,Aurangabad (MH-20),2W,Scooter,Ather,Petrol,BS6,0,2,2
1062,REG101063,05-12-2021,2021,Madhya Pradesh,Gwalior (MP-07),4W,SUV,Toyota,Petrol,BS6,1598,7,3
1063,REG101064,01-09-2020,2020,Kerala,Thiruvananthapuram (KL-01),4W,Sedan,Tata Motors,Diesel,BS6,1000,5,4
1064,REG101065,04-04-2021,2021,Punjab,Jalandhar (PB-08),HCV,Trailer,Ashok Leyland,Diesel,BS6,6700,32,3
1065,REG101066,12-03-2023,2023,Rajasthan,Udaipur (RJ-27),2W,Moped,Suzuki,EV,BS6,0,2,1
1066,REG101067,12-02-2023,2023,Uttar Pradesh,Varanasi (UP-65),4W,MUV,Renault,Diesel,BS6,1968,6,1
1067,REG101068,10-03-2021,2021,Kerala,Thiruvananthapuram (KL-01),2W,Motorcycle,Bajaj,Petrol,BS6,110,2,3
1068,REG101069,03-08-2020,2020,Maharashtra,Nagpur (MH-31),2W,Motorcycle,Royal Enfield,EV,BS6,0,2,4
1069,REG101070,14-01-2023,2023,Delhi,Delhi East (DL-02),2W,Motorcycle,Honda,CNG,BS6,250,2,1
1070,REG101071,16-03-2024,2024,Rajasthan,Jaipur (RJ-14),4W,Hatchback,MG,CNG,BS6,1598,6,0
1071,REG101072,13-03-2023,2023,Karnataka,Mysore (KA-09),2W,Moped,Suzuki,Petrol,BS6,400,2,1
1072,REG101073,07-01-2023,2023,Kerala,Kozhikode (KL-11),3W,Tempo,TVS,Diesel,BS6,250,3,1
1073,REG101074,06-01-2020,2020,Tamil Nadu,Chennai Central (TN-01),LCV,Mini Truck,Eicher,EV,BS6,0,12,4
1074,REG101075,05-08-2021,2021,Madhya Pradesh,Jabalpur (MP-20),4W,SUV,Skoda,Diesel,BS6,1197,7,3
1075,REG101076,20-07-2022,2022,Karnataka,Belgaum (KA-22),2W,Motorcycle,Bajaj,Petrol,BS6,125,2,2
1076,REG101077,27-07-2021,2021,Kerala,Kollam (KL-02),4W,Hatchback,MG,Diesel,BS6,1968,6,3
1077,REG101078,05-11-2019,2019,Maharashtra,Nagpur (MH-31),4W,Sedan,Kia,Petrol,BS4,1598,5,5
1078,REG101079,08-06-2022,2022,Delhi,Delhi West (DL-08),2W,Motorcycle,Honda,Petrol,BS6,150,2,2
1079,REG101080,17-10-2019,2019,Telangana,Warangal (TS-03),4W,Hatchback,Mahindra,Petrol,BS4,800,8,5
1080,REG101081,14-09-2023,2023,Maharashtra,Mumbai Central (MH-01),2W,Scooter,Hero,Petrol,BS6,150,2,1
1081,REG101082,15-09-2021,2021,Rajasthan,Udaipur (RJ-27),4W,Sedan,Hyundai,Diesel,BS6,1000,6,3
1082,REG101083,16-12-2021,2021,Maharashtra,Aurangabad (MH-20),4W,MUV,Skoda,Petrol,BS6,2179,5,3
1083,REG101084,24-03-2023,2023,Madhya Pradesh,Bhopal (MP-04),HCV,Bus,Ashok Leyland,CNG,BS6,0,52,1
1084,REG101085,16-11-2021,2021,Kerala,Kollam (KL-02),4W,SUV,MG,Petrol,BS6,1968,5,3
1085,REG101086,17-11-2024,2024,Kerala,Thrissur (KL-08),2W,Moped,Ola Electric,Petrol,BS6,0,2,0
1086,REG101087,10-06-2022,2022,Karnataka,Bangalore Central (KA-01),2W,Scooter,Ather,Petrol,BS6,0,2,2
1087,REG101088,30-12-2019,2019,Gujarat,Surat (GJ-05),2W,Moped,Yamaha,Petrol,BS4,350,2,5
1088,REG101089,21-01-2024,2024,Gujarat,Rajkot (GJ-03),OTH,Crane,TAFE,Diesel,BS6,5660,32,0
1089,REG101090,10-06-2021,2021,Uttar Pradesh,Varanasi (UP-65),LCV,Light Bus,Mahindra,Diesel,BS6,3298,9,3
1090,REG101091,30-01-2023,2023,Madhya Pradesh,Jabalpur (MP-20),3W,E-Rickshaw,Kinetic Green,CNG,BS6,225,7,1
1091,REG101092,07-02-2020,2020,Telangana,Hyderabad (TS-09),2W,Motorcycle,Royal Enfield,Petrol,BS6,150,2,4
1092,REG101093,25-02-2023,2023,Uttar Pradesh,Varanasi (UP-65),4W,SUV,MG,Diesel,BS6,1000,6,1
1093,REG101094,12-06-2021,2021,Kerala,Thiruvananthapuram (KL-01),HCV,Tanker,BharatBenz,Diesel,BS6,5660,52,3
1094,REG101095,21-03-2022,2022,West Bengal,Howrah (WB-13),4W,MUV,Hyundai,Petrol,BS6,2179,6,2
1095,REG101096,09-08-2021,2021,Madhya Pradesh,Indore (MP-09),2W,Motorcycle,Ola Electric,Hybrid,BS6,0,2,3
1096,REG101097,12-02-2020,2020,Delhi,Delhi Central (DL-01),2W,Motorcycle,Suzuki,Petrol,BS6,125,2,4
1097,REG101098,13-05-2022,2022,Karnataka,Hubli (KA-25),2W,Scooter,KTM,Petrol,BS6,125,2,2
1098,REG101099,28-06-2021,2021,Maharashtra,Mumbai Central (MH-01),LCV,Pickup Van,Ashok Leyland,EV,BS6,0,12,3
1099,REG101100,18-07-2024,2024,West Bengal,Asansol (WB-39),4W,Sedan,Honda,Diesel,BS6,800,6,0
1100,REG101101,16-03-2020,2020,Karnataka,Belgaum (KA-22),4W,SUV,Toyota,Petrol,BS6,2179,7,4
1101,REG101102,20-11-2024,2024,Karnataka,Mangalore (KA-19),2W,Moped,Hero,EV,BS6,0,2,0
1102,REG101103,27-03-2023,2023,Madhya Pradesh,Ujjain (MP-13),2W,Motorcycle,Bajaj,Petrol,BS4,0,2,1
1103,REG101104,09-01-2021,2021,Uttar Pradesh,Kanpur (UP-78),2W,Motorcycle,Ola Electric,Petrol,BS6,0,2,3
1104,REG101105,29-07-2024,2024,Gujarat,Gandhinagar (GJ-18),4W,Hatchback,MG,EV,BS6,0,7,0
1105,REG101106,01-04-2022,2022,Telangana,Karimnagar (TS-01),3W,E-Rickshaw,Bajaj,CNG,BS6,225,7,2
1106,REG101107,20-02-2021,2021,Uttar Pradesh,Varanasi (UP-65),2W,Moped,Suzuki,EV,BS6,0,2,3
1107,REG101108,06-10-2023,2023,Karnataka,Bangalore Central (KA-01),4W,MUV,Hyundai,Diesel,BS6,1000,8,1
1108,REG101109,09-10-2020,2020,Telangana,Khammam (TS-07),4W,SUV,Honda,Petrol,BS6,1968,5,4
1109,REG101110,26-12-2024,2024,Delhi,Delhi North (DL-04),HCV,Trailer,BharatBenz,Diesel,BS6,6700,1,0
1110,REG101111,11-12-2021,2021,Rajasthan,Jodhpur (RJ-19),3W,E-Rickshaw,Kinetic Green,CNG,BS6,225,3,3
1111,REG101112,12-06-2023,2023,Uttar Pradesh,Lucknow (UP-32),2W,Motorcycle,Yamaha,EV,BS6,0,2,1
1112,REG101113,20-07-2020,2020,Tamil Nadu,Trichy (TN-45),OTH,Tractor,Escorts,Diesel,BS6,3760,52,4
1113,REG101114,22-09-2021,2021,Uttar Pradesh,Kanpur (UP-78),HCV,Tanker,MAN,Diesel,BS6,4998,45,3
1114,REG101115,18-11-2023,2023,Delhi,Delhi Central (DL-01),4W,Sedan,Renault,Petrol,BS6,1498,6,1
1115,REG101116,20-03-2023,2023,Rajasthan,Jodhpur (RJ-19),2W,Motorcycle,Suzuki,Petrol,BS6,100,2,1
1116,REG101117,08-03-2018,2018,Punjab,Patiala (PB-11),HCV,Truck,Eicher,Diesel,BS4,6700,32,6
1117,REG101118,13-07-2022,2022,Tamil Nadu,Coimbatore (TN-37),4W,Sedan,Kia,Petrol,BS6,1498,5,2
1118,REG101119,23-08-2024,2024,Gujarat,Ahmedabad (GJ-01),HCV,Truck,MAN,Diesel,BS6,0,1,0
1119,REG101120,17-04-2022,2022,Karnataka,Mysore (KA-09),2W,Motorcycle,Honda,Petrol,BS6,250,2,2
1120,REG101121,17-04-2024,2024,Karnataka,Mangalore (KA-19),4W,MUV,Hyundai,Diesel,BS6,1968,8,0
1121,REG101122,17-10-2024,2024,Rajasthan,Udaipur (RJ-27),4W,Sedan,Kia,Petrol,BS6,800,5,0
1122,REG101123,11-05-2018,2018,Rajasthan,Kota (RJ-20),3W,Tempo,Atul Auto,EV,BS4,0,3,6
1123,REG101124,16-01-2019,2019,Punjab,Chandigarh (CH-01),4W,Sedan,Mahindra,Diesel,BS4,1598,6,5
1124,REG101125,28-06-2022,2022,Delhi,Delhi Central (DL-01),4W,Sedan,Kia,Petrol,BS6,0,7,2
1125,REG101126,23-05-2020,2020,West Bengal,Siliguri (WB-73),2W,Scooter,Bajaj,Petrol,BS4,250,2,4
1126,REG101127,09-08-2024,2024,Karnataka,Belgaum (KA-22),4W,SUV,Tata Motors,Petrol,BS6,2179,8,0
1127,REG101128,30-06-2022,2022,Punjab,Amritsar (PB-02),4W,Hatchback,Skoda,Diesel,BS6,1598,5,2
1128,REG101129,27-11-2021,2021,West Bengal,Howrah (WB-13),LCV,Light Bus,Ashok Leyland,CNG,BS6,3298,12,3
1129,REG101130,21-04-2021,2021,Maharashtra,Mumbai Central (MH-01),2W,Scooter,Suzuki,Petrol,BS6,200,2,3
1130,REG101131,18-06-2023,2023,Rajasthan,Jodhpur (RJ-19),4W,Hatchback,Maruti Suzuki,Diesel,BS6,1462,8,1
1131,REG101132,27-09-2021,2021,Punjab,Amritsar (PB-02),LCV,Light Bus,Tata Motors,Diesel,BS6,2956,9,3
1132,REG101133,11-08-2022,2022,Telangana,Nizamabad (TS-05),4W,Hatchback,Skoda,EV,BS6,0,7,2
1133,REG101134,02-03-2024,2024,Delhi,Delhi East (DL-02),2W,Scooter,KTM,Petrol,BS6,110,2,0
1134,REG101135,26-11-2018,2018,West Bengal,Howrah (WB-13),4W,MUV,Mahindra,CNG,BS4,800,8,6
1135,REG101136,21-06-2024,2024,Gujarat,Surat (GJ-05),LCV,Pickup Van,Tata Motors,Diesel,BS6,2523,9,0
1136,REG101137,24-07-2021,2021,West Bengal,Kolkata (WB-01),4W,MUV,Kia,Petrol,BS6,1000,7,3
1137,REG101138,10-07-2024,2024,West Bengal,Asansol (WB-39),2W,Scooter,KTM,EV,BS6,0,2,0
1138,REG101139,11-08-2024,2024,Karnataka,Bangalore Central (KA-01),2W,Motorcycle,TVS,Petrol,BS6,150,2,0
1139,REG101140,12-05-2024,2024,Tamil Nadu,Chennai Central (TN-01),2W,Scooter,Ather,Petrol,BS6,0,2,0
1140,REG101141,19-05-2023,2023,Karnataka,Bangalore Central (KA-01),HCV,Truck,Volvo,Diesel,BS6,4998,2,1
1141,REG101142,23-11-2022,2022,Punjab,Jalandhar (PB-08),2W,Scooter,TVS,Hybrid,BS6,350,2,2
1142,REG101143,14-06-2023,2023,Madhya Pradesh,Bhopal (MP-04),3W,Auto Rickshaw,Atul Auto,Diesel,BS6,0,3,1
1143,REG101144,04-12-2023,2023,Karnataka,Hubli (KA-25),4W,Hatchback,Toyota,CNG,BS6,1462,5,1
1144,REG101145,07-09-2023,2023,Karnataka,Mangalore (KA-19),2W,Motorcycle,Bajaj,EV,BS6,0,2,1
1145,REG101146,16-09-2022,2022,Rajasthan,Jodhpur (RJ-19),4W,SUV,Kia,EV,BS6,0,6,2
1146,REG101147,06-04-2020,2020,Delhi,Delhi West (DL-08),2W,Scooter,Ola Electric,EV,BS6,0,2,4
1147,REG101148,24-02-2019,2019,Gujarat,Rajkot (GJ-03),2W,Scooter,Ola Electric,EV,BS4,0,2,5
1148,REG101149,20-08-2022,2022,Delhi,Delhi Central (DL-01),LCV,Mini Truck,Ashok Leyland,Diesel,BS6,3298,12,2
1149,REG101150,18-09-2021,2021,Karnataka,Belgaum (KA-22),2W,Scooter,Bajaj,Petrol,BS6,200,2,3
1150,REG101151,10-04-2021,2021,Maharashtra,Nashik (MH-15),2W,Motorcycle,Hero,EV,BS6,0,2,3
1151,REG101152,25-02-2022,2022,Delhi,Delhi North (DL-04),2W,Scooter,Ather,EV,BS6,0,2,2
1152,REG101153,16-05-2024,2024,Madhya Pradesh,Indore (MP-09),HCV,Bus,Tata Motors,Diesel,BS6,4998,1,0
1153,REG101154,21-12-2021,2021,Telangana,Hyderabad (TS-09),2W,Moped,Suzuki,Petrol,BS6,160,2,3
1154,REG101155,28-05-2021,2021,West Bengal,Howrah (WB-13),2W,Motorcycle,Yamaha,EV,BS6,0,2,3
1155,REG101156,03-05-2023,2023,Karnataka,Mysore (KA-09),3W,Tempo,Atul Auto,Diesel,BS6,225,6,1
1156,REG101157,30-08-2024,2024,Madhya Pradesh,Bhopal (MP-04),2W,Scooter,KTM,Petrol,BS6,250,2,0
1157,REG101158,01-11-2023,2023,Rajasthan,Jaipur (RJ-14),2W,Scooter,Honda,Petrol,BS6,200,2,1
1158,REG101159,18-10-2018,2018,West Bengal,Asansol (WB-39),2W,Motorcycle,KTM,Petrol,BS4,160,2,6
1159,REG101160,21-06-2021,2021,Delhi,Delhi South (DL-09),3W,Auto Rickshaw,Bajaj,CNG,BS6,0,6,3
1160,REG101161,30-06-2021,2021,Kerala,Kozhikode (KL-11),OTH,Crane,Sonalika,Diesel,BS6,5660,32,3
1161,REG101162,17-03-2023,2023,Telangana,Khammam (TS-07),3W,E-Rickshaw,Kinetic Green,EV,BS6,0,3,1
1162,REG101163,04-07-2023,2023,Madhya Pradesh,Indore (MP-09),2W,Motorcycle,Bajaj,EV,BS6,0,2,1
1163,REG101164,05-10-2024,2024,Kerala,Thiruvananthapuram (KL-01),2W,Scooter,Honda,Petrol,BS6,350,2,0
1164,REG101165,22-05-2021,2021,Telangana,Warangal (TS-03),2W,Moped,Yamaha,Petrol,BS6,160,2,3
1165,REG101166,18-10-2022,2022,Delhi,Delhi Central (DL-01),4W,SUV,Skoda,Petrol,BS6,1598,7,2
1166,REG101167,29-05-2023,2023,Karnataka,Bangalore Central (KA-01),3W,Tempo,Piaggio,Diesel,BS6,225,6,1
1167,REG101168,31-10-2018,2018,West Bengal,Durgapur (WB-40),2W,Scooter,Hero,EV,BS4,0,2,6
1168,REG101169,09-05-2023,2023,Maharashtra,Nashik (MH-15),2W,Scooter,Yamaha,EV,BS6,0,2,1
1169,REG101170,11-04-2021,2021,Rajasthan,Kota (RJ-20),4W,Sedan,Hyundai,EV,BS6,0,5,3
1170,REG101171,24-07-2023,2023,Gujarat,Surat (GJ-05),2W,Scooter,Bajaj,CNG,BS6,110,2,1
1171,REG101172,24-10-2023,2023,Gujarat,Vadodara (GJ-06),4W,Sedan,Skoda,Diesel,BS6,1197,6,1
1172,REG101173,18-11-2019,2019,Gujarat,Surat (GJ-05),2W,Motorcycle,Royal Enfield,Petrol,BS4,350,2,5
1173,REG101174,10-06-2022,2022,Telangana,Warangal (TS-03),2W,Scooter,Honda,Petrol,BS6,400,2,2
1174,REG101175,15-01-2024,2024,Madhya Pradesh,Gwalior (MP-07),3W,E-Rickshaw,Mahindra,Diesel,BS6,200,6,0
1175,REG101176,14-11-2022,2022,Karnataka,Mysore (KA-09),4W,SUV,Mahindra,CNG,BS6,0,7,2
1176,REG101177,24-08-2023,2023,Maharashtra,Nashik (MH-15),2W,Moped,Hero,EV,BS6,0,2,1
1177,REG101178,17-10-2022,2022,Karnataka,Bangalore Central (KA-01),2W,Moped,Honda,Petrol,BS6,350,2,2
1178,REG101179,28-01-2022,2022,Kerala,Kozhikode (KL-11),LCV,Mini Truck,Eicher,CNG,BS6,2956,15,2
1179,REG101180,20-03-2024,2024,Tamil Nadu,Trichy (TN-45),4W,MUV,Tata Motors,Petrol,BS6,1498,7,0
1180,REG101181,03-03-2018,2018,Kerala,Thiruvananthapuram (KL-01),4W,Sedan,Hyundai,Petrol,BS4,0,5,6
1181,REG101182,03-06-2021,2021,Delhi,Delhi East (DL-02),2W,Motorcycle,Ather,EV,BS6,0,2,3
1182,REG101183,12-11-2022,2022,West Bengal,Howrah (WB-13),4W,SUV,Skoda,EV,BS6,0,8,2
1183,REG101184,07-10-2022,2022,Tamil Nadu,Chennai Central (TN-01),2W,Moped,Bajaj,Petrol,BS6,150,2,2
1184,REG101185,21-05-2022,2022,West Bengal,Siliguri (WB-73),2W,Moped,Honda,EV,BS6,0,2,2
1185,REG101186,16-10-2021,2021,Uttar Pradesh,Lucknow (UP-32),3W,E-Rickshaw,Piaggio,CNG,BS6,0,3,3
1186,REG101187,13-03-2018,2018,Punjab,Amritsar (PB-02),2W,Moped,Ola Electric,EV,BS4,0,2,6
1187,REG101188,17-04-2024,2024,Kerala,Thrissur (KL-08),2W,Motorcycle,Yamaha,EV,BS6,0,2,0
1188,REG101189,15-10-2020,2020,Kerala,Kollam (KL-02),2W,Motorcycle,TVS,EV,BS6,0,2,4
1189,REG101190,05-09-2019,2019,West Bengal,Howrah (WB-13),2W,Moped,Royal Enfield,Petrol,BS4,250,2,5
1190,REG101191,28-06-2021,2021,West Bengal,Asansol (WB-39),4W,SUV,Tata Motors,EV,BS6,0,5,3
1191,REG101192,14-12-2023,2023,Maharashtra,Mumbai Central (MH-01),LCV,Mini Truck,Mahindra,Diesel,BS6,0,12,1
1192,REG101193,01-02-2024,2024,Delhi,Delhi East (DL-02),2W,Motorcycle,Suzuki,Hybrid,BS6,0,2,0
1193,REG101194,20-11-2023,2023,Gujarat,Ahmedabad (GJ-01),2W,Moped,Honda,EV,BS6,0,2,1
1194,REG101195,11-10-2024,2024,Tamil Nadu,Madurai (TN-58),2W,Scooter,Suzuki,Petrol,BS6,150,2,0
1195,REG101196,10-08-2020,2020,Delhi,Delhi West (DL-08),3W,Tempo,TVS,CNG,BS6,225,3,4
1196,REG101197,04-07-2023,2023,Punjab,Chandigarh (CH-01),4W,Hatchback,Mahindra,Petrol,BS6,1968,5,1
1197,REG101198,14-09-2022,2022,Rajasthan,Jodhpur (RJ-19),4W,MUV,Mahindra,Petrol,BS6,1598,7,2
1198,REG101199,19-10-2023,2023,Punjab,Patiala (PB-11),LCV,Mini Truck,Force Motors,Diesel,BS6,2523,9,1
1199,REG101200,12-01-2022,2022,Telangana,Nizamabad (TS-05),2W,Scooter,Bajaj,Petrol,BS6,150,2,2
1200,REG101201,30-09-2024,2024,Gujarat,Vadodara (GJ-06),2W,Scooter,Honda,Petrol,BS6,0,2,0
1201,REG101202,26-02-2018,2018,Delhi,Delhi South (DL-09),HCV,Trailer,BharatBenz,Diesel,BS4,0,45,6
1202,REG101203,31-01-2021,2021,Gujarat,Ahmedabad (GJ-01),2W,Scooter,Royal Enfield,Petrol,BS4,125,2,3
1203,REG101204,09-11-2022,2022,Delhi,Delhi South (DL-09),4W,SUV,Maruti Suzuki,Petrol,BS6,800,7,2
1204,REG101205,22-01-2024,2024,Karnataka,Mangalore (KA-19),4W,Hatchback,Renault,Diesel,BS6,1000,5,0
1205,REG101206,11-01-2021,2021,West Bengal,Asansol (WB-39),2W,Scooter,Suzuki,EV,BS6,0,2,3
1206,REG101207,13-07-2022,2022,Maharashtra,Pune (MH-12),4W,MUV,Maruti Suzuki,CNG,BS6,1197,8,2
1207,REG101208,29-06-2024,2024,Kerala,Thrissur (KL-08),4W,Hatchback,MG,Petrol,BS6,1462,7,0
1208,REG101209,01-10-2020,2020,Uttar Pradesh,Lucknow (UP-32),2W,Motorcycle,Ola Electric,Petrol,BS4,0,2,4
1209,REG101210,03-04-2018,2018,Maharashtra,Mumbai Central (MH-01),LCV,Mini Truck,Tata Motors,Diesel,BS4,3298,9,6
1210,REG101211,03-12-2022,2022,Rajasthan,Kota (RJ-20),4W,Sedan,Kia,Petrol,BS6,1000,5,2
1211,REG101212,23-04-2023,2023,Karnataka,Hubli (KA-25),HCV,Bus,BharatBenz,CNG,BS6,6700,32,1
1212,REG101213,23-12-2024,2024,Rajasthan,Ajmer (RJ-01),2W,Moped,Bajaj,EV,BS6,0,2,0
1213,REG101214,12-03-2021,2021,Telangana,Hyderabad (TS-09),2W,Scooter,Ola Electric,EV,BS6,0,2,3
1214,REG101215,19-01-2023,2023,Delhi,Delhi West (DL-08),4W,Sedan,Hyundai,Diesel,BS6,1462,8,1
1215,REG101216,16-07-2021,2021,Madhya Pradesh,Jabalpur (MP-20),HCV,Truck,BharatBenz,Diesel,BS6,5660,1,3
1216,REG101217,15-08-2024,2024,Maharashtra,Nagpur (MH-31),LCV,Pickup Van,Force Motors,Diesel,BS6,2523,9,0
1217,REG101218,05-10-2023,2023,Delhi,Delhi North (DL-04),2W,Scooter,Ather,Petrol,BS6,0,2,1
1218,REG101219,15-01-2022,2022,Maharashtra,Aurangabad (MH-20),4W,SUV,Kia,Hybrid,BS6,1598,8,2
1219,REG101220,18-10-2022,2022,Uttar Pradesh,Lucknow (UP-32),4W,MUV,Kia,Diesel,BS6,0,7,2
1220,REG101221,21-05-2021,2021,Tamil Nadu,Salem (TN-30),3W,Auto Rickshaw,Piaggio,CNG,BS6,200,3,3
1221,REG101222,04-12-2021,2021,Telangana,Nizamabad (TS-05),2W,Scooter,Hero,EV,BS6,0,2,3
1222,REG101223,02-04-2021,2021,Madhya Pradesh,Ujjain (MP-13),2W,Scooter,Ola Electric,EV,BS6,0,2,3
1223,REG101224,22-04-2022,2022,West Bengal,Kolkata (WB-01),2W,Scooter,Hero,Petrol,BS6,250,2,2
1224,REG101225,14-08-2021,2021,Maharashtra,Aurangabad (MH-20),HCV,Trailer,Eicher,Diesel,BS6,4998,32,3
1225,REG101226,01-12-2020,2020,Gujarat,Vadodara (GJ-06),LCV,Mini Truck,Mahindra,CNG,BS6,2523,9,4
1226,REG101227,27-04-2021,2021,Karnataka,Bangalore Central (KA-01),2W,Moped,KTM,EV,BS6,0,2,3
1227,REG101228,01-05-2023,2023,Kerala,Kozhikode (KL-11),OTH,Tractor,John Deere,Diesel,BS6,5660,1,1
1228,REG101229,09-07-2020,2020,Karnataka,Belgaum (KA-22),2W,Moped,Honda,Petrol,BS6,250,2,4
1229,REG101230,21-06-2022,2022,Karnataka,Mangalore (KA-19),LCV,Mini Truck,Tata Motors,Diesel,BS6,0,15,2
1230,REG101231,28-05-2020,2020,Rajasthan,Udaipur (RJ-27),HCV,Trailer,Eicher,Diesel,BS6,4998,52,4
1231,REG101232,25-10-2023,2023,Maharashtra,Mumbai Central (MH-01),4W,SUV,Renault,EV,BS6,0,6,1
1232,REG101233,10-02-2023,2023,Uttar Pradesh,Allahabad (UP-70),2W,Moped,TVS,Petrol,BS6,110,2,1
1233,REG101234,04-03-2023,2023,Delhi,Delhi South (DL-09),3W,Tempo,Kinetic Green,EV,BS6,0,7,1
1234,REG101235,05-05-2023,2023,West Bengal,Asansol (WB-39),3W,E-Rickshaw,TVS,CNG,BS6,250,3,1
1235,REG101236,28-07-2020,2020,Rajasthan,Jodhpur (RJ-19),3W,Tempo,Bajaj,EV,BS4,0,3,4
1236,REG101237,03-08-2022,2022,Rajasthan,Ajmer (RJ-01),3W,E-Rickshaw,Kinetic Green,Diesel,BS6,225,7,2
1237,REG101238,27-05-2019,2019,Tamil Nadu,Trichy (TN-45),2W,Scooter,Ola Electric,CNG,BS4,0,2,5
1238,REG101239,12-04-2022,2022,Rajasthan,Jaipur (RJ-14),2W,Scooter,Ather,Petrol,BS6,0,2,2
1239,REG101240,21-02-2022,2022,West Bengal,Kolkata (WB-01),2W,Scooter,Royal Enfield,Hybrid,BS6,125,2,2
1240,REG101241,18-07-2022,2022,Maharashtra,Nashik (MH-15),2W,Motorcycle,Honda,Petrol,BS6,250,2,2
1241,REG101242,22-06-2021,2021,Rajasthan,Jodhpur (RJ-19),2W,Moped,Bajaj,CNG,BS6,0,2,3
1242,REG101243,18-08-2023,2023,Punjab,Patiala (PB-11),2W,Moped,Hero,Petrol,BS6,250,2,1
1243,REG101244,04-04-2022,2022,Madhya Pradesh,Jabalpur (MP-20),4W,MUV,Kia,Hybrid,BS6,0,5,2
1244,REG101245,18-09-2021,2021,Tamil Nadu,Chennai Central (TN-01),4W,SUV,MG,Diesel,BS6,1498,5,3
1245,REG101246,17-09-2024,2024,Delhi,Delhi West (DL-08),3W,Auto Rickshaw,Atul Auto,EV,BS6,0,6,0
1246,REG101247,18-04-2023,2023,Rajasthan,Udaipur (RJ-27),2W,Motorcycle,TVS,Petrol,BS6,250,2,1
1247,REG101248,28-05-2021,2021,Telangana,Nizamabad (TS-05),4W,SUV,Hyundai,Diesel,BS6,1498,8,3
1248,REG101249,08-12-2023,2023,West Bengal,Howrah (WB-13),LCV,Pickup Van,Ashok Leyland,CNG,BS6,3298,9,1
1249,REG101250,02-10-2024,2024,Karnataka,Mysore (KA-09),4W,Sedan,Maruti Suzuki,CNG,BS6,1462,5,0
1250,REG101251,06-03-2023,2023,West Bengal,Kolkata (WB-01),2W,Scooter,Ola Electric,Petrol,BS6,0,2,1
1251,REG101252,12-03-2022,2022,Gujarat,Ahmedabad (GJ-01),4W,Hatchback,MG,Diesel,BS6,1498,5,2
1252,REG101253,21-05-2020,2020,Rajasthan,Jaipur (RJ-14),4W,Sedan,Hyundai,Diesel,BS6,2179,5,4
1253,REG101254,11-06-2024,2024,Kerala,Kozhikode (KL-11),LCV,Mini Truck,Force Motors,Diesel,BS6,2956,15,0
1254,REG101255,11-12-2022,2022,Madhya Pradesh,Bhopal (MP-04),HCV,Truck,Ashok Leyland,Diesel,BS6,4998,32,2
1255,REG101256,22-11-2021,2021,West Bengal,Howrah (WB-13),3W,Auto Rickshaw,Kinetic Green,Diesel,BS6,200,7,3
1256,REG101257,02-04-2022,2022,Kerala,Kochi (KL-07),2W,Motorcycle,KTM,EV,BS6,0,2,2
1257,REG101258,03-06-2022,2022,Uttar Pradesh,Agra (UP-80),4W,Sedan,Toyota,Diesel,BS6,1462,7,2
1258,REG101259,01-06-2021,2021,Madhya Pradesh,Jabalpur (MP-20),3W,Tempo,Mahindra,EV,BS6,0,3,3
1259,REG101260,01-04-2023,2023,Karnataka,Hubli (KA-25),2W,Scooter,Yamaha,Petrol,BS6,350,2,1
1260,REG101261,03-11-2024,2024,Rajasthan,Jaipur (RJ-14),2W,Scooter,TVS,Hybrid,BS6,250,2,0
1261,REG101262,01-02-2024,2024,Madhya Pradesh,Indore (MP-09),2W,Scooter,Ather,Petrol,BS6,0,2,0
1262,REG101263,28-01-2022,2022,Rajasthan,Kota (RJ-20),4W,MUV,Honda,Diesel,BS6,1498,8,2
1263,REG101264,27-03-2021,2021,Kerala,Kochi (KL-07),2W,Motorcycle,Royal Enfield,EV,BS6,0,2,3
1264,REG101265,11-01-2022,2022,Delhi,Delhi Central (DL-01),HCV,Trailer,Ashok Leyland,Diesel,BS6,6700,1,2
1265,REG101266,02-10-2022,2022,Kerala,Kozhikode (KL-11),HCV,Truck,MAN,Diesel,BS6,4998,2,2
1266,REG101267,30-07-2024,2024,Telangana,Karimnagar (TS-01),LCV,Mini Truck,Ashok Leyland,Diesel,BS6,2956,15,0
1267,REG101268,13-09-2024,2024,Kerala,Kochi (KL-07),HCV,Truck,Tata Motors,EV,BS6,0,45,0
1268,REG101269,18-01-2023,2023,Maharashtra,Pune (MH-12),2W,Motorcycle,Bajaj,EV,BS6,0,2,1
1269,REG101270,13-02-2023,2023,Kerala,Thiruvananthapuram (KL-01),4W,MUV,Honda,Petrol,BS6,1000,5,1
1270,REG101271,28-10-2024,2024,Telangana,Karimnagar (TS-01),2W,Moped,Ather,EV,BS6,0,2,0
1271,REG101272,21-05-2023,2023,Delhi,Delhi South (DL-09),LCV,Pickup Van,Force Motors,Diesel,BS6,0,9,1
1272,REG101273,28-07-2022,2022,Karnataka,Hubli (KA-25),HCV,Tanker,BharatBenz,Diesel,BS6,0,32,2
1273,REG101274,21-07-2021,2021,West Bengal,Durgapur (WB-40),LCV,Light Bus,Eicher,Diesel,BS6,3298,15,3
1274,REG101275,09-07-2023,2023,Kerala,Thiruvananthapuram (KL-01),3W,Tempo,Bajaj,Diesel,BS6,0,7,1
1275,REG101276,08-09-2022,2022,Karnataka,Hubli (KA-25),2W,Moped,Honda,Petrol,BS6,0,2,2
1276,REG101277,30-04-2023,2023,Delhi,Delhi Central (DL-01),2W,Moped,KTM,EV,BS6,0,2,1
1277,REG101278,17-10-2018,2018,West Bengal,Durgapur (WB-40),2W,Moped,Yamaha,Petrol,BS4,0,2,6
1278,REG101279,30-11-2022,2022,Uttar Pradesh,Lucknow (UP-32),2W,Motorcycle,Ather,EV,BS6,0,2,2
1279,REG101280,07-03-2023,2023,Rajasthan,Udaipur (RJ-27),4W,Hatchback,Hyundai,Diesel,BS6,800,6,1
1280,REG101281,28-03-2024,2024,Telangana,Hyderabad (TS-09),2W,Scooter,Honda,Petrol,BS6,400,2,0
1281,REG101282,31-05-2021,2021,West Bengal,Howrah (WB-13),4W,MUV,Honda,Petrol,BS6,1498,7,3
1282,REG101283,11-11-2022,2022,Punjab,Amritsar (PB-02),4W,Sedan,Tata Motors,Petrol,BS6,1598,7,2
1283,REG101284,06-01-2022,2022,West Bengal,Siliguri (WB-73),2W,Scooter,TVS,Petrol,BS6,200,2,2
1284,REG101285,22-12-2023,2023,Uttar Pradesh,Kanpur (UP-78),2W,Motorcycle,Hero,Petrol,BS6,110,2,1
1285,REG101286,29-06-2022,2022,Telangana,Karimnagar (TS-01),2W,Motorcycle,Ola Electric,EV,BS6,0,2,2
1286,REG101287,27-10-2023,2023,Delhi,Delhi West (DL-08),4W,Sedan,Kia,Petrol,BS6,1498,7,1
1287,REG101288,20-04-2020,2020,Punjab,Jalandhar (PB-08),HCV,Bus,Tata Motors,Diesel,BS4,5660,2,4
1288,REG101289,22-10-2023,2023,Gujarat,Gandhinagar (GJ-18),2W,Moped,Ola Electric,EV,BS6,0,2,1
1289,REG101290,21-04-2018,2018,Punjab,Amritsar (PB-02),HCV,Tanker,Ashok Leyland,Diesel,BS4,3760,52,6
1290,REG101291,11-03-2024,2024,Tamil Nadu,Coimbatore (TN-37),2W,Motorcycle,Yamaha,Petrol,BS6,400,2,0
1291,REG101292,14-10-2023,2023,West Bengal,Siliguri (WB-73),4W,SUV,Kia,Diesel,BS6,1968,8,1
1292,REG101293,20-04-2019,2019,Uttar Pradesh,Varanasi (UP-65),2W,Moped,Yamaha,EV,BS4,0,2,5
1293,REG101294,17-12-2022,2022,Madhya Pradesh,Gwalior (MP-07),4W,MUV,Renault,Diesel,BS6,1000,8,2
1294,REG101295,06-08-2023,2023,Madhya Pradesh,Gwalior (MP-07),2W,Scooter,KTM,Hybrid,BS6,150,2,1
1295,REG101296,06-01-2020,2020,Punjab,Patiala (PB-11),LCV,Mini Truck,Force Motors,Diesel,BS4,2956,12,4
1296,REG101297,10-05-2019,2019,Rajasthan,Ajmer (RJ-01),2W,Moped,Royal Enfield,Petrol,BS4,400,2,5
1297,REG101298,23-12-2022,2022,Maharashtra,Aurangabad (MH-20),2W,Moped,Royal Enfield,EV,BS6,0,2,2
1298,REG101299,30-03-2023,2023,Gujarat,Ahmedabad (GJ-01),OTH,Tractor,Sonalika,Diesel,BS6,6700,52,1
1299,REG101300,12-02-2023,2023,Karnataka,Bangalore Central (KA-01),2W,Moped,TVS,CNG,BS6,250,2,1
1300,REG101301,23-05-2019,2019,Karnataka,Bangalore Central (KA-01),2W,Moped,Hero,Petrol,BS4,150,2,5
1301,REG101302,06-07-2020,2020,Madhya Pradesh,Ujjain (MP-13),4W,SUV,Toyota,EV,BS6,0,5,4
1302,REG101303,13-09-2020,2020,Madhya Pradesh,Jabalpur (MP-20),2W,Moped,Hero,Petrol,BS4,125,2,4
1303,REG101304,16-09-2022,2022,Kerala,Kozhikode (KL-11),2W,Scooter,Hero,Petrol,BS6,250,2,2
1304,REG101305,23-12-2021,2021,Tamil Nadu,Chennai Central (TN-01),2W,Moped,Yamaha,Petrol,BS6,110,2,3
1305,REG101306,30-10-2019,2019,Punjab,Jalandhar (PB-08),2W,Motorcycle,TVS,CNG,BS4,100,2,5
1306,REG101307,06-06-2024,2024,Tamil Nadu,Chennai Central (TN-01),2W,Scooter,KTM,Petrol,BS6,150,2,0
1307,REG101308,11-06-2021,2021,Kerala,Kochi (KL-07),2W,Scooter,Royal Enfield,Petrol,BS6,250,2,3
1308,REG101309,15-05-2020,2020,Delhi,Delhi East (DL-02),2W,Motorcycle,TVS,Petrol,BS6,110,2,4
1309,REG101310,29-03-2023,2023,West Bengal,Durgapur (WB-40),4W,SUV,Renault,Diesel,BS6,800,8,1
1310,REG101311,17-04-2023,2023,Tamil Nadu,Trichy (TN-45),4W,MUV,Toyota,EV,BS6,0,7,1
1311,REG101312,22-09-2021,2021,Karnataka,Belgaum (KA-22),4W,SUV,Mahindra,Diesel,BS6,1197,8,3
1312,REG101313,15-06-2023,2023,Tamil Nadu,Salem (TN-30),4W,SUV,Skoda,Diesel,BS6,1000,7,1
1313,REG101314,02-07-2024,2024,Maharashtra,Pune (MH-12),2W,Scooter,Yamaha,EV,BS6,0,2,0
1314,REG101315,22-12-2022,2022,Tamil Nadu,Salem (TN-30),4W,Hatchback,MG,CNG,BS6,1968,8,2
1315,REG101316,03-06-2022,2022,West Bengal,Howrah (WB-13),2W,Scooter,Ola Electric,Petrol,BS6,0,2,2
1316,REG101317,25-03-2021,2021,Delhi,Delhi South (DL-09),2W,Scooter,Royal Enfield,EV,BS6,0,2,3
1317,REG101318,12-03-2024,2024,Tamil Nadu,Madurai (TN-58),LCV,Light Bus,Eicher,Diesel,BS6,2956,15,0
1318,REG101319,24-08-2022,2022,Rajasthan,Jaipur (RJ-14),OTH,Crane,TAFE,Diesel,BS6,3760,2,2
1319,REG101320,16-02-2024,2024,Delhi,Delhi East (DL-02),2W,Motorcycle,TVS,Petrol,BS6,150,2,0
1320,REG101321,29-08-2020,2020,Tamil Nadu,Trichy (TN-45),LCV,Pickup Van,Tata Motors,Diesel,BS6,0,15,4
1321,REG101322,06-03-2024,2024,Delhi,Delhi North (DL-04),4W,MUV,Mahindra,Hybrid,BS6,1598,6,0
1322,REG101323,27-06-2021,2021,Uttar Pradesh,Agra (UP-80),LCV,Light Bus,Force Motors,CNG,BS6,0,15,3
1323,REG101324,23-06-2020,2020,Kerala,Kollam (KL-02),2W,Moped,TVS,Hybrid,BS6,400,2,4
1324,REG101325,06-04-2020,2020,Maharashtra,Aurangabad (MH-20),4W,MUV,Hyundai,EV,BS6,0,6,4
1325,REG101326,17-07-2020,2020,Gujarat,Rajkot (GJ-03),2W,Scooter,TVS,Petrol,BS6,350,2,4
1326,REG101327,24-02-2021,2021,Maharashtra,Nagpur (MH-31),HCV,Tanker,Ashok Leyland,Diesel,BS6,6700,1,3
1327,REG101328,17-09-2021,2021,Rajasthan,Jaipur (RJ-14),4W,MUV,Maruti Suzuki,Petrol,BS6,1968,8,3
1328,REG101329,13-05-2018,2018,Maharashtra,Nashik (MH-15),4W,MUV,Honda,Hybrid,BS4,1000,8,6
1329,REG101330,06-08-2019,2019,Telangana,Nizamabad (TS-05),4W,SUV,Renault,Diesel,BS4,0,8,5
1330,REG101331,20-08-2020,2020,Madhya Pradesh,Bhopal (MP-04),2W,Scooter,Ola Electric,Petrol,BS6,0,2,4
1331,REG101332,18-12-2021,2021,Maharashtra,Nashik (MH-15),2W,Motorcycle,KTM,EV,BS6,0,2,3
1332,REG101333,02-07-2021,2021,Gujarat,Rajkot (GJ-03),2W,Scooter,Hero,EV,BS6,0,2,3
1333,REG101334,19-01-2019,2019,Maharashtra,Nashik (MH-15),2W,Moped,Hero,EV,BS6,0,2,5
1334,REG101335,21-11-2019,2019,Kerala,Thrissur (KL-08),2W,Motorcycle,Ather,Petrol,BS4,0,2,5
1335,REG101336,25-09-2024,2024,Uttar Pradesh,Agra (UP-80),2W,Scooter,Ola Electric,Petrol,BS6,0,2,0
1336,REG101337,23-11-2022,2022,West Bengal,Kolkata (WB-01),2W,Scooter,Hero,Petrol,BS6,110,2,2
1337,REG101338,25-07-2023,2023,Uttar Pradesh,Allahabad (UP-70),OTH,Tractor,John Deere,Diesel,BS6,3760,2,1
1338,REG101339,14-05-2023,2023,Kerala,Kozhikode (KL-11),4W,Hatchback,Honda,Petrol,BS6,1498,6,1
1339,REG101340,18-12-2024,2024,Kerala,Thiruvananthapuram (KL-01),2W,Scooter,Bajaj,Hybrid,BS6,125,2,0
1340,REG101341,28-07-2021,2021,Gujarat,Gandhinagar (GJ-18),4W,MUV,Tata Motors,EV,BS6,0,5,3
1341,REG101342,26-04-2021,2021,Uttar Pradesh,Kanpur (UP-78),2W,Scooter,Ola Electric,EV,BS6,0,2,3
1342,REG101343,29-10-2023,2023,Kerala,Kozhikode (KL-11),2W,Moped,Royal Enfield,CNG,BS6,250,2,1
1343,REG101344,13-06-2018,2018,Madhya Pradesh,Ujjain (MP-13),2W,Scooter,KTM,EV,BS4,0,2,6
1344,REG101345,11-12-2022,2022,West Bengal,Howrah (WB-13),3W,Tempo,Mahindra,CNG,BS6,0,6,2
1345,REG101346,16-04-2024,2024,Uttar Pradesh,Lucknow (UP-32),4W,Hatchback,MG,CNG,BS6,0,7,0
1346,REG101347,26-03-2020,2020,Gujarat,Vadodara (GJ-06),4W,MUV,MG,Petrol,BS6,1598,8,4
1347,REG101348,12-07-2022,2022,Uttar Pradesh,Lucknow (UP-32),4W,SUV,Renault,Hybrid,BS6,0,6,2
1348,REG101349,19-10-2020,2020,Uttar Pradesh,Allahabad (UP-70),HCV,Truck,Tata Motors,Diesel,BS6,5660,2,4
1349,REG101350,12-06-2024,2024,Tamil Nadu,Salem (TN-30),4W,SUV,Mahindra,Diesel,BS6,1598,5,0
1350,REG101351,25-08-2024,2024,Madhya Pradesh,Gwalior (MP-07),3W,Tempo,Mahindra,CNG,BS6,250,6,0
1351,REG101352,30-03-2023,2023,Tamil Nadu,Coimbatore (TN-37),2W,Motorcycle,Ather,Petrol,BS6,0,2,1
1352,REG101353,25-04-2023,2023,Uttar Pradesh,Allahabad (UP-70),4W,MUV,Honda,Petrol,BS6,1197,5,1
1353,REG101354,16-11-2020,2020,Punjab,Patiala (PB-11),4W,Hatchback,Toyota,CNG,BS6,2179,5,4
1354,REG101355,22-08-2024,2024,Rajasthan,Jaipur (RJ-14),4W,MUV,Renault,Diesel,BS6,1598,6,0
1355,REG101356,16-04-2021,2021,Tamil Nadu,Salem (TN-30),HCV,Bus,Volvo,Diesel,BS6,0,45,3
1356,REG101357,24-11-2024,2024,West Bengal,Howrah (WB-13),4W,MUV,Mahindra,Petrol,BS6,1000,7,0
1357,REG101358,28-07-2018,2018,Tamil Nadu,Coimbatore (TN-37),3W,Auto Rickshaw,Bajaj,Petrol,BS4,0,6,6
1358,REG101359,13-01-2022,2022,Karnataka,Mangalore (KA-19),HCV,Truck,MAN,EV,BS6,0,45,2
1359,REG101360,19-11-2021,2021,Kerala,Thiruvananthapuram (KL-01),2W,Scooter,Hero,Petrol,BS6,350,2,3
1360,REG101361,28-03-2023,2023,Uttar Pradesh,Lucknow (UP-32),2W,Scooter,Ola Electric,Hybrid,BS6,0,2,1
1361,REG101362,25-11-2021,2021,Uttar Pradesh,Agra (UP-80),2W,Motorcycle,KTM,Petrol,BS6,110,2,3
1362,REG101363,19-08-2023,2023,West Bengal,Siliguri (WB-73),4W,SUV,Toyota,Petrol,BS6,1498,7,1
1363,REG101364,16-10-2018,2018,Punjab,Chandigarh (CH-01),4W,Sedan,Renault,Petrol,BS4,1598,7,6
1364,REG101365,21-03-2022,2022,Gujarat,Surat (GJ-05),4W,SUV,MG,EV,BS6,0,6,2
1365,REG101366,04-06-2024,2024,Punjab,Amritsar (PB-02),LCV,Pickup Van,Mahindra,Diesel,BS6,2956,15,0
1366,REG101367,26-06-2022,2022,Maharashtra,Nagpur (MH-31),2W,Moped,Ather,Petrol,BS6,0,2,2
1367,REG101368,04-09-2023,2023,Punjab,Patiala (PB-11),2W,Scooter,Suzuki,EV,BS6,0,2,1
1368,REG101369,18-03-2021,2021,West Bengal,Siliguri (WB-73),2W,Motorcycle,Yamaha,Petrol,BS6,160,2,3
1369,REG101370,07-01-2022,2022,Punjab,Chandigarh (CH-01),4W,SUV,MG,Diesel,BS6,0,6,2
1370,REG101371,17-09-2019,2019,Kerala,Kochi (KL-07),2W,Motorcycle,Suzuki,EV,BS4,0,2,5
1371,REG101372,06-05-2022,2022,Gujarat,Gandhinagar (GJ-18),HCV,Truck,Tata Motors,Diesel,BS6,5660,2,2
1372,REG101373,17-05-2018,2018,Kerala,Kochi (KL-07),2W,Moped,KTM,Petrol,BS4,400,2,6
1373,REG101374,27-04-2021,2021,Gujarat,Ahmedabad (GJ-01),4W,Hatchback,Tata Motors,Diesel,BS6,1462,8,3
1374,REG101375,01-03-2019,2019,West Bengal,Kolkata (WB-01),4W,Hatchback,Toyota,EV,BS4,0,5,5
1375,REG101376,05-01-2022,2022,West Bengal,Howrah (WB-13),2W,Moped,Bajaj,EV,BS6,0,2,2
1376,REG101377,22-08-2023,2023,Uttar Pradesh,Lucknow (UP-32),4W,MUV,Mahindra,CNG,BS6,800,7,1
1377,REG101378,26-05-2022,2022,Uttar Pradesh,Allahabad (UP-70),2W,Moped,TVS,Petrol,BS6,160,2,2
1378,REG101379,27-02-2021,2021,Gujarat,Gandhinagar (GJ-18),2W,Scooter,Ather,EV,BS6,0,2,3
1379,REG101380,09-08-2020,2020,West Bengal,Kolkata (WB-01),2W,Moped,KTM,EV,BS6,0,2,4
1380,REG101381,28-04-2020,2020,Karnataka,Mangalore (KA-19),2W,Moped,Ather,Petrol,BS6,0,2,4
1381,REG101382,18-04-2023,2023,Gujarat,Gandhinagar (GJ-18),2W,Moped,KTM,Petrol,BS6,0,2,1
1382,REG101383,05-12-2024,2024,Madhya Pradesh,Indore (MP-09),2W,Motorcycle,Suzuki,Petrol,BS6,125,2,0
1383,REG101384,28-04-2023,2023,Rajasthan,Ajmer (RJ-01),OTH,Road Roller,Escorts,Diesel,BS6,5660,45,1
1384,REG101385,06-08-2021,2021,Gujarat,Vadodara (GJ-06),2W,Scooter,Yamaha,Hybrid,BS6,0,2,3
1385,REG101386,22-08-2021,2021,Uttar Pradesh,Varanasi (UP-65),2W,Scooter,Hero,Petrol,BS6,160,2,3
1386,REG101387,14-06-2023,2023,Maharashtra,Pune (MH-12),2W,Moped,Royal Enfield,Petrol,BS6,250,2,1
1387,REG101388,24-02-2022,2022,Uttar Pradesh,Agra (UP-80),4W,Sedan,Mahindra,CNG,BS6,1000,6,2
1388,REG101389,28-12-2023,2023,Tamil Nadu,Madurai (TN-58),4W,MUV,Maruti Suzuki,Hybrid,BS6,2179,6,1
1389,REG101390,03-10-2023,2023,Gujarat,Gandhinagar (GJ-18),4W,Hatchback,Hyundai,Petrol,BS6,1598,8,1
1390,REG101391,30-07-2024,2024,Gujarat,Ahmedabad (GJ-01),3W,Tempo,Bajaj,CNG,BS6,225,3,0
1391,REG101392,05-12-2021,2021,Punjab,Amritsar (PB-02),4W,Hatchback,MG,Petrol,BS6,1498,7,3
1392,REG101393,19-04-2024,2024,Kerala,Thiruvananthapuram (KL-01),2W,Motorcycle,Yamaha,Petrol,BS6,125,2,0
1393,REG101394,13-05-2023,2023,Rajasthan,Udaipur (RJ-27),2W,Scooter,Yamaha,Petrol,BS6,160,2,1
1394,REG101395,25-01-2021,2021,Punjab,Chandigarh (CH-01),2W,Moped,Suzuki,Petrol,BS6,400,2,3
1395,REG101396,02-10-2024,2024,Maharashtra,Aurangabad (MH-20),2W,Moped,Suzuki,Petrol,BS6,350,2,0
1396,REG101397,27-02-2019,2019,Gujarat,Gandhinagar (GJ-18),2W,Motorcycle,Honda,EV,BS4,0,2,5
1397,REG101398,07-02-2022,2022,Tamil Nadu,Trichy (TN-45),LCV,Mini Truck,Eicher,Diesel,BS6,0,12,2
1398,REG101399,28-11-2021,2021,West Bengal,Siliguri (WB-73),LCV,Light Bus,Mahindra,CNG,BS6,3298,12,3
1399,REG101400,10-01-2018,2018,Telangana,Karimnagar (TS-01),LCV,Pickup Van,Eicher,Diesel,BS4,2523,9,6
1400,REG101401,23-08-2023,2023,Rajasthan,Udaipur (RJ-27),2W,Motorcycle,Ola Electric,CNG,BS6,0,2,1
1401,REG101402,15-04-2020,2020,Punjab,Amritsar (PB-02),LCV,Light Bus,Eicher,Diesel,BS6,3298,9,4
1402,REG101403,17-06-2021,2021,Karnataka,Bangalore Central (KA-01),4W,Hatchback,Tata Motors,Diesel,BS6,1598,6,3
1403,REG101404,30-06-2020,2020,Madhya Pradesh,Indore (MP-09),2W,Motorcycle,Suzuki,Petrol,BS6,100,2,4
1404,REG101405,16-04-2024,2024,Tamil Nadu,Salem (TN-30),2W,Scooter,Hero,EV,BS6,0,2,0
1405,REG101406,17-02-2021,2021,Maharashtra,Nashik (MH-15),2W,Motorcycle,Bajaj,Hybrid,BS6,125,2,3
1406,REG101407,05-11-2020,2020,Telangana,Khammam (TS-07),4W,Hatchback,Tata Motors,Hybrid,BS6,1598,7,4
1407,REG101408,27-02-2022,2022,Uttar Pradesh,Kanpur (UP-78),2W,Motorcycle,Ather,Petrol,BS6,0,2,2
1408,REG101409,03-02-2021,2021,Maharashtra,Mumbai Central (MH-01),2W,Scooter,Suzuki,Petrol,BS6,250,2,3
1409,REG101410,30-08-2023,2023,Madhya Pradesh,Gwalior (MP-07),2W,Moped,Honda,EV,BS6,0,2,1
1410,REG101411,21-03-2018,2018,Gujarat,Vadodara (GJ-06),2W,Motorcycle,TVS,EV,BS4,0,2,6
1411,REG101412,30-05-2024,2024,Kerala,Thrissur (KL-08),4W,Hatchback,Skoda,Petrol,BS6,1598,8,0
1412,REG101413,03-04-2023,2023,Tamil Nadu,Salem (TN-30),2W,Moped,TVS,CNG,BS6,200,2,1
1413,REG101414,15-11-2023,2023,Karnataka,Mysore (KA-09),2W,Motorcycle,Royal Enfield,Petrol,BS6,200,2,1
1414,REG101415,24-01-2024,2024,Maharashtra,Mumbai Central (MH-01),2W,Scooter,Hero,CNG,BS6,400,2,0
1415,REG101416,17-02-2018,2018,Uttar Pradesh,Allahabad (UP-70),4W,Sedan,Tata Motors,Petrol,BS4,1968,5,6
1416,REG101417,23-11-2019,2019,Karnataka,Mangalore (KA-19),3W,E-Rickshaw,Atul Auto,Diesel,BS4,200,6,5
1417,REG101418,11-11-2023,2023,West Bengal,Siliguri (WB-73),LCV,Pickup Van,Mahindra,Diesel,BS6,2523,12,1
1418,REG101419,26-04-2023,2023,West Bengal,Asansol (WB-39),2W,Motorcycle,Ather,Petrol,BS6,0,2,1
1419,REG101420,04-04-2020,2020,Kerala,Thiruvananthapuram (KL-01),4W,SUV,Skoda,Petrol,BS6,1498,7,4
1420,REG101421,16-03-2022,2022,Kerala,Thrissur (KL-08),4W,SUV,Tata Motors,Diesel,BS6,800,8,2
1421,REG101422,24-03-2023,2023,Madhya Pradesh,Bhopal (MP-04),4W,Sedan,Maruti Suzuki,Petrol,BS6,1968,7,1
1422,REG101423,26-07-2024,2024,Maharashtra,Aurangabad (MH-20),3W,E-Rickshaw,Piaggio,EV,BS6,0,3,0
1423,REG101424,21-09-2021,2021,West Bengal,Asansol (WB-39),2W,Scooter,Honda,Hybrid,BS4,200,2,3
1424,REG101425,25-06-2023,2023,Rajasthan,Jodhpur (RJ-19),2W,Scooter,Ather,EV,BS6,0,2,1
1425,REG101426,23-08-2019,2019,Gujarat,Ahmedabad (GJ-01),4W,MUV,Maruti Suzuki,Diesel,BS4,1000,5,5
1426,REG101427,16-09-2022,2022,Telangana,Nizamabad (TS-05),2W,Scooter,Royal Enfield,EV,BS6,0,2,2
1427,REG101428,01-07-2018,2018,Uttar Pradesh,Allahabad (UP-70),2W,Moped,Bajaj,Hybrid,BS4,400,2,6
1428,REG101429,29-09-2022,2022,Punjab,Ludhiana (PB-10),4W,Hatchback,Renault,Diesel,BS6,1197,7,2
1429,REG101430,05-08-2024,2024,Tamil Nadu,Chennai Central (TN-01),4W,Sedan,Tata Motors,Diesel,BS6,1462,7,0
1430,REG101431,03-06-2022,2022,Maharashtra,Nashik (MH-15),2W,Moped,Suzuki,EV,BS6,0,2,2
1431,REG101432,31-01-2022,2022,Karnataka,Hubli (KA-25),4W,SUV,Mahindra,Hybrid,BS6,1968,6,2
1432,REG101433,30-10-2023,2023,Tamil Nadu,Salem (TN-30),4W,Sedan,Honda,Petrol,BS6,1462,6,1
1433,REG101434,27-10-2019,2019,Rajasthan,Jaipur (RJ-14),2W,Scooter,TVS,Petrol,BS6,125,2,5
1434,REG101435,09-06-2023,2023,Delhi,Delhi North (DL-04),2W,Scooter,Yamaha,Petrol,BS6,400,2,1
1435,REG101436,09-11-2023,2023,Karnataka,Belgaum (KA-22),3W,Tempo,Mahindra,CNG,BS6,0,3,1
1436,REG101437,07-08-2019,2019,Karnataka,Hubli (KA-25),LCV,Mini Truck,Force Motors,Diesel,BS4,2956,15,5
1437,REG101438,05-11-2019,2019,Kerala,Thrissur (KL-08),4W,Sedan,Renault,Petrol,BS6,1598,6,5
1438,REG101439,24-05-2023,2023,Madhya Pradesh,Jabalpur (MP-20),LCV,Pickup Van,Force Motors,Diesel,BS6,3298,12,1
1439,REG101440,06-09-2019,2019,Madhya Pradesh,Ujjain (MP-13),2W,Moped,Royal Enfield,Petrol,BS4,150,2,5
1440,REG101441,06-09-2024,2024,Punjab,Jalandhar (PB-08),2W,Scooter,Royal Enfield,Petrol,BS6,400,2,0
1441,REG101442,26-11-2022,2022,Punjab,Patiala (PB-11),2W,Moped,Suzuki,Petrol,BS6,110,2,2
1442,REG101443,04-08-2023,2023,Punjab,Chandigarh (CH-01),2W,Motorcycle,Yamaha,EV,BS6,0,2,1
1443,REG101444,23-07-2024,2024,Kerala,Thiruvananthapuram (KL-01),2W,Scooter,KTM,EV,BS6,0,2,0
1444,REG101445,29-05-2024,2024,Madhya Pradesh,Bhopal (MP-04),2W,Motorcycle,Hero,EV,BS6,0,2,0
1445,REG101446,22-05-2021,2021,Maharashtra,Nashik (MH-15),LCV,Pickup Van,Ashok Leyland,CNG,BS6,0,9,3
1446,REG101447,28-11-2022,2022,Rajasthan,Udaipur (RJ-27),4W,SUV,Tata Motors,Petrol,BS6,1598,8,2
1447,REG101448,27-04-2022,2022,Rajasthan,Jodhpur (RJ-19),LCV,Mini Truck,Ashok Leyland,Diesel,BS6,3298,12,2
1448,REG101449,15-07-2023,2023,Karnataka,Bangalore Central (KA-01),4W,SUV,Skoda,Diesel,BS6,1462,7,1
1449,REG101450,14-06-2020,2020,Kerala,Thrissur (KL-08),2W,Scooter,Yamaha,Hybrid,BS6,100,2,4
1450,REG101451,22-12-2020,2020,Karnataka,Mysore (KA-09),4W,SUV,Renault,Diesel,BS6,1000,6,4
1451,REG101452,01-07-2023,2023,Karnataka,Bangalore Central (KA-01),4W,MUV,Kia,Petrol,BS6,1968,6,1
1452,REG101453,15-06-2022,2022,Uttar Pradesh,Lucknow (UP-32),LCV,Light Bus,Ashok Leyland,CNG,BS6,2956,12,2
1453,REG101454,22-04-2020,2020,Maharashtra,Pune (MH-12),4W,SUV,Maruti Suzuki,Diesel,BS4,1462,6,4
1454,REG101455,12-08-2024,2024,West Bengal,Howrah (WB-13),2W,Scooter,Bajaj,Petrol,BS6,250,2,0
1455,REG101456,23-07-2024,2024,Telangana,Khammam (TS-07),OTH,Tractor,Sonalika,Diesel,BS6,0,45,0
1456,REG101457,13-06-2021,2021,Kerala,Kozhikode (KL-11),4W,SUV,Kia,Diesel,BS6,0,7,3
1457,REG101458,17-09-2022,2022,Karnataka,Mysore (KA-09),2W,Moped,Bajaj,EV,BS6,0,2,2
1458,REG101459,27-11-2021,2021,Telangana,Nizamabad (TS-05),2W,Moped,Bajaj,CNG,BS6,400,2,3
1459,REG101460,12-08-2022,2022,Delhi,Delhi North (DL-04),2W,Motorcycle,KTM,EV,BS6,0,2,2
1460,REG101461,02-02-2024,2024,Tamil Nadu,Chennai Central (TN-01),4W,Hatchback,Toyota,Diesel,BS6,1598,5,0
1461,REG101462,10-03-2022,2022,Kerala,Kozhikode (KL-11),4W,Hatchback,Skoda,Diesel,BS6,1968,6,2
1462,REG101463,27-07-2020,2020,Madhya Pradesh,Jabalpur (MP-20),2W,Moped,Royal Enfield,Petrol,BS6,125,2,4
1463,REG101464,28-10-2023,2023,Telangana,Khammam (TS-07),2W,Motorcycle,Ola Electric,Petrol,BS6,0,2,1
1464,REG101465,01-04-2020,2020,Karnataka,Belgaum (KA-22),2W,Scooter,TVS,CNG,BS6,125,2,4
1465,REG101466,24-12-2024,2024,Maharashtra,Nashik (MH-15),4W,SUV,Hyundai,Petrol,BS6,1968,8,0
1466,REG101467,29-12-2021,2021,Uttar Pradesh,Varanasi (UP-65),2W,Scooter,TVS,Petrol,BS6,250,2,3
1467,REG101468,20-11-2020,2020,Gujarat,Rajkot (GJ-03),2W,Scooter,Suzuki,Petrol,BS6,110,2,4
1468,REG101469,31-01-2019,2019,Rajasthan,Udaipur (RJ-27),4W,SUV,Maruti Suzuki,CNG,BS4,1598,5,5
1469,REG101470,18-10-2021,2021,Tamil Nadu,Chennai Central (TN-01),HCV,Truck,Tata Motors,Diesel,BS6,0,32,3
1470,REG101471,19-02-2022,2022,Karnataka,Mysore (KA-09),2W,Moped,KTM,Petrol,BS6,125,2,2
1471,REG101472,16-01-2020,2020,Punjab,Amritsar (PB-02),4W,MUV,Tata Motors,Diesel,BS6,800,5,4
1472,REG101473,12-09-2022,2022,Gujarat,Vadodara (GJ-06),2W,Moped,TVS,EV,BS6,0,2,2
1473,REG101474,18-08-2022,2022,Punjab,Ludhiana (PB-10),OTH,Crane,Sonalika,Diesel,BS6,3760,52,2
1474,REG101475,22-01-2020,2020,Karnataka,Hubli (KA-25),2W,Motorcycle,Bajaj,EV,BS6,0,2,4
1475,REG101476,27-09-2023,2023,Maharashtra,Nashik (MH-15),4W,Hatchback,Renault,Petrol,BS6,0,8,1
1476,REG101477,06-08-2020,2020,Telangana,Warangal (TS-03),2W,Motorcycle,KTM,Hybrid,BS6,250,2,4
1477,REG101478,09-11-2021,2021,Uttar Pradesh,Varanasi (UP-65),2W,Motorcycle,KTM,Petrol,BS6,250,2,3
1478,REG101479,15-02-2023,2023,Gujarat,Rajkot (GJ-03),OTH,Crane,Mahindra,Diesel,BS6,5660,52,1
1479,REG101480,17-07-2018,2018,Kerala,Kollam (KL-02),4W,SUV,Maruti Suzuki,Diesel,BS4,1462,7,6
1480,REG101481,08-07-2024,2024,Telangana,Hyderabad (TS-09),4W,MUV,Renault,Diesel,BS6,800,6,0
1481,REG101482,11-09-2019,2019,Karnataka,Mangalore (KA-19),HCV,Bus,MAN,Diesel,BS4,4998,52,5
1482,REG101483,03-01-2019,2019,Madhya Pradesh,Ujjain (MP-13),2W,Scooter,Bajaj,CNG,BS4,150,2,5
1483,REG101484,23-01-2024,2024,Madhya Pradesh,Gwalior (MP-07),OTH,Crane,TAFE,Diesel,BS6,4998,2,0
1484,REG101485,08-06-2022,2022,Punjab,Ludhiana (PB-10),4W,SUV,Honda,EV,BS6,0,7,2
1485,REG101486,06-09-2024,2024,Uttar Pradesh,Lucknow (UP-32),2W,Scooter,Suzuki,Petrol,BS6,160,2,0
1486,REG101487,06-12-2023,2023,Punjab,Chandigarh (CH-01),4W,MUV,Maruti Suzuki,EV,BS6,0,5,1
1487,REG101488,12-05-2022,2022,Madhya Pradesh,Bhopal (MP-04),2W,Scooter,Honda,Petrol,BS6,250,2,2
1488,REG101489,14-04-2023,2023,Gujarat,Gandhinagar (GJ-18),2W,Moped,Royal Enfield,Petrol,BS6,110,2,1
1489,REG101490,28-04-2022,2022,Telangana,Karimnagar (TS-01),2W,Moped,Hero,EV,BS6,0,2,2
1490,REG101491,13-08-2022,2022,Uttar Pradesh,Kanpur (UP-78),2W,Moped,Honda,Petrol,BS6,125,2,2
1491,REG101492,08-01-2021,2021,West Bengal,Asansol (WB-39),4W,Sedan,Mahindra,Hybrid,BS6,1197,7,3
1492,REG101493,16-09-2021,2021,Gujarat,Surat (GJ-05),2W,Motorcycle,Hero,Petrol,BS6,110,2,3
1493,REG101494,05-05-2024,2024,Delhi,Delhi East (DL-02),4W,SUV,MG,Petrol,BS6,0,7,0
1494,REG101495,23-09-2023,2023,Telangana,Warangal (TS-03),2W,Scooter,Hero,Petrol,BS6,400,2,1
1495,REG101496,16-12-2020,2020,Maharashtra,Aurangabad (MH-20),4W,SUV,Toyota,Petrol,BS6,1462,5,4
1496,REG101497,17-11-2024,2024,Uttar Pradesh,Lucknow (UP-32),4W,MUV,Skoda,Petrol,BS6,800,5,0
1497,REG101498,02-05-2022,2022,Maharashtra,Nashik (MH-15),HCV,Tanker,Volvo,CNG,BS6,6700,52,2
1498,REG101499,20-08-2024,2024,Gujarat,Vadodara (GJ-06),OTH,Road Roller,Sonalika,Diesel,BS6,0,32,0
1499,REG101500,07-07-2024,2024,Delhi,Delhi East (DL-02),2W,Moped,TVS,Petrol,BS6,100,2,0
1500,REG101501,24-07-2024,2024,Uttar Pradesh,Agra (UP-80),2W,Scooter,Suzuki,CNG,BS6,125,2,0
1501,REG101502,16-08-2022,2022,Madhya Pradesh,Gwalior (MP-07),2W,Scooter,Suzuki,Petrol,BS6,250,2,2
1502,REG101503,06-05-2023,2023,West Bengal,Durgapur (WB-40),2W,Moped,Suzuki,Petrol,BS6,150,2,1
1503,REG101504,10-07-2024,2024,Kerala,Kochi (KL-07),4W,SUV,MG,CNG,BS6,1498,6,0
1504,REG101505,16-11-2021,2021,Uttar Pradesh,Kanpur (UP-78),3W,Tempo,Kinetic Green,Diesel,BS4,0,3,3
1505,REG101506,13-01-2022,2022,Delhi,Delhi East (DL-02),2W,Motorcycle,Suzuki,EV,BS6,0,2,2
1506,REG101507,21-10-2020,2020,Uttar Pradesh,Allahabad (UP-70),4W,SUV,Skoda,Hybrid,BS6,1462,6,4
1507,REG101508,08-11-2024,2024,Uttar Pradesh,Agra (UP-80),3W,Tempo,Piaggio,Petrol,BS6,200,7,0
1508,REG101509,01-07-2024,2024,Karnataka,Bangalore Central (KA-01),2W,Motorcycle,Hero,Petrol,BS6,150,2,0
1509,REG101510,26-10-2023,2023,Kerala,Kochi (KL-07),HCV,Trailer,Tata Motors,Diesel,BS6,6700,45,1
1510,REG101511,24-03-2024,2024,Rajasthan,Jodhpur (RJ-19),2W,Motorcycle,Ather,Petrol,BS6,0,2,0
1511,REG101512,25-12-2022,2022,Karnataka,Belgaum (KA-22),HCV,Tanker,Ashok Leyland,Diesel,BS6,5660,2,2
1512,REG101513,13-07-2024,2024,Karnataka,Mysore (KA-09),LCV,Mini Truck,Tata Motors,Diesel,BS6,0,9,0
1513,REG101514,11-01-2022,2022,Maharashtra,Aurangabad (MH-20),4W,SUV,MG,CNG,BS6,2179,7,2
1514,REG101515,21-07-2023,2023,Rajasthan,Jaipur (RJ-14),LCV,Mini Truck,Mahindra,Diesel,BS6,2956,9,1
1515,REG101516,01-07-2023,2023,Madhya Pradesh,Indore (MP-09),HCV,Trailer,Volvo,CNG,BS6,0,45,1
1516,REG101517,19-09-2024,2024,Maharashtra,Aurangabad (MH-20),LCV,Pickup Van,Mahindra,Diesel,BS6,3298,15,0
1517,REG101518,14-05-2020,2020,Maharashtra,Nashik (MH-15),2W,Motorcycle,Hero,EV,BS6,0,2,4
1518,REG101519,17-01-2019,2019,Uttar Pradesh,Agra (UP-80),2W,Moped,KTM,EV,BS4,0,2,5
1519,REG101520,13-07-2020,2020,Punjab,Chandigarh (CH-01),4W,Hatchback,Kia,Diesel,BS6,1968,5,4
1520,REG101521,27-07-2024,2024,Kerala,Kozhikode (KL-11),4W,SUV,Toyota,Diesel,BS6,1598,6,0
1521,REG101522,10-12-2019,2019,Rajasthan,Kota (RJ-20),4W,MUV,Kia,Petrol,BS4,1000,7,5
1522,REG101523,03-02-2019,2019,Telangana,Hyderabad (TS-09),2W,Motorcycle,Honda,Petrol,BS4,125,2,5
1523,REG101524,13-11-2018,2018,Punjab,Ludhiana (PB-10),4W,Hatchback,Maruti Suzuki,Hybrid,BS4,1000,6,6
1524,REG101525,13-03-2019,2019,Punjab,Jalandhar (PB-08),4W,SUV,Hyundai,CNG,BS6,1462,5,5
1525,REG101526,18-04-2023,2023,Tamil Nadu,Chennai Central (TN-01),4W,Hatchback,Maruti Suzuki,Diesel,BS6,800,5,1
1526,REG101527,06-11-2023,2023,Uttar Pradesh,Agra (UP-80),4W,Sedan,MG,Petrol,BS6,1197,8,1
1527,REG101528,01-04-2022,2022,Gujarat,Gandhinagar (GJ-18),LCV,Mini Truck,Force Motors,Diesel,BS6,2956,12,2
1528,REG101529,06-04-2023,2023,Tamil Nadu,Trichy (TN-45),4W,Sedan,Hyundai,EV,BS6,0,6,1
1529,REG101530,22-04-2022,2022,Tamil Nadu,Salem (TN-30),4W,SUV,Skoda,Diesel,BS6,1968,7,2
1530,REG101531,02-02-2020,2020,Rajasthan,Jodhpur (RJ-19),4W,SUV,Kia,Hybrid,BS6,2179,7,4
1531,REG101532,17-08-2023,2023,Kerala,Thiruvananthapuram (KL-01),4W,MUV,Hyundai,EV,BS6,0,5,1
1532,REG101533,14-05-2024,2024,Rajasthan,Ajmer (RJ-01),4W,SUV,Skoda,EV,BS6,0,8,0
1533,REG101534,08-04-2022,2022,Rajasthan,Udaipur (RJ-27),2W,Scooter,KTM,Petrol,BS6,150,2,2
1534,REG101535,25-07-2024,2024,Punjab,Ludhiana (PB-10),2W,Scooter,Suzuki,EV,BS6,0,2,0
1535,REG101536,11-06-2024,2024,West Bengal,Siliguri (WB-73),2W,Moped,Suzuki,Petrol,BS6,250,2,0
1536,REG101537,30-10-2024,2024,Madhya Pradesh,Indore (MP-09),2W,Motorcycle,Suzuki,EV,BS6,0,2,0
1537,REG101538,12-09-2021,2021,Delhi,Delhi Central (DL-01),2W,Scooter,TVS,Petrol,BS6,250,2,3
1538,REG101539,13-09-2022,2022,Tamil Nadu,Madurai (TN-58),4W,SUV,Mahindra,Petrol,BS6,1968,8,2
1539,REG101540,28-12-2019,2019,Tamil Nadu,Salem (TN-30),HCV,Truck,Volvo,Diesel,BS4,6700,52,5
1540,REG101541,20-11-2022,2022,Gujarat,Surat (GJ-05),2W,Scooter,Bajaj,Petrol,BS6,125,2,2
1541,REG101542,25-05-2022,2022,Rajasthan,Kota (RJ-20),4W,MUV,Skoda,Petrol,BS6,1598,7,2
1542,REG101543,07-05-2022,2022,Kerala,Kochi (KL-07),2W,Scooter,Honda,Petrol,BS6,150,2,2
1543,REG101544,24-06-2023,2023,Rajasthan,Jodhpur (RJ-19),HCV,Trailer,MAN,Diesel,BS6,0,32,1
1544,REG101545,02-05-2023,2023,Kerala,Kochi (KL-07),LCV,Pickup Van,Eicher,Diesel,BS6,2956,12,1
1545,REG101546,16-11-2021,2021,Punjab,Jalandhar (PB-08),LCV,Pickup Van,Eicher,Diesel,BS6,3298,9,3
1546,REG101547,09-04-2022,2022,Telangana,Karimnagar (TS-01),3W,Tempo,TVS,CNG,BS4,250,7,2
1547,REG101548,16-06-2020,2020,Tamil Nadu,Madurai (TN-58),LCV,Mini Truck,Force Motors,Diesel,BS6,3298,15,4
1548,REG101549,01-10-2024,2024,West Bengal,Asansol (WB-39),2W,Scooter,Yamaha,EV,BS6,0,2,0
1549,REG101550,26-09-2019,2019,Madhya Pradesh,Indore (MP-09),HCV,Truck,Volvo,CNG,BS4,0,32,5
1550,REG101551,13-01-2020,2020,Delhi,Delhi North (DL-04),2W,Motorcycle,Royal Enfield,Petrol,BS6,100,2,4
1551,REG101552,22-03-2023,2023,Madhya Pradesh,Jabalpur (MP-20),2W,Scooter,TVS,EV,BS6,0,2,1
1552,REG101553,20-08-2020,2020,West Bengal,Durgapur (WB-40),2W,Scooter,KTM,Petrol,BS6,160,2,4
1553,REG101554,01-09-2024,2024,Tamil Nadu,Trichy (TN-45),2W,Motorcycle,Honda,Petrol,BS6,200,2,0
1554,REG101555,15-06-2023,2023,Tamil Nadu,Madurai (TN-58),LCV,Pickup Van,Eicher,Diesel,BS6,0,9,1
1555,REG101556,21-01-2022,2022,Rajasthan,Ajmer (RJ-01),LCV,Mini Truck,Ashok Leyland,Diesel,BS6,2523,15,2
1556,REG101557,01-05-2019,2019,Kerala,Kochi (KL-07),3W,Auto Rickshaw,Piaggio,CNG,BS4,200,6,5
1557,REG101558,26-09-2021,2021,Rajasthan,Kota (RJ-20),2W,Scooter,Honda,EV,BS6,0,2,3
1558,REG101559,13-05-2020,2020,Madhya Pradesh,Jabalpur (MP-20),4W,Hatchback,Mahindra,Diesel,BS4,1462,6,4
1559,REG101560,30-04-2018,2018,Maharashtra,Aurangabad (MH-20),2W,Moped,Bajaj,EV,BS4,0,2,6
1560,REG101561,10-09-2022,2022,Tamil Nadu,Trichy (TN-45),2W,Scooter,Suzuki,Petrol,BS6,100,2,2
1561,REG101562,26-10-2018,2018,Madhya Pradesh,Jabalpur (MP-20),4W,Hatchback,Mahindra,CNG,BS4,2179,5,6
1562,REG101563,02-10-2021,2021,Rajasthan,Jaipur (RJ-14),4W,SUV,Renault,Petrol,BS6,800,7,3
1563,REG101564,21-06-2023,2023,Gujarat,Gandhinagar (GJ-18),2W,Scooter,TVS,Petrol,BS6,150,2,1
1564,REG101565,30-11-2018,2018,Rajasthan,Kota (RJ-20),2W,Moped,Royal Enfield,EV,BS4,0,2,6
1565,REG101566,13-04-2023,2023,Uttar Pradesh,Kanpur (UP-78),2W,Motorcycle,Suzuki,Petrol,BS6,0,2,1
1566,REG101567,26-08-2023,2023,Kerala,Kozhikode (KL-11),LCV,Light Bus,Mahindra,CNG,BS6,2523,15,1
1567,REG101568,21-04-2018,2018,Madhya Pradesh,Indore (MP-09),4W,SUV,Mahindra,Diesel,BS4,1197,7,6
1568,REG101569,05-11-2022,2022,Delhi,Delhi North (DL-04),HCV,Tanker,MAN,Diesel,BS6,4998,45,2
1569,REG101570,16-01-2019,2019,West Bengal,Asansol (WB-39),4W,Sedan,Hyundai,CNG,BS4,800,5,5
1570,REG101571,21-04-2019,2019,Gujarat,Ahmedabad (GJ-01),2W,Scooter,Ola Electric,Petrol,BS4,0,2,5
1571,REG101572,04-06-2023,2023,Uttar Pradesh,Agra (UP-80),2W,Scooter,Hero,Petrol,BS6,125,2,1
1572,REG101573,16-01-2023,2023,Gujarat,Rajkot (GJ-03),HCV,Bus,Tata Motors,Diesel,BS6,6700,2,1
1573,REG101574,19-05-2023,2023,Maharashtra,Mumbai Central (MH-01),2W,Motorcycle,KTM,EV,BS6,0,2,1
1574,REG101575,13-12-2020,2020,Kerala,Kollam (KL-02),3W,Tempo,Kinetic Green,CNG,BS6,0,3,4
1575,REG101576,23-01-2024,2024,Maharashtra,Nashik (MH-15),2W,Scooter,Suzuki,Petrol,BS6,110,2,0
1576,REG101577,01-05-2023,2023,Gujarat,Vadodara (GJ-06),4W,Sedan,Kia,Petrol,BS6,2179,5,1
1577,REG101578,25-01-2022,2022,Madhya Pradesh,Bhopal (MP-04),LCV,Pickup Van,Eicher,CNG,BS6,3298,12,2
1578,REG101579,10-10-2021,2021,Karnataka,Belgaum (KA-22),2W,Scooter,Ather,Petrol,BS6,0,2,3
1579,REG101580,28-08-2022,2022,Tamil Nadu,Madurai (TN-58),4W,SUV,Honda,Petrol,BS6,1598,7,2
1580,REG101581,12-03-2019,2019,Tamil Nadu,Salem (TN-30),4W,MUV,Toyota,Diesel,BS4,1598,7,5
1581,REG101582,16-09-2024,2024,Madhya Pradesh,Jabalpur (MP-20),3W,Tempo,Kinetic Green,CNG,BS6,225,7,0
1582,REG101583,20-12-2024,2024,Rajasthan,Ajmer (RJ-01),4W,Sedan,Skoda,Petrol,BS6,1968,5,0
1583,REG101584,11-05-2019,2019,Uttar Pradesh,Lucknow (UP-32),OTH,Road Roller,Mahindra,Diesel,BS4,0,2,5
1584,REG101585,08-10-2021,2021,Kerala,Kochi (KL-07),4W,SUV,MG,Petrol,BS6,1968,8,3
1585,REG101586,21-03-2023,2023,Delhi,Delhi South (DL-09),2W,Scooter,Honda,Petrol,BS6,150,2,1
1586,REG101587,21-12-2020,2020,Kerala,Thiruvananthapuram (KL-01),LCV,Light Bus,Tata Motors,Diesel,BS6,3298,9,4
1587,REG101588,03-03-2018,2018,Uttar Pradesh,Agra (UP-80),4W,Hatchback,Mahindra,Petrol,BS4,1462,6,6
1588,REG101589,25-07-2024,2024,Madhya Pradesh,Bhopal (MP-04),2W,Scooter,Honda,Petrol,BS6,100,2,0
1589,REG101590,29-10-2021,2021,Kerala,Kollam (KL-02),2W,Scooter,Yamaha,Petrol,BS6,350,2,3
1590,REG101591,11-05-2021,2021,Madhya Pradesh,Ujjain (MP-13),4W,MUV,Maruti Suzuki,Diesel,BS6,2179,8,3
1591,REG101592,08-09-2024,2024,Telangana,Hyderabad (TS-09),2W,Moped,Ola Electric,Petrol,BS6,0,2,0
1592,REG101593,06-05-2022,2022,Uttar Pradesh,Lucknow (UP-32),HCV,Truck,BharatBenz,Diesel,BS6,3760,45,2
1593,REG101594,27-12-2021,2021,Uttar Pradesh,Agra (UP-80),2W,Scooter,Hero,Petrol,BS4,350,2,3
1594,REG101595,15-01-2024,2024,Delhi,Delhi South (DL-09),2W,Motorcycle,TVS,EV,BS6,0,2,0
1595,REG101596,01-12-2022,2022,West Bengal,Kolkata (WB-01),3W,E-Rickshaw,TVS,EV,BS6,0,6,2
1596,REG101597,21-01-2021,2021,Punjab,Chandigarh (CH-01),4W,MUV,Tata Motors,Diesel,BS6,1498,7,3
1597,REG101598,18-07-2022,2022,Uttar Pradesh,Lucknow (UP-32),4W,Hatchback,Mahindra,Diesel,BS6,1197,8,2
1598,REG101599,24-12-2020,2020,Maharashtra,Nagpur (MH-31),2W,Scooter,Ola Electric,EV,BS6,0,2,4
1599,REG101600,07-07-2018,2018,Karnataka,Mysore (KA-09),2W,Moped,Ola Electric,EV,BS4,0,2,6
1600,REG101601,23-05-2021,2021,Maharashtra,Aurangabad (MH-20),LCV,Pickup Van,Eicher,Diesel,BS6,0,15,3
1601,REG101602,17-09-2021,2021,Kerala,Thrissur (KL-08),2W,Motorcycle,Royal Enfield,CNG,BS6,150,2,3
1602,REG101603,04-12-2023,2023,Tamil Nadu,Chennai Central (TN-01),2W,Motorcycle,Ola Electric,Petrol,BS6,0,2,1
1603,REG101604,21-01-2021,2021,Rajasthan,Ajmer (RJ-01),2W,Motorcycle,TVS,EV,BS6,0,2,3
1604,REG101605,07-01-2021,2021,Delhi,Delhi East (DL-02),2W,Moped,Suzuki,Petrol,BS6,110,2,3
1605,REG101606,03-09-2021,2021,Telangana,Nizamabad (TS-05),4W,Hatchback,Kia,Petrol,BS6,1462,6,3
1606,REG101607,18-11-2021,2021,Madhya Pradesh,Jabalpur (MP-20),3W,Auto Rickshaw,Bajaj,CNG,BS6,200,3,3
1607,REG101608,17-10-2022,2022,Madhya Pradesh,Indore (MP-09),LCV,Mini Truck,Tata Motors,Diesel,BS6,2956,9,2
1608,REG101609,10-08-2021,2021,Madhya Pradesh,Jabalpur (MP-20),LCV,Pickup Van,Mahindra,Diesel,BS4,2523,12,3
1609,REG101610,07-03-2022,2022,Uttar Pradesh,Lucknow (UP-32),2W,Moped,Yamaha,Petrol,BS6,350,2,2
1610,REG101611,12-09-2022,2022,Punjab,Patiala (PB-11),LCV,Light Bus,Mahindra,Diesel,BS6,2523,12,2
1611,REG101612,24-11-2024,2024,Punjab,Chandigarh (CH-01),2W,Moped,Honda,CNG,BS6,100,2,0
1612,REG101613,17-06-2023,2023,Rajasthan,Kota (RJ-20),2W,Scooter,Yamaha,Petrol,BS6,160,2,1
1613,REG101614,06-11-2022,2022,West Bengal,Asansol (WB-39),3W,Tempo,Atul Auto,EV,BS6,0,6,2
1614,REG101615,09-05-2022,2022,Rajasthan,Jaipur (RJ-14),4W,SUV,Renault,Diesel,BS6,1498,7,2
1615,REG101616,06-06-2022,2022,Gujarat,Gandhinagar (GJ-18),3W,E-Rickshaw,TVS,CNG,BS6,225,6,2
1616,REG101617,10-11-2023,2023,Telangana,Karimnagar (TS-01),2W,Moped,Suzuki,CNG,BS6,125,2,1
1617,REG101618,15-04-2022,2022,Kerala,Kozhikode (KL-11),2W,Moped,Yamaha,CNG,BS6,350,2,2
1618,REG101619,20-11-2020,2020,Punjab,Patiala (PB-11),2W,Moped,Royal Enfield,EV,BS6,0,2,4
1619,REG101620,24-08-2021,2021,Tamil Nadu,Salem (TN-30),2W,Scooter,KTM,CNG,BS6,400,2,3
1620,REG101621,20-07-2024,2024,Rajasthan,Jodhpur (RJ-19),2W,Motorcycle,Royal Enfield,Petrol,BS6,100,2,0
1621,REG101622,25-10-2024,2024,Karnataka,Mysore (KA-09),4W,SUV,MG,Diesel,BS6,1498,8,0
1622,REG101623,18-07-2019,2019,Delhi,Delhi West (DL-08),2W,Scooter,KTM,EV,BS4,0,2,5
1623,REG101624,25-02-2024,2024,Karnataka,Mysore (KA-09),2W,Scooter,Hero,Petrol,BS6,400,2,0
1624,REG101625,18-10-2018,2018,Telangana,Nizamabad (TS-05),2W,Motorcycle,Suzuki,Petrol,BS4,100,2,6
1625,REG101626,23-04-2022,2022,Maharashtra,Mumbai Central (MH-01),2W,Moped,Royal Enfield,Petrol,BS6,0,2,2
1626,REG101627,12-06-2018,2018,Punjab,Patiala (PB-11),4W,SUV,Mahindra,Petrol,BS4,1462,6,6
1627,REG101628,19-05-2022,2022,Uttar Pradesh,Kanpur (UP-78),4W,Hatchback,Tata Motors,Petrol,BS6,2179,5,2
1628,REG101629,23-04-2022,2022,Karnataka,Mysore (KA-09),LCV,Mini Truck,Mahindra,Diesel,BS6,3298,9,2
1629,REG101630,19-04-2024,2024,Maharashtra,Pune (MH-12),4W,MUV,Skoda,CNG,BS6,1462,5,0
1630,REG101631,13-07-2024,2024,Karnataka,Mangalore (KA-19),4W,MUV,Tata Motors,Hybrid,BS6,800,7,0
1631,REG101632,12-11-2018,2018,Delhi,Delhi North (DL-04),2W,Moped,Yamaha,Petrol,BS4,250,2,6
1632,REG101633,13-07-2023,2023,West Bengal,Asansol (WB-39),2W,Motorcycle,Honda,EV,BS6,0,2,1
1633,REG101634,28-04-2020,2020,Uttar Pradesh,Kanpur (UP-78),2W,Scooter,Suzuki,Petrol,BS6,250,2,4
1634,REG101635,12-01-2019,2019,Punjab,Jalandhar (PB-08),HCV,Bus,MAN,CNG,BS6,6700,52,5
1635,REG101636,15-02-2022,2022,Rajasthan,Kota (RJ-20),2W,Scooter,Suzuki,CNG,BS6,250,2,2
1636,REG101637,26-10-2020,2020,Gujarat,Vadodara (GJ-06),2W,Scooter,Royal Enfield,EV,BS6,0,2,4
1637,REG101638,16-02-2018,2018,Punjab,Patiala (PB-11),4W,Hatchback,Honda,Diesel,BS4,1197,5,6
1638,REG101639,14-03-2022,2022,Punjab,Patiala (PB-11),2W,Motorcycle,Ather,Petrol,BS6,0,2,2
1639,REG101640,14-11-2019,2019,Gujarat,Surat (GJ-05),2W,Scooter,TVS,EV,BS4,0,2,5
1640,REG101641,04-11-2020,2020,Punjab,Ludhiana (PB-10),2W,Scooter,Suzuki,Petrol,BS6,110,2,4
1641,REG101642,08-07-2023,2023,Karnataka,Bangalore Central (KA-01),2W,Motorcycle,Ather,Petrol,BS6,0,2,1
1642,REG101643,19-05-2024,2024,Tamil Nadu,Trichy (TN-45),HCV,Bus,Tata Motors,Diesel,BS6,0,1,0
1643,REG101644,09-03-2018,2018,Telangana,Khammam (TS-07),LCV,Pickup Van,Mahindra,Diesel,BS4,2956,15,6
1644,REG101645,31-12-2020,2020,Rajasthan,Ajmer (RJ-01),4W,MUV,Mahindra,Diesel,BS6,1462,6,4
1645,REG101646,28-09-2018,2018,Madhya Pradesh,Ujjain (MP-13),4W,Hatchback,Honda,Petrol,BS4,2179,8,6
1646,REG101647,27-07-2023,2023,Telangana,Khammam (TS-07),4W,MUV,Renault,Diesel,BS6,1498,8,1
1647,REG101648,02-06-2019,2019,Tamil Nadu,Trichy (TN-45),LCV,Mini Truck,Tata Motors,Diesel,BS4,2523,15,5
1648,REG101649,09-01-2022,2022,Uttar Pradesh,Varanasi (UP-65),2W,Scooter,Hero,Petrol,BS6,150,2,2
1649,REG101650,06-05-2023,2023,Uttar Pradesh,Kanpur (UP-78),2W,Moped,TVS,EV,BS6,0,2,1
1650,REG101651,10-07-2022,2022,Maharashtra,Pune (MH-12),LCV,Pickup Van,Force Motors,Diesel,BS6,2956,12,2
1651,REG101652,10-07-2024,2024,Tamil Nadu,Salem (TN-30),HCV,Bus,Ashok Leyland,Diesel,BS6,3760,32,0
1652,REG101653,10-10-2021,2021,West Bengal,Siliguri (WB-73),LCV,Pickup Van,Tata Motors,CNG,BS6,0,9,3
1653,REG101654,15-03-2020,2020,West Bengal,Kolkata (WB-01),2W,Motorcycle,Royal Enfield,EV,BS6,0,2,4
1654,REG101655,21-06-2018,2018,Gujarat,Ahmedabad (GJ-01),2W,Motorcycle,Ather,Petrol,BS4,0,2,6
1655,REG101656,05-03-2023,2023,West Bengal,Durgapur (WB-40),4W,SUV,Toyota,Petrol,BS6,2179,8,1
1656,REG101657,13-07-2019,2019,Uttar Pradesh,Allahabad (UP-70),2W,Moped,Ola Electric,EV,BS4,0,2,5
1657,REG101658,17-02-2023,2023,Madhya Pradesh,Jabalpur (MP-20),4W,SUV,Tata Motors,Petrol,BS6,1968,7,1
1658,REG101659,09-04-2020,2020,Uttar Pradesh,Kanpur (UP-78),2W,Scooter,Hero,Petrol,BS6,250,2,4
1659,REG101660,20-01-2024,2024,Tamil Nadu,Salem (TN-30),4W,SUV,Mahindra,Petrol,BS6,1498,8,0
1660,REG101661,24-08-2019,2019,Karnataka,Mysore (KA-09),3W,Auto Rickshaw,Kinetic Green,Diesel,BS4,250,7,5
1661,REG101662,19-06-2022,2022,Kerala,Kozhikode (KL-11),LCV,Pickup Van,Eicher,CNG,BS6,3298,15,2
1662,REG101663,12-01-2024,2024,Tamil Nadu,Trichy (TN-45),3W,E-Rickshaw,Atul Auto,Petrol,BS6,0,6,0
1663,REG101664,29-10-2024,2024,Gujarat,Vadodara (GJ-06),HCV,Trailer,BharatBenz,CNG,BS6,5660,32,0
1664,REG101665,23-12-2024,2024,Karnataka,Mysore (KA-09),4W,Sedan,Mahindra,Diesel,BS6,0,7,0
1665,REG101666,03-09-2020,2020,Uttar Pradesh,Varanasi (UP-65),2W,Scooter,Royal Enfield,Petrol,BS6,110,2,4
1666,REG101667,20-06-2022,2022,Rajasthan,Jaipur (RJ-14),2W,Scooter,TVS,Petrol,BS6,200,2,2
1667,REG101668,30-04-2020,2020,Karnataka,Hubli (KA-25),2W,Scooter,Suzuki,EV,BS6,0,2,4
1668,REG101669,12-02-2021,2021,Delhi,Delhi South (DL-09),4W,SUV,Tata Motors,CNG,BS6,1000,5,3
1669,REG101670,27-11-2024,2024,Karnataka,Bangalore Central (KA-01),2W,Scooter,KTM,Petrol,BS6,125,2,0
1670,REG101671,13-12-2024,2024,Maharashtra,Mumbai Central (MH-01),3W,Auto Rickshaw,Piaggio,CNG,BS6,250,7,0
1671,REG101672,12-02-2018,2018,Punjab,Chandigarh (CH-01),2W,Scooter,Yamaha,Petrol,BS4,100,2,6
1672,REG101673,25-02-2023,2023,Punjab,Chandigarh (CH-01),4W,Sedan,Tata Motors,Diesel,BS6,1498,7,1
1673,REG101674,14-05-2019,2019,Punjab,Patiala (PB-11),2W,Moped,Royal Enfield,Petrol,BS4,125,2,5
1674,REG101675,23-06-2021,2021,Madhya Pradesh,Ujjain (MP-13),2W,Moped,Bajaj,CNG,BS6,125,2,3
1675,REG101676,25-07-2021,2021,Kerala,Thrissur (KL-08),4W,SUV,Renault,Petrol,BS6,1968,6,3
1676,REG101677,31-01-2020,2020,Gujarat,Vadodara (GJ-06),2W,Scooter,TVS,CNG,BS6,0,2,4
1677,REG101678,20-06-2023,2023,Karnataka,Mysore (KA-09),2W,Scooter,TVS,Petrol,BS6,200,2,1
1678,REG101679,09-12-2024,2024,Punjab,Ludhiana (PB-10),4W,MUV,Honda,Petrol,BS6,0,7,0
1679,REG101680,25-06-2020,2020,Kerala,Kochi (KL-07),LCV,Light Bus,Tata Motors,Diesel,BS6,2523,9,4
1680,REG101681,14-06-2024,2024,Maharashtra,Nagpur (MH-31),2W,Scooter,KTM,EV,BS6,0,2,0
1681,REG101682,05-04-2022,2022,Tamil Nadu,Madurai (TN-58),4W,MUV,Toyota,Hybrid,BS6,800,6,2
1682,REG101683,19-09-2024,2024,Gujarat,Rajkot (GJ-03),2W,Scooter,TVS,Petrol,BS6,0,2,0
1683,REG101684,20-11-2018,2018,West Bengal,Durgapur (WB-40),LCV,Light Bus,Mahindra,Diesel,BS4,3298,15,6
1684,REG101685,14-04-2023,2023,Rajasthan,Ajmer (RJ-01),2W,Motorcycle,Honda,EV,BS6,0,2,1
1685,REG101686,09-11-2024,2024,Tamil Nadu,Madurai (TN-58),4W,SUV,Renault,Diesel,BS6,1462,8,0
1686,REG101687,22-08-2021,2021,Kerala,Thiruvananthapuram (KL-01),3W,Tempo,Atul Auto,EV,BS4,0,6,3
1687,REG101688,26-08-2023,2023,Rajasthan,Jaipur (RJ-14),2W,Moped,Honda,EV,BS6,0,2,1
1688,REG101689,20-01-2021,2021,Punjab,Ludhiana (PB-10),HCV,Bus,BharatBenz,Diesel,BS6,4998,52,3
1689,REG101690,02-05-2020,2020,Gujarat,Rajkot (GJ-03),2W,Moped,Bajaj,Petrol,BS6,250,2,4
1690,REG101691,02-08-2023,2023,Maharashtra,Nashik (MH-15),2W,Motorcycle,Royal Enfield,EV,BS6,0,2,1
1691,REG101692,09-10-2020,2020,Telangana,Nizamabad (TS-05),4W,Hatchback,MG,CNG,BS6,1498,5,4
1692,REG101693,17-12-2023,2023,Delhi,Delhi North (DL-04),4W,SUV,Tata Motors,Diesel,BS6,1968,5,1
1693,REG101694,12-05-2024,2024,Rajasthan,Jodhpur (RJ-19),HCV,Truck,Tata Motors,Diesel,BS6,4998,32,0
1694,REG101695,27-05-2020,2020,Madhya Pradesh,Gwalior (MP-07),2W,Scooter,Bajaj,CNG,BS6,160,2,4
1695,REG101696,02-05-2024,2024,Telangana,Khammam (TS-07),4W,Hatchback,Tata Motors,Petrol,BS6,1000,7,0
1696,REG101697,01-10-2023,2023,Tamil Nadu,Chennai Central (TN-01),4W,SUV,Hyundai,Diesel,BS4,2179,5,1
1697,REG101698,07-04-2021,2021,West Bengal,Asansol (WB-39),2W,Motorcycle,Yamaha,Petrol,BS6,400,2,3
1698,REG101699,24-09-2020,2020,Gujarat,Ahmedabad (GJ-01),HCV,Truck,Tata Motors,Diesel,BS6,0,2,4
1699,REG101700,26-07-2023,2023,West Bengal,Durgapur (WB-40),2W,Scooter,Suzuki,Petrol,BS4,150,2,1
1700,REG101701,27-04-2023,2023,Tamil Nadu,Coimbatore (TN-37),4W,MUV,Skoda,Hybrid,BS6,2179,8,1
1701,REG101702,20-10-2022,2022,Uttar Pradesh,Agra (UP-80),4W,Sedan,Maruti Suzuki,Petrol,BS6,1598,5,2
1702,REG101703,09-03-2024,2024,Madhya Pradesh,Gwalior (MP-07),4W,MUV,Maruti Suzuki,Diesel,BS6,1000,5,0
1703,REG101704,16-11-2023,2023,Punjab,Ludhiana (PB-10),3W,Tempo,Atul Auto,Petrol,BS6,200,7,1
1704,REG101705,02-06-2024,2024,Rajasthan,Jodhpur (RJ-19),2W,Scooter,Royal Enfield,Petrol,BS6,125,2,0
1705,REG101706,28-09-2024,2024,Kerala,Kozhikode (KL-11),4W,Sedan,Kia,Diesel,BS6,1598,5,0
1706,REG101707,04-04-2024,2024,West Bengal,Durgapur (WB-40),4W,MUV,Maruti Suzuki,Petrol,BS6,1000,6,0
1707,REG101708,20-06-2019,2019,Telangana,Khammam (TS-07),4W,Hatchback,Toyota,Petrol,BS4,1598,5,5
1708,REG101709,09-10-2021,2021,Tamil Nadu,Trichy (TN-45),2W,Motorcycle,Bajaj,Petrol,BS4,400,2,3
1709,REG101710,21-01-2021,2021,Karnataka,Belgaum (KA-22),HCV,Trailer,Eicher,Diesel,BS6,5660,45,3
1710,REG101711,03-01-2019,2019,Karnataka,Hubli (KA-25),2W,Motorcycle,TVS,Petrol,BS4,110,2,5
1711,REG101712,30-10-2019,2019,West Bengal,Kolkata (WB-01),3W,E-Rickshaw,Mahindra,EV,BS4,0,3,5
1712,REG101713,22-04-2023,2023,Rajasthan,Jodhpur (RJ-19),2W,Moped,Honda,EV,BS6,0,2,1
1713,REG101714,23-10-2022,2022,Tamil Nadu,Trichy (TN-45),2W,Scooter,Hero,CNG,BS6,150,2,2
1714,REG101715,28-09-2023,2023,West Bengal,Asansol (WB-39),2W,Scooter,Bajaj,EV,BS6,0,2,1
1715,REG101716,12-11-2021,2021,Rajasthan,Jodhpur (RJ-19),2W,Moped,Suzuki,EV,BS6,0,2,3
1716,REG101717,29-10-2024,2024,Kerala,Thrissur (KL-08),2W,Moped,KTM,Petrol,BS6,150,2,0
1717,REG101718,08-03-2024,2024,Kerala,Kozhikode (KL-11),4W,Sedan,Skoda,Petrol,BS6,800,6,0
1718,REG101719,22-10-2021,2021,Delhi,Delhi Central (DL-01),4W,MUV,Tata Motors,Petrol,BS6,800,6,3
1719,REG101720,15-03-2021,2021,Kerala,Thiruvananthapuram (KL-01),4W,Hatchback,Honda,Petrol,BS6,1197,5,3
1720,REG101721,14-04-2021,2021,Rajasthan,Kota (RJ-20),OTH,Crane,Escorts,Diesel,BS6,4998,2,3
1721,REG101722,12-08-2022,2022,Uttar Pradesh,Agra (UP-80),2W,Moped,Bajaj,EV,BS6,0,2,2
1722,REG101723,29-05-2023,2023,Gujarat,Ahmedabad (GJ-01),2W,Motorcycle,Hero,Petrol,BS6,150,2,1
1723,REG101724,08-01-2020,2020,Uttar Pradesh,Lucknow (UP-32),LCV,Mini Truck,Ashok Leyland,Diesel,BS4,0,15,4
1724,REG101725,22-05-2022,2022,Karnataka,Belgaum (KA-22),3W,E-Rickshaw,Kinetic Green,CNG,BS6,0,6,2
1725,REG101726,06-09-2023,2023,Gujarat,Surat (GJ-05),3W,E-Rickshaw,Piaggio,CNG,BS6,0,3,1
1726,REG101727,11-05-2023,2023,Telangana,Khammam (TS-07),4W,Sedan,Hyundai,Petrol,BS6,1000,7,1
1727,REG101728,04-05-2022,2022,Madhya Pradesh,Ujjain (MP-13),4W,MUV,Maruti Suzuki,Petrol,BS6,1498,7,2
1728,REG101729,02-01-2023,2023,Delhi,Delhi South (DL-09),LCV,Light Bus,Eicher,Diesel,BS6,2956,9,1
1729,REG101730,05-06-2020,2020,Rajasthan,Ajmer (RJ-01),2W,Scooter,Hero,EV,BS6,0,2,4
1730,REG101731,14-07-2022,2022,Gujarat,Vadodara (GJ-06),4W,MUV,Skoda,CNG,BS6,2179,6,2
1731,REG101732,20-06-2023,2023,Delhi,Delhi West (DL-08),2W,Scooter,Yamaha,EV,BS6,0,2,1
1732,REG101733,29-04-2019,2019,Delhi,Delhi North (DL-04),HCV,Truck,MAN,Diesel,BS4,6700,1,5
1733,REG101734,14-08-2023,2023,Delhi,Delhi North (DL-04),2W,Moped,Honda,Petrol,BS6,125,2,1
1734,REG101735,29-07-2018,2018,Delhi,Delhi East (DL-02),2W,Motorcycle,Hero,Petrol,BS4,110,2,6
1735,REG101736,01-03-2024,2024,Gujarat,Gandhinagar (GJ-18),LCV,Mini Truck,Tata Motors,Diesel,BS6,2523,12,0
1736,REG101737,27-03-2023,2023,Punjab,Patiala (PB-11),4W,Sedan,Maruti Suzuki,Diesel,BS6,800,8,1
1737,REG101738,23-05-2022,2022,Delhi,Delhi North (DL-04),LCV,Mini Truck,Tata Motors,Diesel,BS6,2523,12,2
1738,REG101739,19-02-2020,2020,Kerala,Kozhikode (KL-11),HCV,Tanker,Eicher,CNG,BS4,0,1,4
1739,REG101740,11-04-2018,2018,Madhya Pradesh,Gwalior (MP-07),2W,Motorcycle,Bajaj,CNG,BS4,150,2,6
1740,REG101741,02-03-2022,2022,Delhi,Delhi East (DL-02),2W,Motorcycle,KTM,Petrol,BS6,150,2,2
1741,REG101742,31-08-2019,2019,Rajasthan,Kota (RJ-20),LCV,Pickup Van,Mahindra,CNG,BS4,0,9,5
1742,REG101743,19-04-2019,2019,Tamil Nadu,Madurai (TN-58),2W,Motorcycle,Suzuki,Petrol,BS4,110,2,5
1743,REG101744,12-10-2023,2023,Tamil Nadu,Salem (TN-30),2W,Motorcycle,TVS,Petrol,BS6,400,2,1
1744,REG101745,21-04-2022,2022,Punjab,Patiala (PB-11),OTH,Crane,TAFE,Diesel,BS6,6700,45,2
1745,REG101746,11-01-2021,2021,Tamil Nadu,Trichy (TN-45),LCV,Pickup Van,Ashok Leyland,Diesel,BS6,2956,12,3
1746,REG101747,06-03-2019,2019,Gujarat,Rajkot (GJ-03),4W,MUV,Hyundai,CNG,BS4,800,6,5
1747,REG101748,25-10-2021,2021,Kerala,Kollam (KL-02),HCV,Truck,Eicher,Diesel,BS6,4998,1,3
1748,REG101749,06-11-2024,2024,Telangana,Warangal (TS-03),4W,Sedan,Tata Motors,Petrol,BS6,0,5,0
1749,REG101750,20-06-2019,2019,Delhi,Delhi South (DL-09),4W,SUV,Renault,Diesel,BS4,0,6,5
1750,REG101751,23-09-2023,2023,Tamil Nadu,Chennai Central (TN-01),2W,Motorcycle,TVS,Petrol,BS6,125,2,1
1751,REG101752,24-08-2023,2023,Punjab,Jalandhar (PB-08),2W,Moped,Ather,Petrol,BS6,0,2,1
1752,REG101753,14-01-2023,2023,Madhya Pradesh,Gwalior (MP-07),OTH,Crane,Mahindra,Diesel,BS4,3760,1,1
1753,REG101754,04-09-2019,2019,Karnataka,Hubli (KA-25),2W,Moped,Ola Electric,Petrol,BS4,0,2,5
1754,REG101755,10-06-2023,2023,West Bengal,Asansol (WB-39),4W,Hatchback,Skoda,Petrol,BS6,1968,5,1
1755,REG101756,04-11-2022,2022,Telangana,Nizamabad (TS-05),4W,SUV,Tata Motors,Petrol,BS6,0,8,2
1756,REG101757,14-09-2023,2023,Gujarat,Rajkot (GJ-03),3W,Auto Rickshaw,Piaggio,CNG,BS6,200,6,1
1757,REG101758,02-01-2018,2018,Uttar Pradesh,Varanasi (UP-65),2W,Scooter,KTM,Petrol,BS4,160,2,6
1758,REG101759,29-09-2023,2023,Delhi,Delhi North (DL-04),2W,Scooter,Honda,Petrol,BS6,125,2,1
1759,REG101760,27-04-2023,2023,Uttar Pradesh,Varanasi (UP-65),4W,Sedan,Honda,Petrol,BS6,1598,7,1
1760,REG101761,21-01-2023,2023,Madhya Pradesh,Bhopal (MP-04),2W,Motorcycle,Ola Electric,Petrol,BS6,0,2,1
1761,REG101762,01-07-2022,2022,Maharashtra,Nashik (MH-15),2W,Scooter,Ola Electric,EV,BS6,0,2,2
1762,REG101763,20-07-2023,2023,Punjab,Patiala (PB-11),2W,Motorcycle,Hero,Petrol,BS6,160,2,1
1763,REG101764,26-11-2023,2023,Telangana,Hyderabad (TS-09),LCV,Light Bus,Tata Motors,Diesel,BS6,2956,15,1
1764,REG101765,07-04-2021,2021,West Bengal,Siliguri (WB-73),LCV,Mini Truck,Eicher,Diesel,BS4,2523,12,3
1765,REG101766,01-06-2021,2021,Gujarat,Surat (GJ-05),2W,Motorcycle,TVS,CNG,BS6,125,2,3
1766,REG101767,02-08-2020,2020,Telangana,Khammam (TS-07),4W,SUV,Honda,Petrol,BS6,1197,7,4
1767,REG101768,21-01-2020,2020,Kerala,Kollam (KL-02),2W,Motorcycle,Royal Enfield,Hybrid,BS6,250,2,4
1768,REG101769,11-12-2020,2020,Gujarat,Rajkot (GJ-03),2W,Scooter,Royal Enfield,Petrol,BS6,200,2,4
1769,REG101770,29-08-2018,2018,Rajasthan,Ajmer (RJ-01),4W,SUV,Mahindra,Hybrid,BS4,1968,7,6
1770,REG101771,26-04-2022,2022,Uttar Pradesh,Agra (UP-80),LCV,Light Bus,Eicher,Diesel,BS6,2523,12,2
1771,REG101772,27-08-2023,2023,Delhi,Delhi South (DL-09),4W,Sedan,Kia,Diesel,BS6,800,7,1
1772,REG101773,16-04-2020,2020,Maharashtra,Nagpur (MH-31),4W,Hatchback,Kia,Petrol,BS6,1598,6,4
1773,REG101774,22-02-2020,2020,Telangana,Nizamabad (TS-05),4W,Hatchback,Honda,Hybrid,BS6,1000,5,4
1774,REG101775,12-04-2022,2022,Kerala,Kollam (KL-02),3W,E-Rickshaw,Kinetic Green,CNG,BS6,225,7,2
1775,REG101776,21-01-2021,2021,Karnataka,Mysore (KA-09),3W,Auto Rickshaw,Mahindra,EV,BS6,0,3,3
1776,REG101777,28-07-2019,2019,Kerala,Thiruvananthapuram (KL-01),HCV,Tanker,Volvo,Diesel,BS4,0,52,5
1777,REG101778,01-08-2022,2022,Maharashtra,Mumbai Central (MH-01),HCV,Bus,Tata Motors,Diesel,BS6,3760,52,2
1778,REG101779,23-11-2021,2021,Tamil Nadu,Trichy (TN-45),3W,Auto Rickshaw,Piaggio,EV,BS6,0,6,3
1779,REG101780,19-04-2024,2024,Kerala,Kozhikode (KL-11),4W,Hatchback,Honda,Petrol,BS6,1968,7,0
1780,REG101781,27-09-2022,2022,Punjab,Amritsar (PB-02),2W,Motorcycle,Honda,Petrol,BS6,0,2,2
1781,REG101782,14-01-2022,2022,Gujarat,Ahmedabad (GJ-01),4W,Sedan,Mahindra,Diesel,BS6,1197,8,2
1782,REG101783,07-02-2022,2022,Delhi,Delhi East (DL-02),4W,Sedan,Mahindra,CNG,BS6,1462,8,2
1783,REG101784,30-05-2024,2024,Gujarat,Vadodara (GJ-06),2W,Motorcycle,Honda,Petrol,BS6,125,2,0
1784,REG101785,22-06-2023,2023,Telangana,Khammam (TS-07),2W,Moped,Hero,Petrol,BS4,150,2,1
1785,REG101786,07-03-2023,2023,West Bengal,Siliguri (WB-73),2W,Moped,Hero,EV,BS6,0,2,1
1786,REG101787,08-11-2021,2021,Maharashtra,Mumbai Central (MH-01),HCV,Truck,Eicher,Diesel,BS6,3760,1,3
1787,REG101788,21-04-2020,2020,Uttar Pradesh,Kanpur (UP-78),4W,Hatchback,Toyota,Hybrid,BS6,1498,7,4
1788,REG101789,06-09-2019,2019,Rajasthan,Jaipur (RJ-14),4W,Sedan,Honda,CNG,BS4,1968,6,5
1789,REG101790,03-05-2024,2024,Punjab,Ludhiana (PB-10),OTH,Crane,John Deere,Petrol,BS6,5660,52,0
1790,REG101791,08-10-2020,2020,Maharashtra,Aurangabad (MH-20),OTH,Tractor,John Deere,Diesel,BS4,0,2,4
1791,REG101792,22-02-2023,2023,Uttar Pradesh,Lucknow (UP-32),2W,Moped,Yamaha,EV,BS6,0,2,1
1792,REG101793,28-12-2024,2024,West Bengal,Kolkata (WB-01),4W,Hatchback,Renault,Diesel,BS6,1000,7,0
1793,REG101794,26-07-2022,2022,Gujarat,Gandhinagar (GJ-18),2W,Motorcycle,KTM,Petrol,BS6,0,2,2
1794,REG101795,03-12-2023,2023,Kerala,Kollam (KL-02),4W,MUV,Skoda,CNG,BS4,1498,8,1
1795,REG101796,08-05-2021,2021,Karnataka,Belgaum (KA-22),2W,Moped,Yamaha,EV,BS6,0,2,3
1796,REG101797,31-03-2022,2022,Rajasthan,Ajmer (RJ-01),2W,Motorcycle,Ather,Petrol,BS6,0,2,2
1797,REG101798,25-07-2020,2020,Karnataka,Mysore (KA-09),LCV,Mini Truck,Ashok Leyland,EV,BS6,0,12,4
1798,REG101799,02-08-2023,2023,Punjab,Chandigarh (CH-01),OTH,Crane,TAFE,Diesel,BS6,3760,45,1
1799,REG101800,10-12-2022,2022,Tamil Nadu,Coimbatore (TN-37),2W,Moped,Bajaj,EV,BS6,0,2,2
1800,REG101801,09-01-2024,2024,Rajasthan,Jodhpur (RJ-19),LCV,Light Bus,Mahindra,CNG,BS6,3298,9,0
1801,REG101802,24-06-2022,2022,Rajasthan,Udaipur (RJ-27),LCV,Mini Truck,Mahindra,CNG,BS6,2523,15,2
1802,REG101803,16-05-2020,2020,Tamil Nadu,Salem (TN-30),4W,SUV,Renault,EV,BS6,0,8,4
1803,REG101804,07-08-2018,2018,Punjab,Jalandhar (PB-08),2W,Moped,Honda,Petrol,BS4,110,2,6
1804,REG101805,02-03-2024,2024,Madhya Pradesh,Indore (MP-09),4W,SUV,Skoda,Diesel,BS6,1498,6,0
1805,REG101806,20-05-2021,2021,Gujarat,Rajkot (GJ-03),4W,Sedan,Skoda,Hybrid,BS6,800,5,3
1806,REG101807,03-11-2024,2024,Tamil Nadu,Salem (TN-30),4W,Hatchback,Maruti Suzuki,EV,BS6,0,8,0
1807,REG101808,09-04-2019,2019,Karnataka,Bangalore Central (KA-01),2W,Scooter,Ather,Petrol,BS4,0,2,5
1808,REG101809,23-05-2018,2018,Rajasthan,Jaipur (RJ-14),2W,Motorcycle,Suzuki,EV,BS4,0,2,6
1809,REG101810,01-04-2022,2022,Gujarat,Gandhinagar (GJ-18),2W,Moped,Yamaha,Petrol,BS4,400,2,2
1810,REG101811,23-04-2018,2018,Delhi,Delhi South (DL-09),HCV,Tanker,MAN,Diesel,BS4,5660,32,6
1811,REG101812,17-08-2020,2020,Maharashtra,Nashik (MH-15),2W,Moped,Royal Enfield,Petrol,BS4,125,2,4
1812,REG101813,12-10-2019,2019,Kerala,Thrissur (KL-08),4W,MUV,Tata Motors,CNG,BS4,1000,8,5
1813,REG101814,04-02-2023,2023,Kerala,Thrissur (KL-08),HCV,Truck,Ashok Leyland,Diesel,BS6,5660,1,1
1814,REG101815,28-04-2020,2020,Uttar Pradesh,Allahabad (UP-70),4W,SUV,Hyundai,Petrol,BS6,1000,6,4
1815,REG101816,25-02-2024,2024,Rajasthan,Kota (RJ-20),4W,Sedan,Mahindra,Diesel,BS6,2179,5,0
1816,REG101817,14-07-2022,2022,West Bengal,Kolkata (WB-01),2W,Motorcycle,Honda,Petrol,BS6,110,2,2
1817,REG101818,21-10-2022,2022,Delhi,Delhi North (DL-04),2W,Moped,Yamaha,Petrol,BS6,200,2,2
1818,REG101819,16-05-2022,2022,Uttar Pradesh,Lucknow (UP-32),2W,Scooter,Honda,CNG,BS6,0,2,2
1819,REG101820,18-09-2024,2024,Maharashtra,Pune (MH-12),LCV,Pickup Van,Tata Motors,Diesel,BS6,2523,9,0
1820,REG101821,22-02-2020,2020,Uttar Pradesh,Agra (UP-80),2W,Motorcycle,Bajaj,EV,BS6,0,2,4
1821,REG101822,20-09-2023,2023,West Bengal,Asansol (WB-39),2W,Motorcycle,KTM,CNG,BS6,125,2,1
1822,REG101823,01-10-2024,2024,Tamil Nadu,Chennai Central (TN-01),2W,Motorcycle,Honda,EV,BS6,0,2,0
1823,REG101824,09-09-2022,2022,Karnataka,Mysore (KA-09),2W,Scooter,TVS,EV,BS6,0,2,2
1824,REG101825,31-03-2024,2024,West Bengal,Howrah (WB-13),4W,Sedan,Renault,Petrol,BS6,0,7,0
1825,REG101826,29-10-2018,2018,Uttar Pradesh,Lucknow (UP-32),2W,Moped,KTM,CNG,BS4,400,2,6
1826,REG101827,12-09-2023,2023,Kerala,Thrissur (KL-08),2W,Motorcycle,KTM,EV,BS6,0,2,1
1827,REG101828,04-10-2023,2023,Uttar Pradesh,Allahabad (UP-70),4W,Sedan,Maruti Suzuki,Diesel,BS6,1197,5,1
1828,REG101829,21-07-2023,2023,Madhya Pradesh,Indore (MP-09),2W,Moped,Yamaha,Petrol,BS6,200,2,1
1829,REG101830,18-03-2021,2021,Maharashtra,Nagpur (MH-31),4W,MUV,Hyundai,EV,BS6,0,6,3
1830,REG101831,13-10-2023,2023,Karnataka,Belgaum (KA-22),2W,Moped,Suzuki,EV,BS6,0,2,1
1831,REG101832,09-01-2021,2021,Telangana,Nizamabad (TS-05),2W,Moped,Ola Electric,EV,BS6,0,2,3
1832,REG101833,05-10-2023,2023,Tamil Nadu,Chennai Central (TN-01),LCV,Mini Truck,Eicher,CNG,BS6,0,15,1
1833,REG101834,22-06-2021,2021,Punjab,Amritsar (PB-02),3W,E-Rickshaw,Kinetic Green,CNG,BS6,200,7,3
1834,REG101835,19-01-2022,2022,Karnataka,Hubli (KA-25),2W,Moped,Ather,EV,BS6,0,2,2
1835,REG101836,11-04-2022,2022,Karnataka,Hubli (KA-25),HCV,Bus,Eicher,Diesel,BS6,0,2,2
1836,REG101837,06-12-2019,2019,Maharashtra,Aurangabad (MH-20),3W,E-Rickshaw,Bajaj,EV,BS4,0,6,5
1837,REG101838,16-09-2022,2022,Punjab,Patiala (PB-11),3W,Tempo,Piaggio,EV,BS6,0,7,2
1838,REG101839,25-11-2024,2024,Tamil Nadu,Coimbatore (TN-37),2W,Moped,Bajaj,EV,BS6,0,2,0
1839,REG101840,08-07-2023,2023,Rajasthan,Ajmer (RJ-01),2W,Moped,TVS,CNG,BS6,100,2,1
1840,REG101841,13-11-2024,2024,Kerala,Kozhikode (KL-11),LCV,Light Bus,Ashok Leyland,EV,BS6,0,15,0
1841,REG101842,01-04-2021,2021,West Bengal,Asansol (WB-39),2W,Moped,Honda,Petrol,BS6,200,2,3
1842,REG101843,13-03-2022,2022,Rajasthan,Kota (RJ-20),2W,Moped,Suzuki,EV,BS6,0,2,2
1843,REG101844,18-05-2022,2022,Punjab,Amritsar (PB-02),2W,Motorcycle,TVS,CNG,BS6,250,2,2
1844,REG101845,16-12-2020,2020,Delhi,Delhi East (DL-02),4W,Hatchback,Toyota,Diesel,BS6,1598,6,4
1845,REG101846,29-03-2021,2021,Telangana,Nizamabad (TS-05),4W,MUV,Tata Motors,Diesel,BS6,1968,6,3
1846,REG101847,24-02-2020,2020,Kerala,Kochi (KL-07),2W,Moped,Yamaha,Petrol,BS6,400,2,4
1847,REG101848,14-10-2021,2021,Kerala,Thrissur (KL-08),2W,Motorcycle,KTM,EV,BS6,0,2,3
1848,REG101849,05-06-2020,2020,Maharashtra,Aurangabad (MH-20),2W,Scooter,Royal Enfield,Petrol,BS6,0,2,4
1849,REG101850,25-01-2022,2022,Karnataka,Belgaum (KA-22),4W,Hatchback,Hyundai,Diesel,BS6,1462,7,2
1850,REG101851,15-02-2020,2020,Punjab,Ludhiana (PB-10),2W,Motorcycle,Honda,Petrol,BS6,200,2,4
1851,REG101852,06-07-2020,2020,Gujarat,Rajkot (GJ-03),2W,Scooter,Bajaj,Petrol,BS6,0,2,4
1852,REG101853,12-06-2023,2023,Delhi,Delhi North (DL-04),3W,Tempo,Bajaj,CNG,BS6,200,3,1
1853,REG101854,14-02-2023,2023,Punjab,Amritsar (PB-02),HCV,Bus,MAN,Diesel,BS6,3760,32,1
1854,REG101855,15-10-2022,2022,Tamil Nadu,Salem (TN-30),2W,Moped,Honda,CNG,BS6,100,2,2
1855,REG101856,27-09-2019,2019,Punjab,Ludhiana (PB-10),4W,Hatchback,Kia,Diesel,BS4,0,7,5
1856,REG101857,16-06-2022,2022,Uttar Pradesh,Kanpur (UP-78),LCV,Pickup Van,Eicher,EV,BS6,0,12,2
1857,REG101858,22-06-2023,2023,Telangana,Karimnagar (TS-01),2W,Motorcycle,TVS,EV,BS6,0,2,1
1858,REG101859,28-05-2023,2023,Telangana,Nizamabad (TS-05),4W,MUV,Toyota,Diesel,BS6,1197,6,1
1859,REG101860,10-03-2024,2024,Gujarat,Gandhinagar (GJ-18),HCV,Truck,MAN,Diesel,BS6,3760,1,0
1860,REG101861,07-02-2023,2023,Maharashtra,Pune (MH-12),4W,SUV,Mahindra,CNG,BS6,1462,6,1
1861,REG101862,04-09-2018,2018,Madhya Pradesh,Bhopal (MP-04),4W,SUV,Hyundai,Petrol,BS4,800,6,6
1862,REG101863,26-09-2021,2021,Madhya Pradesh,Jabalpur (MP-20),4W,Sedan,Hyundai,Petrol,BS6,1968,8,3
1863,REG101864,23-04-2024,2024,Punjab,Patiala (PB-11),OTH,Crane,TAFE,Diesel,BS6,6700,45,0
1864,REG101865,07-07-2023,2023,Madhya Pradesh,Jabalpur (MP-20),4W,SUV,Honda,Petrol,BS6,0,6,1
1865,REG101866,29-12-2023,2023,Rajasthan,Kota (RJ-20),2W,Motorcycle,Ather,Petrol,BS6,0,2,1
1866,REG101867,04-01-2022,2022,Karnataka,Mysore (KA-09),2W,Motorcycle,TVS,Petrol,BS6,160,2,2
1867,REG101868,15-05-2022,2022,Punjab,Chandigarh (CH-01),2W,Moped,Hero,Petrol,BS6,350,2,2
1868,REG101869,30-08-2022,2022,Tamil Nadu,Coimbatore (TN-37),4W,MUV,Toyota,Petrol,BS4,1968,5,2
1869,REG101870,05-07-2022,2022,Madhya Pradesh,Jabalpur (MP-20),2W,Motorcycle,Yamaha,EV,BS6,0,2,2
1870,REG101871,13-03-2024,2024,Madhya Pradesh,Gwalior (MP-07),3W,E-Rickshaw,Piaggio,EV,BS6,0,7,0
1871,REG101872,28-01-2023,2023,Madhya Pradesh,Jabalpur (MP-20),2W,Moped,Ather,Petrol,BS6,0,2,1
1872,REG101873,12-04-2022,2022,Tamil Nadu,Salem (TN-30),HCV,Tanker,Ashok Leyland,Diesel,BS6,6700,2,2
1873,REG101874,17-10-2020,2020,Punjab,Patiala (PB-11),HCV,Truck,Volvo,Diesel,BS6,0,2,4
1874,REG101875,08-02-2023,2023,Kerala,Thrissur (KL-08),LCV,Mini Truck,Force Motors,Diesel,BS6,3298,9,1
1875,REG101876,23-10-2021,2021,Telangana,Khammam (TS-07),2W,Motorcycle,Yamaha,EV,BS6,0,2,3
1876,REG101877,27-11-2019,2019,Delhi,Delhi West (DL-08),4W,SUV,Kia,Diesel,BS6,2179,8,5
1877,REG101878,10-05-2022,2022,Delhi,Delhi East (DL-02),4W,SUV,Mahindra,Petrol,BS6,2179,5,2
1878,REG101879,05-02-2022,2022,Tamil Nadu,Salem (TN-30),4W,MUV,Maruti Suzuki,Petrol,BS6,1197,5,2
1879,REG101880,09-09-2023,2023,Rajasthan,Jodhpur (RJ-19),4W,MUV,Renault,Diesel,BS6,1598,6,1
1880,REG101881,20-02-2018,2018,Punjab,Patiala (PB-11),HCV,Bus,Ashok Leyland,Diesel,BS4,4998,32,6
1881,REG101882,08-09-2021,2021,Uttar Pradesh,Lucknow (UP-32),4W,Sedan,Maruti Suzuki,Petrol,BS6,2179,8,3
1882,REG101883,30-09-2020,2020,Rajasthan,Jodhpur (RJ-19),4W,SUV,Renault,Diesel,BS6,1968,5,4
1883,REG101884,21-10-2023,2023,Maharashtra,Pune (MH-12),2W,Scooter,Bajaj,Petrol,BS6,200,2,1
1884,REG101885,12-01-2022,2022,Karnataka,Mangalore (KA-19),2W,Motorcycle,Bajaj,CNG,BS6,125,2,2
1885,REG101886,17-02-2021,2021,Madhya Pradesh,Ujjain (MP-13),2W,Moped,Ola Electric,Hybrid,BS6,0,2,3
1886,REG101887,03-01-2018,2018,Delhi,Delhi North (DL-04),2W,Moped,Ather,Petrol,BS4,0,2,6
1887,REG101888,16-03-2019,2019,Uttar Pradesh,Varanasi (UP-65),2W,Moped,Ola Electric,EV,BS4,0,2,5
1888,REG101889,25-12-2019,2019,Maharashtra,Pune (MH-12),4W,Hatchback,Mahindra,Petrol,BS4,2179,8,5
1889,REG101890,23-02-2019,2019,West Bengal,Howrah (WB-13),2W,Moped,Honda,Petrol,BS4,125,2,5
1890,REG101891,05-12-2019,2019,Tamil Nadu,Chennai Central (TN-01),2W,Moped,Hero,EV,BS4,0,2,5
1891,REG101892,09-08-2021,2021,West Bengal,Howrah (WB-13),2W,Moped,Bajaj,Petrol,BS6,250,2,3
1892,REG101893,23-09-2024,2024,Rajasthan,Jodhpur (RJ-19),4W,Sedan,MG,EV,BS6,0,6,0
1893,REG101894,26-09-2023,2023,Gujarat,Surat (GJ-05),2W,Scooter,Hero,EV,BS6,0,2,1
1894,REG101895,07-03-2022,2022,Rajasthan,Jaipur (RJ-14),4W,SUV,Tata Motors,Petrol,BS6,800,6,2
1895,REG101896,02-12-2023,2023,Kerala,Kozhikode (KL-11),OTH,Crane,Sonalika,Diesel,BS6,3760,2,1
1896,REG101897,19-02-2023,2023,Kerala,Kollam (KL-02),4W,Sedan,Skoda,Diesel,BS4,1462,8,1
1897,REG101898,18-07-2021,2021,Karnataka,Mysore (KA-09),2W,Scooter,Yamaha,EV,BS6,0,2,3
1898,REG101899,14-03-2023,2023,Tamil Nadu,Coimbatore (TN-37),LCV,Pickup Van,Tata Motors,EV,BS6,0,9,1
1899,REG101900,31-01-2022,2022,Uttar Pradesh,Lucknow (UP-32),2W,Motorcycle,KTM,Petrol,BS6,125,2,2
1900,REG101901,12-01-2022,2022,Punjab,Patiala (PB-11),2W,Moped,Honda,EV,BS6,0,2,2
1901,REG101902,24-06-2024,2024,Delhi,Delhi East (DL-02),2W,Scooter,Ather,EV,BS6,0,2,0
1902,REG101903,17-01-2023,2023,Gujarat,Surat (GJ-05),4W,Hatchback,Mahindra,EV,BS6,0,5,1
1903,REG101904,19-08-2024,2024,Karnataka,Bangalore Central (KA-01),4W,MUV,MG,CNG,BS6,1598,8,0
1904,REG101905,10-07-2023,2023,Gujarat,Gandhinagar (GJ-18),2W,Scooter,Ola Electric,CNG,BS6,0,2,1
1905,REG101906,25-08-2019,2019,Uttar Pradesh,Kanpur (UP-78),HCV,Trailer,BharatBenz,Diesel,BS4,6700,1,5
1906,REG101907,31-07-2018,2018,Karnataka,Bangalore Central (KA-01),4W,Hatchback,Renault,Petrol,BS4,0,6,6
1907,REG101908,06-10-2022,2022,Karnataka,Mangalore (KA-19),2W,Motorcycle,KTM,Petrol,BS6,100,2,2
1908,REG101909,25-02-2020,2020,Telangana,Hyderabad (TS-09),4W,SUV,MG,Petrol,BS6,1598,5,4
1909,REG101910,25-08-2019,2019,West Bengal,Kolkata (WB-01),2W,Motorcycle,Suzuki,EV,BS4,0,2,5
1910,REG101911,02-06-2024,2024,Rajasthan,Jaipur (RJ-14),HCV,Trailer,Volvo,Diesel,BS6,4998,45,0
1911,REG101912,30-09-2022,2022,Tamil Nadu,Chennai Central (TN-01),4W,Hatchback,Maruti Suzuki,CNG,BS6,0,7,2
1912,REG101913,03-01-2020,2020,West Bengal,Siliguri (WB-73),4W,SUV,MG,Petrol,BS6,1598,6,4
1913,REG101914,12-08-2023,2023,Madhya Pradesh,Indore (MP-09),4W,Sedan,MG,Petrol,BS6,1197,5,1
1914,REG101915,17-01-2024,2024,Rajasthan,Ajmer (RJ-01),2W,Motorcycle,TVS,CNG,BS6,100,2,0
1915,REG101916,04-02-2023,2023,Gujarat,Rajkot (GJ-03),2W,Motorcycle,Royal Enfield,Petrol,BS6,110,2,1
1916,REG101917,02-12-2018,2018,Maharashtra,Nashik (MH-15),4W,MUV,Hyundai,Petrol,BS3,1498,6,6
1917,REG101918,20-11-2023,2023,Telangana,Khammam (TS-07),2W,Moped,Ola Electric,Hybrid,BS6,0,2,1
1918,REG101919,11-05-2023,2023,Punjab,Chandigarh (CH-01),2W,Moped,Honda,Petrol,BS6,0,2,1
1919,REG101920,22-07-2023,2023,Punjab,Patiala (PB-11),2W,Moped,Royal Enfield,EV,BS6,0,2,1
1920,REG101921,03-03-2022,2022,Telangana,Karimnagar (TS-01),4W,Hatchback,Mahindra,Diesel,BS6,1968,8,2
1921,REG101922,20-04-2024,2024,Punjab,Patiala (PB-11),4W,Hatchback,Honda,Diesel,BS6,2179,7,0
1922,REG101923,15-06-2023,2023,Maharashtra,Nashik (MH-15),3W,E-Rickshaw,Piaggio,CNG,BS6,0,3,1
1923,REG101924,16-08-2024,2024,Delhi,Delhi South (DL-09),4W,SUV,Skoda,CNG,BS6,800,5,0
1924,REG101925,20-09-2020,2020,Kerala,Kozhikode (KL-11),2W,Scooter,TVS,Petrol,BS6,350,2,4
1925,REG101926,15-01-2023,2023,Telangana,Warangal (TS-03),2W,Scooter,Hero,Petrol,BS6,160,2,1
1926,REG101927,11-11-2023,2023,Karnataka,Belgaum (KA-22),HCV,Truck,Ashok Leyland,Diesel,BS6,0,52,1
1927,REG101928,15-08-2024,2024,Punjab,Patiala (PB-11),LCV,Light Bus,Force Motors,Diesel,BS6,2523,15,0
1928,REG101929,07-10-2023,2023,Telangana,Khammam (TS-07),4W,SUV,Renault,Petrol,BS6,1968,7,1
1929,REG101930,30-04-2022,2022,Gujarat,Gandhinagar (GJ-18),2W,Motorcycle,KTM,Petrol,BS6,0,2,2
1930,REG101931,13-05-2019,2019,West Bengal,Asansol (WB-39),2W,Motorcycle,Ather,Petrol,BS4,0,2,5
1931,REG101932,07-04-2023,2023,Maharashtra,Nashik (MH-15),3W,E-Rickshaw,Kinetic Green,CNG,BS6,0,7,1
1932,REG101933,12-12-2022,2022,Karnataka,Hubli (KA-25),4W,Hatchback,Hyundai,Petrol,BS6,1498,6,2
1933,REG101934,10-12-2023,2023,Punjab,Jalandhar (PB-08),4W,Sedan,MG,Hybrid,BS6,2179,5,1
1934,REG101935,24-10-2024,2024,Gujarat,Ahmedabad (GJ-01),4W,Sedan,Hyundai,Petrol,BS6,1968,5,0
1935,REG101936,20-12-2022,2022,Rajasthan,Udaipur (RJ-27),2W,Moped,Bajaj,Petrol,BS6,400,2,2
1936,REG101937,25-10-2023,2023,Telangana,Warangal (TS-03),2W,Scooter,Yamaha,Petrol,BS6,250,2,1
1937,REG101938,08-05-2021,2021,Tamil Nadu,Madurai (TN-58),4W,MUV,Kia,CNG,BS6,1498,8,3
1938,REG101939,15-10-2022,2022,Maharashtra,Nagpur (MH-31),3W,E-Rickshaw,Piaggio,CNG,BS6,250,3,2
1939,REG101940,27-07-2020,2020,Uttar Pradesh,Kanpur (UP-78),2W,Scooter,Ola Electric,Hybrid,BS6,0,2,4
1940,REG101941,23-07-2020,2020,Telangana,Khammam (TS-07),2W,Moped,Ola Electric,Hybrid,BS6,0,2,4
1941,REG101942,02-09-2024,2024,Kerala,Kollam (KL-02),2W,Motorcycle,Suzuki,Petrol,BS6,125,2,0
1942,REG101943,15-02-2023,2023,Telangana,Karimnagar (TS-01),4W,Hatchback,Honda,Petrol,BS6,1498,5,1
1943,REG101944,24-11-2023,2023,Delhi,Delhi Central (DL-01),4W,Sedan,Toyota,EV,BS6,0,6,1
1944,REG101945,24-06-2021,2021,Kerala,Thrissur (KL-08),2W,Motorcycle,KTM,CNG,BS6,125,2,3
1945,REG101946,25-12-2019,2019,Delhi,Delhi Central (DL-01),HCV,Trailer,Eicher,Diesel,BS4,3760,2,5
1946,REG101947,08-08-2019,2019,Rajasthan,Kota (RJ-20),4W,MUV,Tata Motors,Petrol,BS4,1598,5,5
1947,REG101948,04-09-2024,2024,Delhi,Delhi West (DL-08),2W,Moped,Suzuki,Petrol,BS6,110,2,0
1948,REG101949,02-01-2024,2024,Telangana,Warangal (TS-03),4W,Hatchback,Renault,Diesel,BS6,1968,8,0
1949,REG101950,26-04-2021,2021,Telangana,Warangal (TS-03),2W,Motorcycle,KTM,Petrol,BS6,200,2,3
1950,REG101951,03-10-2022,2022,Punjab,Ludhiana (PB-10),HCV,Tanker,Volvo,Diesel,BS6,0,2,2
1951,REG101952,15-07-2021,2021,Kerala,Kollam (KL-02),2W,Moped,Ather,EV,BS6,0,2,3
1952,REG101953,26-02-2023,2023,Gujarat,Ahmedabad (GJ-01),2W,Moped,Royal Enfield,Petrol,BS6,110,2,1
1953,REG101954,07-05-2023,2023,Punjab,Ludhiana (PB-10),4W,Sedan,Maruti Suzuki,EV,BS6,0,5,1
1954,REG101955,02-11-2023,2023,Rajasthan,Jaipur (RJ-14),2W,Motorcycle,Suzuki,CNG,BS6,400,2,1
1955,REG101956,05-03-2024,2024,Telangana,Karimnagar (TS-01),2W,Scooter,Bajaj,Petrol,BS6,110,2,0
1956,REG101957,26-01-2021,2021,Telangana,Khammam (TS-07),2W,Scooter,Ola Electric,Petrol,BS6,0,2,3
1957,REG101958,01-04-2024,2024,Punjab,Patiala (PB-11),2W,Motorcycle,Royal Enfield,EV,BS6,0,2,0
1958,REG101959,10-08-2024,2024,Gujarat,Rajkot (GJ-03),OTH,Road Roller,John Deere,Petrol,BS6,6700,45,0
1959,REG101960,11-06-2018,2018,Uttar Pradesh,Lucknow (UP-32),2W,Scooter,Royal Enfield,Petrol,BS4,250,2,6
1960,REG101961,13-06-2022,2022,Rajasthan,Udaipur (RJ-27),4W,SUV,Renault,Petrol,BS6,1462,6,2
1961,REG101962,14-07-2020,2020,Telangana,Khammam (TS-07),2W,Motorcycle,Bajaj,Petrol,BS6,125,2,4
1962,REG101963,21-06-2019,2019,Madhya Pradesh,Indore (MP-09),4W,SUV,Kia,Petrol,BS4,1598,6,5
1963,REG101964,31-05-2019,2019,Maharashtra,Mumbai Central (MH-01),4W,MUV,Tata Motors,Petrol,BS4,1197,8,5
1964,REG101965,10-11-2019,2019,Uttar Pradesh,Varanasi (UP-65),4W,MUV,Kia,Diesel,BS4,1000,8,5
1965,REG101966,09-05-2021,2021,Maharashtra,Mumbai Central (MH-01),2W,Scooter,Honda,Petrol,BS6,400,2,3
1966,REG101967,22-09-2019,2019,Telangana,Karimnagar (TS-01),OTH,Tractor,Escorts,Diesel,BS4,6700,45,5
1967,REG101968,02-07-2020,2020,Kerala,Thrissur (KL-08),OTH,Tractor,TAFE,Diesel,BS6,6700,1,4
1968,REG101969,05-08-2024,2024,Gujarat,Rajkot (GJ-03),2W,Moped,Suzuki,Petrol,BS6,110,2,0
1969,REG101970,02-09-2020,2020,Tamil Nadu,Chennai Central (TN-01),HCV,Truck,Ashok Leyland,Diesel,BS4,5660,2,4
1970,REG101971,22-11-2022,2022,Uttar Pradesh,Agra (UP-80),4W,MUV,Renault,Petrol,BS6,1197,7,2
1971,REG101972,30-04-2022,2022,Gujarat,Gandhinagar (GJ-18),2W,Motorcycle,Honda,CNG,BS6,400,2,2
1972,REG101973,11-05-2023,2023,Rajasthan,Kota (RJ-20),2W,Scooter,Hero,Petrol,BS6,160,2,1
1973,REG101974,09-02-2020,2020,Madhya Pradesh,Gwalior (MP-07),2W,Scooter,Yamaha,CNG,BS6,110,2,4
1974,REG101975,09-09-2023,2023,Tamil Nadu,Coimbatore (TN-37),2W,Moped,KTM,Petrol,BS6,0,2,1
1975,REG101976,25-11-2023,2023,Kerala,Thiruvananthapuram (KL-01),3W,E-Rickshaw,Piaggio,CNG,BS6,225,6,1
1976,REG101977,01-09-2023,2023,Tamil Nadu,Chennai Central (TN-01),2W,Moped,Ather,Petrol,BS6,0,2,1
1977,REG101978,22-01-2023,2023,Kerala,Thiruvananthapuram (KL-01),4W,Hatchback,Hyundai,CNG,BS6,1498,7,1
1978,REG101979,16-03-2023,2023,Kerala,Kochi (KL-07),2W,Moped,Bajaj,Petrol,BS6,160,2,1
1979,REG101980,21-11-2018,2018,Punjab,Ludhiana (PB-10),2W,Motorcycle,Royal Enfield,Petrol,BS4,110,2,6
1980,REG101981,04-02-2022,2022,Telangana,Hyderabad (TS-09),4W,MUV,MG,Diesel,BS6,1968,7,2
1981,REG101982,30-09-2021,2021,Tamil Nadu,Madurai (TN-58),2W,Moped,Yamaha,Petrol,BS6,150,2,3
1982,REG101983,09-10-2020,2020,Telangana,Nizamabad (TS-05),4W,MUV,Skoda,CNG,BS4,1000,5,4
1983,REG101984,20-09-2022,2022,Madhya Pradesh,Gwalior (MP-07),2W,Moped,Honda,Petrol,BS6,160,2,2
1984,REG101985,20-12-2022,2022,Telangana,Karimnagar (TS-01),4W,MUV,Skoda,Diesel,BS6,800,7,2
1985,REG101986,15-12-2021,2021,Rajasthan,Udaipur (RJ-27),4W,Sedan,MG,Petrol,BS6,1197,7,3
1986,REG101987,30-12-2023,2023,Uttar Pradesh,Kanpur (UP-78),2W,Motorcycle,Ola Electric,EV,BS6,0,2,1
1987,REG101988,24-03-2020,2020,Tamil Nadu,Madurai (TN-58),2W,Motorcycle,Ather,EV,BS6,0,2,4
1988,REG101989,08-10-2024,2024,Delhi,Delhi East (DL-02),4W,Hatchback,Tata Motors,Petrol,BS6,2179,5,0
1989,REG101990,30-12-2024,2024,Uttar Pradesh,Kanpur (UP-78),HCV,Bus,Ashok Leyland,Diesel,BS6,0,52,0
1990,REG101991,02-01-2020,2020,Delhi,Delhi East (DL-02),2W,Motorcycle,Honda,Petrol,BS6,100,2,4
1991,REG101992,18-09-2018,2018,Karnataka,Belgaum (KA-22),2W,Scooter,Suzuki,Petrol,BS4,0,2,6
1992,REG101993,12-02-2019,2019,Madhya Pradesh,Ujjain (MP-13),HCV,Tanker,MAN,Diesel,BS4,5660,2,5
1993,REG101994,28-05-2020,2020,Rajasthan,Udaipur (RJ-27),4W,SUV,Maruti Suzuki,Hybrid,BS6,1598,6,4
1994,REG101995,09-10-2022,2022,Madhya Pradesh,Bhopal (MP-04),4W,Hatchback,MG,Petrol,BS6,1197,6,2
1995,REG101996,02-01-2023,2023,Rajasthan,Kota (RJ-20),2W,Moped,Yamaha,CNG,BS6,150,2,1
1996,REG101997,18-06-2021,2021,Kerala,Thiruvananthapuram (KL-01),3W,E-Rickshaw,Piaggio,CNG,BS6,0,6,3
1997,REG101998,19-07-2022,2022,Karnataka,Hubli (KA-25),2W,Moped,Hero,EV,BS6,0,2,2
1998,REG101999,29-12-2021,2021,Gujarat,Ahmedabad (GJ-01),2W,Moped,Suzuki,Petrol,BS6,110,2,3
1999,REG102000,11-11-2021,2021,Kerala,Kochi (KL-07),OTH,Tractor,Sonalika,Diesel,BS6,0,32,3
2000,REG102001,10-04-2023,2023,Punjab,Jalandhar (PB-08),2W,Moped,Hero,Petrol,BS6,250,2,1
2001,REG102002,17-10-2022,2022,Uttar Pradesh,Allahabad (UP-70),2W,Moped,TVS,Petrol,BS6,0,2,2
2002,REG102003,12-10-2020,2020,Uttar Pradesh,Kanpur (UP-78),2W,Scooter,Hero,EV,BS6,0,2,4
2003,REG102004,09-07-2019,2019,Telangana,Khammam (TS-07),2W,Moped,KTM,EV,BS4,0,2,5
2004,REG102005,20-12-2024,2024,Uttar Pradesh,Kanpur (UP-78),2W,Motorcycle,Ola Electric,EV,BS6,0,2,0
2005,REG102006,02-07-2024,2024,Delhi,Delhi East (DL-02),2W,Motorcycle,TVS,EV,BS6,0,2,0
2006,REG102007,11-10-2021,2021,Madhya Pradesh,Ujjain (MP-13),4W,Sedan,Honda,Petrol,BS6,800,7,3
2007,REG102008,24-08-2021,2021,Tamil Nadu,Chennai Central (TN-01),4W,SUV,Toyota,Diesel,BS6,2179,8,3
2008,REG102009,08-02-2021,2021,Gujarat,Ahmedabad (GJ-01),4W,Sedan,MG,Petrol,BS6,1000,6,3
2009,REG102010,14-03-2021,2021,Gujarat,Ahmedabad (GJ-01),4W,MUV,Tata Motors,Diesel,BS6,2179,7,3
2010,REG102011,09-03-2023,2023,Telangana,Khammam (TS-07),2W,Motorcycle,Royal Enfield,CNG,BS6,110,2,1
2011,REG102012,16-09-2021,2021,Telangana,Nizamabad (TS-05),4W,SUV,MG,Petrol,BS4,1197,5,3
2012,REG102013,26-01-2023,2023,Punjab,Ludhiana (PB-10),2W,Scooter,KTM,Petrol,BS6,110,2,1
2013,REG102014,24-08-2021,2021,Madhya Pradesh,Jabalpur (MP-20),2W,Moped,Yamaha,Petrol,BS6,125,2,3
2014,REG102015,08-11-2020,2020,Delhi,Delhi East (DL-02),2W,Scooter,TVS,EV,BS6,0,2,4
2015,REG102016,04-04-2023,2023,Kerala,Kozhikode (KL-11),2W,Motorcycle,KTM,EV,BS6,0,2,1
2016,REG102017,18-07-2024,2024,Kerala,Kozhikode (KL-11),4W,Sedan,Hyundai,Petrol,BS6,0,7,0
2017,REG102018,16-02-2023,2023,Maharashtra,Nashik (MH-15),2W,Scooter,Ather,EV,BS6,0,2,1
2018,REG102019,02-12-2024,2024,Punjab,Amritsar (PB-02),OTH,Road Roller,TAFE,Diesel,BS6,3760,32,0
2019,REG102020,28-01-2024,2024,Tamil Nadu,Salem (TN-30),2W,Motorcycle,Yamaha,Petrol,BS6,0,2,0
2020,REG102021,08-01-2022,2022,Tamil Nadu,Coimbatore (TN-37),2W,Scooter,Honda,EV,BS6,0,2,2
2021,REG102022,15-10-2022,2022,West Bengal,Durgapur (WB-40),LCV,Light Bus,Tata Motors,Diesel,BS6,3298,15,2
2022,REG102023,12-10-2022,2022,Gujarat,Surat (GJ-05),4W,Sedan,Skoda,Diesel,BS6,1462,8,2
2023,REG102024,15-02-2019,2019,Rajasthan,Jodhpur (RJ-19),4W,SUV,MG,Hybrid,BS6,0,6,5
2024,REG102025,19-01-2023,2023,West Bengal,Howrah (WB-13),4W,Hatchback,Mahindra,Hybrid,BS6,1498,7,1
2025,REG102026,05-02-2020,2020,Maharashtra,Pune (MH-12),2W,Moped,Ola Electric,Petrol,BS6,0,2,4
2026,REG102027,03-05-2020,2020,Gujarat,Surat (GJ-05),OTH,Road Roller,John Deere,Diesel,BS4,5660,2,4
2027,REG102028,18-08-2018,2018,Uttar Pradesh,Allahabad (UP-70),2W,Scooter,Ather,EV,BS4,0,2,6
2028,REG102029,09-04-2024,2024,Punjab,Patiala (PB-11),2W,Moped,Royal Enfield,Petrol,BS6,400,2,0
2029,REG102030,26-07-2024,2024,Gujarat,Surat (GJ-05),2W,Motorcycle,Suzuki,EV,BS6,0,2,0
2030,REG102031,26-01-2024,2024,Telangana,Hyderabad (TS-09),2W,Motorcycle,KTM,EV,BS6,0,2,0
2031,REG102032,15-04-2024,2024,Rajasthan,Udaipur (RJ-27),4W,SUV,Hyundai,Diesel,BS6,1197,5,0
2032,REG102033,25-12-2018,2018,Punjab,Chandigarh (CH-01),4W,SUV,Toyota,Petrol,BS4,1498,5,6
2033,REG102034,16-09-2024,2024,Madhya Pradesh,Ujjain (MP-13),2W,Motorcycle,Honda,Petrol,BS6,250,2,0
2034,REG102035,16-08-2023,2023,Karnataka,Belgaum (KA-22),OTH,Tractor,TAFE,Diesel,BS6,6700,1,1
2035,REG102036,11-06-2023,2023,Madhya Pradesh,Indore (MP-09),2W,Motorcycle,Suzuki,CNG,BS6,160,2,1
2036,REG102037,10-06-2019,2019,Kerala,Thiruvananthapuram (KL-01),4W,Hatchback,Hyundai,EV,BS4,0,5,5
2037,REG102038,20-04-2021,2021,Maharashtra,Pune (MH-12),LCV,Light Bus,Tata Motors,Diesel,BS6,2956,12,3
2038,REG102039,23-01-2018,2018,Madhya Pradesh,Ujjain (MP-13),2W,Moped,Ola Electric,Petrol,BS4,0,2,6
2039,REG102040,29-12-2022,2022,Karnataka,Mangalore (KA-19),4W,Sedan,MG,CNG,BS6,1598,5,2
2040,REG102041,07-01-2023,2023,Delhi,Delhi Central (DL-01),2W,Scooter,Royal Enfield,CNG,BS6,150,2,1
2041,REG102042,07-08-2024,2024,Kerala,Kollam (KL-02),2W,Scooter,Yamaha,Petrol,BS6,100,2,0
2042,REG102043,11-11-2022,2022,Telangana,Khammam (TS-07),4W,SUV,Hyundai,Petrol,BS6,1000,6,2
2043,REG102044,05-05-2021,2021,Madhya Pradesh,Gwalior (MP-07),LCV,Light Bus,Mahindra,Diesel,BS4,3298,15,3
2044,REG102045,07-09-2018,2018,Punjab,Amritsar (PB-02),2W,Scooter,Suzuki,Petrol,BS4,0,2,6
2045,REG102046,31-01-2024,2024,Punjab,Chandigarh (CH-01),4W,MUV,Skoda,Diesel,BS6,1000,8,0
2046,REG102047,16-05-2024,2024,Kerala,Thrissur (KL-08),3W,Auto Rickshaw,Kinetic Green,CNG,BS6,225,7,0
2047,REG102048,26-04-2023,2023,Delhi,Delhi East (DL-02),4W,SUV,Kia,CNG,BS6,800,5,1
2048,REG102049,21-11-2018,2018,Uttar Pradesh,Varanasi (UP-65),3W,Auto Rickshaw,TVS,CNG,BS4,250,3,6
2049,REG102050,05-04-2019,2019,Karnataka,Mangalore (KA-19),2W,Scooter,Yamaha,Petrol,BS4,160,2,5
2050,REG102051,21-10-2023,2023,Karnataka,Mangalore (KA-19),4W,Sedan,Skoda,Petrol,BS6,1197,6,1
2051,REG102052,20-10-2023,2023,Delhi,Delhi West (DL-08),2W,Motorcycle,Honda,Petrol,BS6,100,2,1
2052,REG102053,04-10-2018,2018,Madhya Pradesh,Jabalpur (MP-20),LCV,Mini Truck,Ashok Leyland,Diesel,BS3,0,15,6
2053,REG102054,11-03-2021,2021,Gujarat,Surat (GJ-05),2W,Motorcycle,Honda,Petrol,BS6,0,2,3
2054,REG102055,12-10-2023,2023,Maharashtra,Nagpur (MH-31),LCV,Pickup Van,Force Motors,Diesel,BS6,0,12,1
2055,REG102056,22-07-2022,2022,Punjab,Ludhiana (PB-10),2W,Moped,Ola Electric,Hybrid,BS6,0,2,2
2056,REG102057,30-06-2020,2020,Delhi,Delhi East (DL-02),2W,Motorcycle,Hero,CNG,BS6,400,2,4
2057,REG102058,16-08-2022,2022,Tamil Nadu,Chennai Central (TN-01),2W,Scooter,Hero,CNG,BS6,110,2,2
2058,REG102059,24-12-2020,2020,Karnataka,Hubli (KA-25),LCV,Mini Truck,Eicher,Diesel,BS6,2956,9,4
2059,REG102060,04-03-2024,2024,Madhya Pradesh,Ujjain (MP-13),4W,Sedan,Hyundai,Diesel,BS6,0,8,0
2060,REG102061,12-08-2023,2023,Kerala,Thiruvananthapuram (KL-01),4W,Hatchback,Honda,Petrol,BS6,1462,7,1
2061,REG102062,27-03-2022,2022,Rajasthan,Ajmer (RJ-01),4W,SUV,Skoda,Hybrid,BS6,1000,8,2
2062,REG102063,25-12-2022,2022,Telangana,Khammam (TS-07),2W,Motorcycle,Yamaha,Petrol,BS6,0,2,2
2063,REG102064,03-09-2022,2022,Delhi,Delhi Central (DL-01),4W,MUV,Skoda,Petrol,BS6,1197,7,2
2064,REG102065,02-09-2019,2019,Rajasthan,Kota (RJ-20),LCV,Light Bus,Tata Motors,Diesel,BS6,2956,9,5
2065,REG102066,11-03-2023,2023,Maharashtra,Pune (MH-12),4W,SUV,Renault,Petrol,BS6,1197,5,1
2066,REG102067,25-09-2020,2020,Gujarat,Ahmedabad (GJ-01),2W,Scooter,Royal Enfield,EV,BS6,0,2,4
2067,REG102068,06-01-2023,2023,Karnataka,Mangalore (KA-19),OTH,Crane,Escorts,Diesel,BS6,4998,1,1
2068,REG102069,09-03-2023,2023,Tamil Nadu,Chennai Central (TN-01),4W,Hatchback,Kia,EV,BS6,0,8,1
2069,REG102070,22-01-2021,2021,West Bengal,Durgapur (WB-40),LCV,Mini Truck,Tata Motors,Diesel,BS6,2956,15,3
2070,REG102071,16-12-2021,2021,Karnataka,Mangalore (KA-19),2W,Motorcycle,Suzuki,Petrol,BS6,100,2,3
2071,REG102072,19-02-2021,2021,Rajasthan,Ajmer (RJ-01),2W,Scooter,KTM,EV,BS6,0,2,3
2072,REG102073,15-02-2020,2020,Telangana,Warangal (TS-03),2W,Motorcycle,Hero,EV,BS6,0,2,4
2073,REG102074,25-10-2024,2024,Madhya Pradesh,Bhopal (MP-04),3W,E-Rickshaw,Atul Auto,CNG,BS6,225,3,0
2074,REG102075,20-07-2019,2019,Maharashtra,Nagpur (MH-31),2W,Moped,Ather,Petrol,BS4,0,2,5
2075,REG102076,29-01-2022,2022,Tamil Nadu,Trichy (TN-45),2W,Motorcycle,Honda,Petrol,BS6,200,2,2
2076,REG102077,15-07-2024,2024,Uttar Pradesh,Allahabad (UP-70),LCV,Pickup Van,Force Motors,Diesel,BS6,2956,15,0
2077,REG102078,25-10-2021,2021,Uttar Pradesh,Kanpur (UP-78),2W,Moped,Suzuki,Petrol,BS6,160,2,3
2078,REG102079,05-06-2024,2024,Gujarat,Vadodara (GJ-06),4W,MUV,Honda,Diesel,BS6,1462,6,0
2079,REG102080,07-03-2020,2020,Punjab,Jalandhar (PB-08),2W,Scooter,Ola Electric,Petrol,BS6,0,2,4
2080,REG102081,20-04-2024,2024,Uttar Pradesh,Kanpur (UP-78),2W,Motorcycle,Honda,Petrol,BS6,250,2,0
2081,REG102082,11-12-2023,2023,Madhya Pradesh,Indore (MP-09),HCV,Trailer,MAN,Diesel,BS6,4998,1,1
2082,REG102083,18-12-2023,2023,Madhya Pradesh,Ujjain (MP-13),LCV,Light Bus,Tata Motors,Diesel,BS6,2523,15,1
2083,REG102084,20-10-2019,2019,Punjab,Jalandhar (PB-08),2W,Motorcycle,Royal Enfield,CNG,BS4,250,2,5
2084,REG102085,24-08-2023,2023,Gujarat,Surat (GJ-05),2W,Scooter,Bajaj,Petrol,BS6,125,2,1
2085,REG102086,18-01-2021,2021,Rajasthan,Jaipur (RJ-14),2W,Motorcycle,Bajaj,Petrol,BS6,150,2,3
2086,REG102087,17-05-2021,2021,Karnataka,Bangalore Central (KA-01),4W,SUV,Renault,Diesel,BS6,1598,8,3
2087,REG102088,28-10-2023,2023,Kerala,Thrissur (KL-08),HCV,Trailer,BharatBenz,Diesel,BS6,5660,32,1
2088,REG102089,21-07-2022,2022,Delhi,Delhi West (DL-08),HCV,Tanker,Volvo,Diesel,BS6,6700,52,2
2089,REG102090,10-02-2024,2024,Telangana,Karimnagar (TS-01),HCV,Truck,BharatBenz,Diesel,BS6,4998,32,0
2090,REG102091,06-06-2021,2021,Gujarat,Vadodara (GJ-06),2W,Moped,Hero,EV,BS6,0,2,3
2091,REG102092,22-10-2021,2021,Karnataka,Hubli (KA-25),2W,Scooter,Ola Electric,Petrol,BS6,0,2,3
2092,REG102093,11-03-2018,2018,Uttar Pradesh,Agra (UP-80),LCV,Mini Truck,Tata Motors,Diesel,BS4,2956,12,6
2093,REG102094,27-01-2019,2019,Kerala,Kollam (KL-02),OTH,Crane,TAFE,Diesel,BS4,5660,52,5
2094,REG102095,08-06-2021,2021,Punjab,Ludhiana (PB-10),2W,Motorcycle,Suzuki,Petrol,BS6,150,2,3
2095,REG102096,23-02-2023,2023,Kerala,Thiruvananthapuram (KL-01),3W,E-Rickshaw,Piaggio,EV,BS6,0,3,1
2096,REG102097,10-02-2020,2020,Telangana,Hyderabad (TS-09),3W,Tempo,TVS,CNG,BS6,250,7,4
2097,REG102098,02-12-2020,2020,Telangana,Karimnagar (TS-01),2W,Moped,Royal Enfield,Petrol,BS6,160,2,4
2098,REG102099,30-11-2021,2021,Kerala,Kochi (KL-07),2W,Moped,KTM,Petrol,BS6,350,2,3
2099,REG102100,13-01-2024,2024,Maharashtra,Mumbai Central (MH-01),3W,Tempo,Piaggio,EV,BS6,0,6,0
2100,REG102101,24-07-2019,2019,Kerala,Kochi (KL-07),2W,Scooter,KTM,EV,BS4,0,2,5
2101,REG102102,24-01-2024,2024,Uttar Pradesh,Kanpur (UP-78),2W,Motorcycle,Honda,Petrol,BS6,200,2,0
2102,REG102103,04-12-2021,2021,Tamil Nadu,Salem (TN-30),HCV,Truck,Tata Motors,Diesel,BS6,3760,1,3
2103,REG102104,06-04-2019,2019,Maharashtra,Pune (MH-12),3W,Tempo,Piaggio,Petrol,BS4,250,6,5
2104,REG102105,20-12-2020,2020,Madhya Pradesh,Indore (MP-09),2W,Motorcycle,Ola Electric,Petrol,BS6,0,2,4
2105,REG102106,18-01-2022,2022,Delhi,Delhi North (DL-04),3W,Tempo,Kinetic Green,CNG,BS6,225,3,2
2106,REG102107,14-01-2023,2023,Delhi,Delhi North (DL-04),4W,SUV,Tata Motors,Diesel,BS6,1197,8,1
2107,REG102108,16-12-2023,2023,Delhi,Delhi West (DL-08),2W,Scooter,Ola Electric,Petrol,BS6,0,2,1
2108,REG102109,25-09-2023,2023,Delhi,Delhi East (DL-02),2W,Moped,KTM,Petrol,BS6,0,2,1
2109,REG102110,01-07-2023,2023,Punjab,Ludhiana (PB-10),2W,Scooter,KTM,CNG,BS6,150,2,1
2110,REG102111,22-07-2024,2024,Tamil Nadu,Coimbatore (TN-37),2W,Motorcycle,Ather,Petrol,BS6,0,2,0
2111,REG102112,03-03-2021,2021,Maharashtra,Aurangabad (MH-20),OTH,Tractor,Escorts,Diesel,BS6,0,2,3
2112,REG102113,30-06-2020,2020,Delhi,Delhi North (DL-04),2W,Motorcycle,KTM,Petrol,BS6,400,2,4
2113,REG102114,11-08-2023,2023,Delhi,Delhi South (DL-09),4W,Sedan,Hyundai,Diesel,BS6,1498,7,1
2114,REG102115,19-12-2020,2020,Uttar Pradesh,Varanasi (UP-65),2W,Scooter,Royal Enfield,Petrol,BS6,125,2,4
2115,REG102116,10-05-2023,2023,Tamil Nadu,Coimbatore (TN-37),HCV,Truck,MAN,Diesel,BS6,4998,32,1
2116,REG102117,27-07-2023,2023,Telangana,Khammam (TS-07),2W,Moped,TVS,Petrol,BS6,100,2,1
2117,REG102118,05-05-2023,2023,Uttar Pradesh,Kanpur (UP-78),4W,SUV,Mahindra,Diesel,BS6,2179,6,1
2118,REG102119,23-02-2023,2023,Karnataka,Bangalore Central (KA-01),4W,SUV,Honda,EV,BS6,0,5,1
2119,REG102120,15-06-2019,2019,West Bengal,Durgapur (WB-40),2W,Moped,Royal Enfield,Hybrid,BS4,125,2,5
2120,REG102121,27-05-2023,2023,Maharashtra,Mumbai Central (MH-01),2W,Scooter,TVS,Petrol,BS6,250,2,1
2121,REG102122,22-05-2019,2019,Delhi,Delhi South (DL-09),4W,MUV,Toyota,Diesel,BS6,2179,5,5
2122,REG102123,14-02-2023,2023,Rajasthan,Kota (RJ-20),2W,Motorcycle,TVS,EV,BS6,0,2,1
2123,REG102124,19-10-2022,2022,Kerala,Kozhikode (KL-11),2W,Moped,Yamaha,Petrol,BS6,110,2,2
2124,REG102125,03-07-2022,2022,Punjab,Jalandhar (PB-08),4W,Sedan,Skoda,Diesel,BS6,1197,5,2
2125,REG102126,08-12-2022,2022,West Bengal,Kolkata (WB-01),4W,Hatchback,Kia,Petrol,BS6,800,5,2
2126,REG102127,20-10-2021,2021,Punjab,Jalandhar (PB-08),2W,Moped,Honda,Petrol,BS6,150,2,3
2127,REG102128,21-08-2022,2022,Kerala,Thrissur (KL-08),LCV,Light Bus,Force Motors,Diesel,BS6,0,9,2
2128,REG102129,29-04-2022,2022,Punjab,Patiala (PB-11),3W,Auto Rickshaw,Piaggio,Diesel,BS6,200,7,2
2129,REG102130,22-10-2024,2024,Tamil Nadu,Coimbatore (TN-37),2W,Scooter,Hero,EV,BS6,0,2,0
2130,REG102131,16-04-2020,2020,Telangana,Khammam (TS-07),3W,Tempo,Mahindra,Diesel,BS6,250,3,4
2131,REG102132,10-12-2020,2020,Karnataka,Belgaum (KA-22),2W,Scooter,Yamaha,Petrol,BS6,0,2,4
2132,REG102133,05-02-2020,2020,Madhya Pradesh,Gwalior (MP-07),2W,Motorcycle,TVS,Petrol,BS6,200,2,4
2133,REG102134,26-05-2022,2022,Maharashtra,Nagpur (MH-31),3W,E-Rickshaw,TVS,CNG,BS6,0,3,2
2134,REG102135,06-10-2021,2021,Kerala,Thiruvananthapuram (KL-01),2W,Scooter,Ather,EV,BS6,0,2,3
2135,REG102136,02-08-2024,2024,West Bengal,Siliguri (WB-73),2W,Scooter,Ola Electric,EV,BS6,0,2,0
2136,REG102137,06-05-2018,2018,Uttar Pradesh,Agra (UP-80),2W,Motorcycle,Royal Enfield,Petrol,BS4,200,2,6
2137,REG102138,17-10-2021,2021,Rajasthan,Jodhpur (RJ-19),3W,Auto Rickshaw,Atul Auto,Petrol,BS6,0,7,3
2138,REG102139,23-12-2021,2021,Tamil Nadu,Salem (TN-30),2W,Motorcycle,Ola Electric,EV,BS6,0,2,3
2139,REG102140,02-04-2022,2022,Delhi,Delhi West (DL-08),2W,Moped,Yamaha,EV,BS6,0,2,2
2140,REG102141,03-06-2023,2023,Rajasthan,Jaipur (RJ-14),2W,Motorcycle,KTM,Petrol,BS6,150,2,1
2141,REG102142,31-07-2021,2021,Karnataka,Hubli (KA-25),4W,SUV,Skoda,Diesel,BS6,1968,6,3
2142,REG102143,06-06-2023,2023,Gujarat,Vadodara (GJ-06),4W,SUV,Mahindra,Petrol,BS6,1000,8,1
2143,REG102144,26-04-2022,2022,Punjab,Patiala (PB-11),4W,Sedan,Kia,Petrol,BS6,1498,8,2
2144,REG102145,25-04-2022,2022,Gujarat,Ahmedabad (GJ-01),3W,Tempo,Kinetic Green,EV,BS6,0,7,2
2145,REG102146,08-12-2024,2024,Rajasthan,Ajmer (RJ-01),2W,Moped,KTM,CNG,BS6,400,2,0
2146,REG102147,19-10-2020,2020,Madhya Pradesh,Ujjain (MP-13),4W,SUV,Hyundai,Petrol,BS6,2179,6,4
2147,REG102148,28-06-2021,2021,Maharashtra,Pune (MH-12),2W,Scooter,Hero,EV,BS6,0,2,3
2148,REG102149,20-01-2024,2024,Gujarat,Rajkot (GJ-03),2W,Scooter,Ola Electric,Petrol,BS6,0,2,0
2149,REG102150,17-03-2021,2021,Maharashtra,Mumbai Central (MH-01),2W,Moped,Suzuki,Petrol,BS6,0,2,3
2150,REG102151,10-03-2024,2024,Delhi,Delhi South (DL-09),2W,Motorcycle,TVS,CNG,BS6,110,2,0
2151,REG102152,08-04-2023,2023,Delhi,Delhi North (DL-04),2W,Scooter,Yamaha,EV,BS6,0,2,1
2152,REG102153,20-10-2024,2024,Punjab,Amritsar (PB-02),4W,MUV,Maruti Suzuki,CNG,BS6,1462,5,0
2153,REG102154,24-04-2021,2021,Gujarat,Vadodara (GJ-06),4W,Sedan,Kia,EV,BS6,0,5,3
2154,REG102155,27-07-2024,2024,Delhi,Delhi South (DL-09),4W,Hatchback,Mahindra,Petrol,BS6,1197,6,0
2155,REG102156,02-12-2021,2021,Maharashtra,Pune (MH-12),2W,Scooter,Royal Enfield,Petrol,BS6,110,2,3
2156,REG102157,12-12-2022,2022,Maharashtra,Nagpur (MH-31),2W,Scooter,Ola Electric,Petrol,BS6,0,2,2
2157,REG102158,19-10-2023,2023,Telangana,Hyderabad (TS-09),2W,Moped,Yamaha,CNG,BS6,160,2,1
2158,REG102159,13-08-2023,2023,Uttar Pradesh,Allahabad (UP-70),HCV,Bus,MAN,Diesel,BS6,5660,1,1
2159,REG102160,20-03-2024,2024,West Bengal,Durgapur (WB-40),2W,Motorcycle,Royal Enfield,Petrol,BS6,150,2,0
2160,REG102161,05-08-2022,2022,Telangana,Nizamabad (TS-05),HCV,Bus,Ashok Leyland,Diesel,BS6,6700,32,2
2161,REG102162,16-11-2019,2019,Tamil Nadu,Salem (TN-30),4W,Sedan,Mahindra,Petrol,BS4,1462,5,5
2162,REG102163,27-04-2020,2020,Tamil Nadu,Chennai Central (TN-01),2W,Scooter,Ola Electric,Petrol,BS6,0,2,4
2163,REG102164,10-12-2023,2023,Delhi,Delhi East (DL-02),2W,Scooter,KTM,Petrol,BS6,250,2,1
2164,REG102165,08-11-2020,2020,West Bengal,Durgapur (WB-40),HCV,Truck,BharatBenz,Diesel,BS6,0,32,4
2165,REG102166,29-01-2023,2023,Rajasthan,Jodhpur (RJ-19),LCV,Mini Truck,Mahindra,Diesel,BS6,2523,9,1
2166,REG102167,18-05-2020,2020,Delhi,Delhi South (DL-09),4W,SUV,MG,Petrol,BS6,1197,5,4
2167,REG102168,09-01-2023,2023,Tamil Nadu,Trichy (TN-45),2W,Motorcycle,Ola Electric,CNG,BS6,0,2,1
2168,REG102169,12-08-2024,2024,West Bengal,Howrah (WB-13),HCV,Bus,Volvo,Diesel,BS6,6700,32,0
2169,REG102170,14-06-2023,2023,Madhya Pradesh,Ujjain (MP-13),3W,Auto Rickshaw,Mahindra,EV,BS6,0,6,1
2170,REG102171,05-10-2021,2021,Karnataka,Belgaum (KA-22),4W,Sedan,Kia,Petrol,BS6,1462,8,3
2171,REG102172,02-11-2020,2020,Tamil Nadu,Salem (TN-30),4W,SUV,Renault,Petrol,BS6,800,7,4
2172,REG102173,07-05-2023,2023,Uttar Pradesh,Varanasi (UP-65),4W,SUV,Kia,Diesel,BS6,2179,6,1
2173,REG102174,25-01-2019,2019,Madhya Pradesh,Indore (MP-09),3W,Auto Rickshaw,Piaggio,CNG,BS4,200,7,5
2174,REG102175,11-11-2022,2022,West Bengal,Asansol (WB-39),2W,Moped,Yamaha,CNG,BS6,100,2,2
2175,REG102176,26-04-2023,2023,Madhya Pradesh,Bhopal (MP-04),3W,Auto Rickshaw,Mahindra,CNG,BS6,225,6,1
2176,REG102177,12-06-2021,2021,Karnataka,Belgaum (KA-22),OTH,Road Roller,John Deere,Diesel,BS6,3760,45,3
2177,REG102178,12-10-2020,2020,Karnataka,Mysore (KA-09),2W,Scooter,Suzuki,Hybrid,BS6,350,2,4
2178,REG102179,12-07-2019,2019,Tamil Nadu,Coimbatore (TN-37),2W,Scooter,TVS,Petrol,BS4,200,2,5
2179,REG102180,21-12-2023,2023,Madhya Pradesh,Gwalior (MP-07),4W,MUV,Mahindra,Petrol,BS6,0,6,1
2180,REG102181,13-09-2022,2022,Delhi,Delhi West (DL-08),2W,Scooter,Hero,Petrol,BS6,400,2,2
2181,REG102182,06-01-2018,2018,Punjab,Patiala (PB-11),HCV,Truck,Volvo,Diesel,BS4,5660,52,6
2182,REG102183,08-04-2023,2023,Madhya Pradesh,Jabalpur (MP-20),4W,SUV,Hyundai,CNG,BS6,2179,8,1
2183,REG102184,23-03-2023,2023,Gujarat,Gandhinagar (GJ-18),4W,Sedan,Honda,Diesel,BS6,1598,8,1
2184,REG102185,03-07-2023,2023,Delhi,Delhi West (DL-08),2W,Scooter,KTM,Petrol,BS6,0,2,1
2185,REG102186,10-03-2019,2019,Tamil Nadu,Chennai Central (TN-01),2W,Scooter,Yamaha,EV,BS4,0,2,5
2186,REG102187,15-06-2021,2021,Madhya Pradesh,Gwalior (MP-07),4W,Sedan,Tata Motors,CNG,BS6,1968,6,3
2187,REG102188,25-08-2020,2020,Maharashtra,Pune (MH-12),4W,SUV,Skoda,Diesel,BS6,1197,8,4
2188,REG102189,06-12-2021,2021,Tamil Nadu,Trichy (TN-45),4W,Sedan,Maruti Suzuki,Diesel,BS6,1498,5,3
2189,REG102190,03-10-2019,2019,Madhya Pradesh,Ujjain (MP-13),2W,Motorcycle,Bajaj,CNG,BS4,100,2,5
2190,REG102191,01-04-2023,2023,Maharashtra,Nagpur (MH-31),4W,Sedan,Tata Motors,Petrol,BS6,1197,5,1
2191,REG102192,30-12-2024,2024,Tamil Nadu,Chennai Central (TN-01),2W,Scooter,Ather,EV,BS6,0,2,0
2192,REG102193,02-06-2022,2022,Telangana,Warangal (TS-03),LCV,Light Bus,Force Motors,Diesel,BS6,2523,9,2
2193,REG102194,06-06-2018,2018,Punjab,Chandigarh (CH-01),4W,SUV,Renault,Diesel,BS4,1197,5,6
2194,REG102195,06-05-2023,2023,Maharashtra,Nashik (MH-15),2W,Moped,KTM,EV,BS6,0,2,1
2195,REG102196,08-06-2024,2024,Telangana,Nizamabad (TS-05),4W,MUV,Honda,Petrol,BS6,1000,8,0
2196,REG102197,12-08-2022,2022,Kerala,Kochi (KL-07),2W,Moped,TVS,Petrol,BS6,125,2,2
2197,REG102198,25-03-2019,2019,Tamil Nadu,Chennai Central (TN-01),2W,Motorcycle,Royal Enfield,CNG,BS4,0,2,5
2198,REG102199,18-10-2022,2022,Gujarat,Gandhinagar (GJ-18),2W,Motorcycle,Royal Enfield,CNG,BS6,110,2,2
2199,REG102200,01-11-2021,2021,Karnataka,Mangalore (KA-19),LCV,Pickup Van,Mahindra,EV,BS6,0,15,3
2200,REG102201,08-10-2020,2020,Kerala,Kollam (KL-02),2W,Motorcycle,Ather,CNG,BS4,0,2,4
2201,REG102202,28-03-2023,2023,Maharashtra,Pune (MH-12),LCV,Pickup Van,Force Motors,Diesel,BS6,2523,9,1
2202,REG102203,06-04-2020,2020,Maharashtra,Nagpur (MH-31),HCV,Bus,Eicher,Diesel,BS6,3760,1,4
2203,REG102204,08-10-2024,2024,Rajasthan,Jaipur (RJ-14),2W,Motorcycle,Royal Enfield,Petrol,BS6,100,2,0
2204,REG102205,10-11-2023,2023,Rajasthan,Ajmer (RJ-01),4W,MUV,Skoda,Petrol,BS6,800,5,1
2205,REG102206,27-04-2023,2023,West Bengal,Siliguri (WB-73),4W,MUV,Tata Motors,Diesel,BS6,1197,6,1
2206,REG102207,12-02-2023,2023,Telangana,Khammam (TS-07),LCV,Light Bus,Mahindra,Diesel,BS6,3298,15,1
2207,REG102208,11-08-2022,2022,Karnataka,Belgaum (KA-22),HCV,Tanker,Ashok Leyland,Diesel,BS6,0,32,2
2208,REG102209,13-04-2022,2022,Karnataka,Bangalore Central (KA-01),OTH,Tractor,TAFE,Diesel,BS6,4998,52,2
2209,REG102210,02-02-2022,2022,Tamil Nadu,Chennai Central (TN-01),4W,Sedan,Toyota,Petrol,BS6,0,8,2
2210,REG102211,05-08-2019,2019,Rajasthan,Jaipur (RJ-14),2W,Scooter,KTM,Petrol,BS4,200,2,5
2211,REG102212,06-05-2024,2024,Punjab,Ludhiana (PB-10),2W,Moped,Ather,Petrol,BS6,0,2,0
2212,REG102213,22-12-2022,2022,Punjab,Ludhiana (PB-10),3W,E-Rickshaw,Mahindra,CNG,BS6,200,6,2
2213,REG102214,12-09-2021,2021,Punjab,Jalandhar (PB-08),4W,Sedan,Renault,EV,BS6,0,5,3
2214,REG102215,30-09-2024,2024,Kerala,Kochi (KL-07),4W,MUV,Toyota,EV,BS6,0,6,0
2215,REG102216,12-11-2022,2022,Punjab,Amritsar (PB-02),4W,Hatchback,Tata Motors,Diesel,BS6,0,6,2
2216,REG102217,16-08-2023,2023,Rajasthan,Kota (RJ-20),2W,Scooter,Suzuki,EV,BS6,0,2,1
2217,REG102218,13-11-2023,2023,Tamil Nadu,Trichy (TN-45),LCV,Mini Truck,Force Motors,Diesel,BS6,0,12,1
2218,REG102219,15-10-2021,2021,Punjab,Amritsar (PB-02),2W,Scooter,Ola Electric,EV,BS6,0,2,3
2219,REG102220,17-12-2020,2020,Telangana,Khammam (TS-07),3W,Tempo,Kinetic Green,Diesel,BS6,250,6,4
2220,REG102221,29-07-2024,2024,Gujarat,Ahmedabad (GJ-01),HCV,Bus,Eicher,Diesel,BS6,6700,2,0
2221,REG102222,02-10-2021,2021,Gujarat,Rajkot (GJ-03),3W,Tempo,TVS,CNG,BS6,200,6,3
2222,REG102223,27-03-2018,2018,Gujarat,Gandhinagar (GJ-18),4W,SUV,Kia,Diesel,BS4,0,8,6
2223,REG102224,21-01-2021,2021,Maharashtra,Nagpur (MH-31),HCV,Truck,Tata Motors,Diesel,BS6,6700,45,3
2224,REG102225,09-05-2020,2020,Gujarat,Gandhinagar (GJ-18),4W,Hatchback,Maruti Suzuki,Diesel,BS6,1598,5,4
2225,REG102226,04-10-2022,2022,Delhi,Delhi Central (DL-01),4W,Sedan,Maruti Suzuki,Diesel,BS6,0,6,2
2226,REG102227,08-01-2021,2021,Punjab,Patiala (PB-11),4W,SUV,Hyundai,CNG,BS6,1197,8,3
2227,REG102228,14-12-2021,2021,Rajasthan,Jaipur (RJ-14),2W,Motorcycle,Hero,CNG,BS6,250,2,3
2228,REG102229,17-07-2020,2020,Karnataka,Belgaum (KA-22),LCV,Light Bus,Ashok Leyland,CNG,BS6,3298,9,4
2229,REG102230,10-08-2023,2023,Telangana,Nizamabad (TS-05),4W,Sedan,MG,Diesel,BS6,2179,5,1
2230,REG102231,01-08-2022,2022,Telangana,Karimnagar (TS-01),HCV,Truck,MAN,Diesel,BS6,3760,1,2
2231,REG102232,04-06-2020,2020,Karnataka,Mysore (KA-09),2W,Moped,Honda,Petrol,BS6,160,2,4
2232,REG102233,05-08-2021,2021,Tamil Nadu,Trichy (TN-45),4W,Hatchback,Honda,Diesel,BS6,0,8,3
2233,REG102234,01-03-2023,2023,Rajasthan,Jodhpur (RJ-19),2W,Motorcycle,Suzuki,Petrol,BS6,200,2,1
2234,REG102235,01-04-2024,2024,Rajasthan,Ajmer (RJ-01),4W,MUV,Tata Motors,Diesel,BS6,1197,6,0
2235,REG102236,14-08-2023,2023,Karnataka,Belgaum (KA-22),2W,Motorcycle,Bajaj,EV,BS6,0,2,1
2236,REG102237,10-07-2021,2021,Gujarat,Rajkot (GJ-03),2W,Scooter,Royal Enfield,EV,BS6,0,2,3
2237,REG102238,04-01-2022,2022,Delhi,Delhi South (DL-09),2W,Motorcycle,Honda,Petrol,BS6,350,2,2
2238,REG102239,02-11-2019,2019,Karnataka,Mysore (KA-09),2W,Moped,Yamaha,Petrol,BS4,100,2,5
2239,REG102240,29-08-2024,2024,Maharashtra,Pune (MH-12),2W,Moped,TVS,Petrol,BS6,150,2,0
2240,REG102241,02-10-2022,2022,Madhya Pradesh,Indore (MP-09),4W,MUV,MG,Petrol,BS6,0,6,2
2241,REG102242,08-12-2020,2020,Punjab,Amritsar (PB-02),4W,SUV,Renault,Diesel,BS6,1498,6,4
2242,REG102243,17-06-2019,2019,Madhya Pradesh,Gwalior (MP-07),2W,Scooter,Honda,Petrol,BS4,350,2,5
2243,REG102244,22-11-2024,2024,Rajasthan,Ajmer (RJ-01),2W,Motorcycle,Hero,Petrol,BS6,100,2,0
2244,REG102245,28-04-2021,2021,Rajasthan,Kota (RJ-20),4W,SUV,MG,Diesel,BS6,1598,6,3
2245,REG102246,02-03-2023,2023,Rajasthan,Jodhpur (RJ-19),2W,Moped,Royal Enfield,Petrol,BS6,200,2,1
2246,REG102247,15-04-2021,2021,Punjab,Amritsar (PB-02),4W,MUV,Mahindra,Petrol,BS6,800,7,3
2247,REG102248,04-08-2019,2019,Delhi,Delhi North (DL-04),3W,Auto Rickshaw,Piaggio,CNG,BS4,200,3,5
2248,REG102249,20-01-2024,2024,Kerala,Kochi (KL-07),2W,Moped,Ather,EV,BS6,0,2,0
2249,REG102250,03-09-2021,2021,West Bengal,Asansol (WB-39),4W,Sedan,Renault,Petrol,BS6,0,8,3
2250,REG102251,10-06-2021,2021,Delhi,Delhi Central (DL-01),2W,Moped,Suzuki,Petrol,BS6,125,2,3
2251,REG102252,25-04-2020,2020,Karnataka,Mangalore (KA-19),4W,MUV,Toyota,EV,BS6,0,5,4
2252,REG102253,30-05-2023,2023,Karnataka,Belgaum (KA-22),4W,Hatchback,Toyota,Diesel,BS6,1498,8,1
2253,REG102254,29-10-2022,2022,West Bengal,Kolkata (WB-01),4W,MUV,Honda,Petrol,BS6,1000,7,2
2254,REG102255,19-11-2022,2022,Delhi,Delhi East (DL-02),4W,Sedan,Skoda,CNG,BS6,1968,7,2
2255,REG102256,11-10-2018,2018,Rajasthan,Jaipur (RJ-14),4W,Hatchback,Maruti Suzuki,Petrol,BS4,1598,8,6
2256,REG102257,04-10-2019,2019,Delhi,Delhi South (DL-09),2W,Motorcycle,Yamaha,Petrol,BS4,0,2,5
2257,REG102258,21-09-2021,2021,Uttar Pradesh,Allahabad (UP-70),2W,Scooter,TVS,EV,BS6,0,2,3
2258,REG102259,09-07-2022,2022,Gujarat,Gandhinagar (GJ-18),4W,MUV,Skoda,Diesel,BS6,2179,7,2
2259,REG102260,27-01-2023,2023,Madhya Pradesh,Ujjain (MP-13),2W,Moped,TVS,EV,BS6,0,2,1
2260,REG102261,06-12-2022,2022,Tamil Nadu,Chennai Central (TN-01),2W,Moped,KTM,CNG,BS6,110,2,2
2261,REG102262,11-02-2024,2024,Tamil Nadu,Madurai (TN-58),3W,Auto Rickshaw,Kinetic Green,EV,BS6,0,3,0
2262,REG102263,06-08-2023,2023,Rajasthan,Ajmer (RJ-01),3W,E-Rickshaw,TVS,CNG,BS6,0,3,1
2263,REG102264,16-01-2023,2023,Telangana,Karimnagar (TS-01),OTH,Tractor,Mahindra,Diesel,BS6,4998,52,1
2264,REG102265,02-10-2020,2020,Telangana,Nizamabad (TS-05),4W,Hatchback,Hyundai,CNG,BS6,1000,7,4
2265,REG102266,20-10-2024,2024,Rajasthan,Ajmer (RJ-01),2W,Motorcycle,Ola Electric,EV,BS6,0,2,0
2266,REG102267,04-08-2020,2020,Karnataka,Mangalore (KA-19),3W,Auto Rickshaw,TVS,CNG,BS6,225,3,4
2267,REG102268,26-08-2023,2023,Rajasthan,Jaipur (RJ-14),4W,SUV,Renault,Diesel,BS6,800,7,1
2268,REG102269,10-02-2022,2022,Delhi,Delhi East (DL-02),4W,Hatchback,Hyundai,Petrol,BS6,800,6,2
2269,REG102270,28-06-2023,2023,Telangana,Warangal (TS-03),LCV,Pickup Van,Ashok Leyland,Diesel,BS6,2523,9,1
2270,REG102271,15-09-2023,2023,Kerala,Thrissur (KL-08),2W,Motorcycle,Ather,Petrol,BS6,0,2,1
2271,REG102272,25-07-2023,2023,Maharashtra,Nagpur (MH-31),2W,Motorcycle,Royal Enfield,Petrol,BS6,110,2,1
2272,REG102273,21-04-2024,2024,Rajasthan,Ajmer (RJ-01),3W,E-Rickshaw,Mahindra,CNG,BS6,250,7,0
2273,REG102274,31-01-2020,2020,Kerala,Kollam (KL-02),2W,Motorcycle,Bajaj,Petrol,BS6,100,2,4
2274,REG102275,19-08-2023,2023,Madhya Pradesh,Gwalior (MP-07),4W,MUV,Hyundai,Diesel,BS6,1462,5,1
2275,REG102276,02-07-2022,2022,Madhya Pradesh,Gwalior (MP-07),LCV,Pickup Van,Mahindra,CNG,BS6,3298,9,2
2276,REG102277,03-05-2023,2023,Karnataka,Mangalore (KA-19),2W,Scooter,Ola Electric,Petrol,BS6,0,2,1
2277,REG102278,29-11-2022,2022,West Bengal,Howrah (WB-13),3W,Auto Rickshaw,Atul Auto,EV,BS4,0,6,2
2278,REG102279,12-05-2019,2019,Maharashtra,Nagpur (MH-31),HCV,Trailer,Ashok Leyland,Diesel,BS4,3760,45,5
2279,REG102280,21-06-2023,2023,Karnataka,Bangalore Central (KA-01),LCV,Light Bus,Force Motors,Diesel,BS6,3298,12,1
2280,REG102281,01-01-2023,2023,Gujarat,Ahmedabad (GJ-01),OTH,Tractor,Mahindra,Diesel,BS6,4998,45,1
2281,REG102282,22-02-2022,2022,Delhi,Delhi Central (DL-01),2W,Scooter,Suzuki,Petrol,BS6,160,2,2
2282,REG102283,31-10-2023,2023,Madhya Pradesh,Gwalior (MP-07),4W,MUV,Hyundai,Diesel,BS6,1598,6,1
2283,REG102284,04-12-2021,2021,Maharashtra,Aurangabad (MH-20),2W,Motorcycle,Suzuki,EV,BS6,0,2,3
2284,REG102285,11-11-2023,2023,Madhya Pradesh,Bhopal (MP-04),4W,Sedan,Renault,Diesel,BS6,0,8,1
2285,REG102286,17-06-2020,2020,Gujarat,Vadodara (GJ-06),4W,SUV,Hyundai,EV,BS4,0,8,4
2286,REG102287,11-10-2023,2023,Tamil Nadu,Salem (TN-30),2W,Scooter,Bajaj,Petrol,BS6,400,2,1
2287,REG102288,30-10-2021,2021,Karnataka,Bangalore Central (KA-01),4W,SUV,Maruti Suzuki,Petrol,BS6,0,5,3
2288,REG102289,24-04-2023,2023,Telangana,Karimnagar (TS-01),2W,Scooter,KTM,EV,BS6,0,2,1
2289,REG102290,30-04-2023,2023,Delhi,Delhi North (DL-04),2W,Scooter,KTM,Petrol,BS6,100,2,1
2290,REG102291,03-08-2022,2022,Punjab,Chandigarh (CH-01),4W,Hatchback,Toyota,Petrol,BS6,800,6,2
2291,REG102292,04-02-2024,2024,Telangana,Warangal (TS-03),2W,Scooter,Royal Enfield,Petrol,BS6,125,2,0
2292,REG102293,24-05-2019,2019,Delhi,Delhi Central (DL-01),4W,SUV,MG,Diesel,BS4,1000,5,5
2293,REG102294,09-07-2020,2020,Maharashtra,Nashik (MH-15),4W,SUV,Hyundai,CNG,BS6,1462,5,4
2294,REG102295,14-03-2024,2024,Maharashtra,Aurangabad (MH-20),3W,Tempo,TVS,CNG,BS6,250,7,0
2295,REG102296,22-10-2021,2021,West Bengal,Kolkata (WB-01),4W,MUV,Tata Motors,Hybrid,BS6,1968,6,3
2296,REG102297,15-05-2020,2020,Tamil Nadu,Coimbatore (TN-37),2W,Scooter,Royal Enfield,Petrol,BS6,150,2,4
2297,REG102298,15-07-2018,2018,Tamil Nadu,Salem (TN-30),2W,Moped,Ola Electric,Petrol,BS4,0,2,6
2298,REG102299,24-07-2018,2018,Uttar Pradesh,Lucknow (UP-32),4W,Sedan,Maruti Suzuki,Diesel,BS4,2179,6,6
2299,REG102300,20-07-2023,2023,Maharashtra,Pune (MH-12),4W,Hatchback,Skoda,Diesel,BS6,1968,6,1
2300,REG102301,27-08-2018,2018,Karnataka,Belgaum (KA-22),2W,Scooter,Ather,EV,BS4,0,2,6
2301,REG102302,07-01-2019,2019,Punjab,Amritsar (PB-02),2W,Motorcycle,KTM,Petrol,BS4,100,2,5
2302,REG102303,20-08-2023,2023,West Bengal,Howrah (WB-13),4W,Hatchback,Mahindra,Hybrid,BS6,1197,6,1
2303,REG102304,08-02-2023,2023,Karnataka,Bangalore Central (KA-01),2W,Scooter,Ola Electric,Petrol,BS6,0,2,1
2304,REG102305,23-05-2024,2024,West Bengal,Howrah (WB-13),2W,Motorcycle,Royal Enfield,Petrol,BS6,250,2,0
2305,REG102306,21-08-2022,2022,Karnataka,Mangalore (KA-19),2W,Motorcycle,Ather,Petrol,BS6,0,2,2
2306,REG102307,05-04-2021,2021,Gujarat,Surat (GJ-05),2W,Motorcycle,Bajaj,Hybrid,BS6,200,2,3
2307,REG102308,18-05-2020,2020,Tamil Nadu,Chennai Central (TN-01),4W,Hatchback,Tata Motors,Diesel,BS6,1000,6,4
2308,REG102309,11-11-2024,2024,Kerala,Thiruvananthapuram (KL-01),4W,SUV,MG,Diesel,BS6,800,6,0
2309,REG102310,29-08-2019,2019,Madhya Pradesh,Indore (MP-09),2W,Moped,Yamaha,Petrol,BS4,250,2,5
2310,REG102311,09-03-2024,2024,Karnataka,Mangalore (KA-19),4W,SUV,Renault,Petrol,BS6,1498,7,0
2311,REG102312,24-02-2018,2018,Kerala,Kozhikode (KL-11),4W,SUV,Hyundai,Diesel,BS4,1000,7,6
2312,REG102313,26-12-2022,2022,Telangana,Khammam (TS-07),HCV,Truck,Ashok Leyland,Diesel,BS6,5660,52,2
2313,REG102314,20-04-2023,2023,Telangana,Karimnagar (TS-01),2W,Moped,Suzuki,EV,BS6,0,2,1
2314,REG102315,13-01-2021,2021,Uttar Pradesh,Lucknow (UP-32),LCV,Light Bus,Eicher,Diesel,BS6,2956,12,3
2315,REG102316,14-11-2018,2018,Madhya Pradesh,Ujjain (MP-13),OTH,Road Roller,Mahindra,Diesel,BS4,0,2,6
2316,REG102317,28-09-2023,2023,Karnataka,Mangalore (KA-19),2W,Motorcycle,Suzuki,EV,BS6,0,2,1
2317,REG102318,03-10-2024,2024,Uttar Pradesh,Allahabad (UP-70),HCV,Bus,Ashok Leyland,Diesel,BS6,5660,52,0
2318,REG102319,28-09-2019,2019,Uttar Pradesh,Agra (UP-80),2W,Motorcycle,Ather,Petrol,BS4,0,2,5
2319,REG102320,13-04-2019,2019,Rajasthan,Kota (RJ-20),2W,Motorcycle,Hero,Petrol,BS4,350,2,5
2320,REG102321,21-04-2024,2024,Madhya Pradesh,Indore (MP-09),LCV,Pickup Van,Ashok Leyland,Diesel,BS6,2523,9,0
2321,REG102322,21-08-2023,2023,Maharashtra,Mumbai Central (MH-01),4W,MUV,Mahindra,Petrol,BS6,1462,5,1
2322,REG102323,04-03-2023,2023,Punjab,Chandigarh (CH-01),2W,Moped,Ola Electric,Hybrid,BS6,0,2,1
2323,REG102324,18-11-2021,2021,Karnataka,Mangalore (KA-19),4W,Hatchback,Skoda,Petrol,BS4,1197,6,3
2324,REG102325,23-10-2022,2022,Tamil Nadu,Salem (TN-30),2W,Scooter,Ola Electric,CNG,BS4,0,2,2
2325,REG102326,12-02-2021,2021,Kerala,Kollam (KL-02),2W,Motorcycle,Ather,CNG,BS6,0,2,3
2326,REG102327,29-10-2018,2018,Uttar Pradesh,Varanasi (UP-65),OTH,Crane,TAFE,Diesel,BS4,0,32,6
2327,REG102328,12-02-2023,2023,Madhya Pradesh,Indore (MP-09),2W,Motorcycle,Honda,CNG,BS6,110,2,1
2328,REG102329,13-05-2023,2023,Telangana,Hyderabad (TS-09),2W,Moped,Ola Electric,EV,BS6,0,2,1
2329,REG102330,06-12-2020,2020,Telangana,Warangal (TS-03),4W,SUV,Tata Motors,Petrol,BS6,800,5,4
2330,REG102331,14-06-2021,2021,Rajasthan,Jodhpur (RJ-19),2W,Motorcycle,Royal Enfield,Petrol,BS6,250,2,3
2331,REG102332,10-08-2021,2021,Punjab,Patiala (PB-11),4W,SUV,Skoda,EV,BS6,0,6,3
2332,REG102333,09-01-2024,2024,Kerala,Thiruvananthapuram (KL-01),2W,Moped,TVS,Petrol,BS6,125,2,0
2333,REG102334,01-11-2020,2020,Kerala,Kollam (KL-02),HCV,Bus,Ashok Leyland,Diesel,BS6,5660,1,4
2334,REG102335,14-05-2024,2024,Tamil Nadu,Salem (TN-30),2W,Moped,Yamaha,EV,BS6,0,2,0
2335,REG102336,26-06-2021,2021,Tamil Nadu,Salem (TN-30),2W,Scooter,Bajaj,Petrol,BS6,350,2,3
2336,REG102337,12-03-2024,2024,Maharashtra,Mumbai Central (MH-01),2W,Motorcycle,Ola Electric,Petrol,BS6,0,2,0
2337,REG102338,17-06-2023,2023,Kerala,Kozhikode (KL-11),2W,Motorcycle,Suzuki,Petrol,BS6,200,2,1
2338,REG102339,30-03-2019,2019,Punjab,Chandigarh (CH-01),2W,Scooter,Honda,Petrol,BS4,150,2,5
2339,REG102340,25-09-2019,2019,Maharashtra,Nagpur (MH-31),2W,Motorcycle,Hero,Petrol,BS4,125,2,5
2340,REG102341,17-10-2024,2024,West Bengal,Kolkata (WB-01),2W,Moped,TVS,Petrol,BS6,250,2,0
2341,REG102342,12-09-2023,2023,Karnataka,Hubli (KA-25),2W,Motorcycle,Royal Enfield,EV,BS6,0,2,1
2342,REG102343,06-06-2021,2021,Uttar Pradesh,Agra (UP-80),2W,Moped,Royal Enfield,Petrol,BS6,125,2,3
2343,REG102344,24-02-2023,2023,Tamil Nadu,Salem (TN-30),2W,Motorcycle,Royal Enfield,Petrol,BS6,0,2,1
2344,REG102345,15-04-2023,2023,Karnataka,Hubli (KA-25),2W,Scooter,KTM,CNG,BS6,160,2,1
2345,REG102346,01-10-2019,2019,West Bengal,Howrah (WB-13),2W,Scooter,Ather,Petrol,BS4,0,2,5
2346,REG102347,19-08-2024,2024,Tamil Nadu,Madurai (TN-58),4W,Sedan,MG,EV,BS6,0,8,0
2347,REG102348,15-11-2021,2021,Uttar Pradesh,Varanasi (UP-65),HCV,Tanker,Ashok Leyland,Diesel,BS6,6700,45,3
2348,REG102349,06-12-2022,2022,Telangana,Karimnagar (TS-01),3W,E-Rickshaw,Atul Auto,CNG,BS6,225,7,2
2349,REG102350,14-09-2023,2023,Maharashtra,Pune (MH-12),2W,Motorcycle,Suzuki,Petrol,BS6,0,2,1
2350,REG102351,06-06-2024,2024,West Bengal,Durgapur (WB-40),OTH,Tractor,TAFE,Diesel,BS6,3760,32,0
2351,REG102352,14-02-2024,2024,Kerala,Thrissur (KL-08),LCV,Pickup Van,Eicher,Diesel,BS6,3298,15,0
2352,REG102353,09-01-2020,2020,Uttar Pradesh,Agra (UP-80),4W,SUV,Tata Motors,Diesel,BS6,1968,7,4
2353,REG102354,09-10-2023,2023,Gujarat,Ahmedabad (GJ-01),4W,Hatchback,Skoda,Diesel,BS6,1000,6,1
2354,REG102355,13-12-2021,2021,West Bengal,Howrah (WB-13),2W,Moped,Suzuki,Petrol,BS6,0,2,3
2355,REG102356,22-05-2019,2019,Gujarat,Gandhinagar (GJ-18),LCV,Light Bus,Mahindra,EV,BS4,0,15,5
2356,REG102357,04-04-2023,2023,Maharashtra,Nashik (MH-15),2W,Motorcycle,Yamaha,Petrol,BS6,110,2,1
2357,REG102358,07-05-2023,2023,Tamil Nadu,Madurai (TN-58),2W,Moped,Royal Enfield,Petrol,BS6,100,2,1
2358,REG102359,12-09-2018,2018,Karnataka,Mangalore (KA-19),2W,Moped,Ather,Petrol,BS4,0,2,6
2359,REG102360,14-04-2019,2019,Karnataka,Belgaum (KA-22),2W,Motorcycle,Bajaj,Petrol,BS4,110,2,5
2360,REG102361,07-01-2023,2023,Punjab,Jalandhar (PB-08),4W,Hatchback,Hyundai,Petrol,BS6,1462,7,1
2361,REG102362,30-11-2019,2019,West Bengal,Kolkata (WB-01),2W,Moped,KTM,Hybrid,BS4,400,2,5
2362,REG102363,17-12-2023,2023,Uttar Pradesh,Lucknow (UP-32),4W,Hatchback,Honda,Petrol,BS6,800,7,1
2363,REG102364,17-11-2024,2024,Karnataka,Belgaum (KA-22),4W,MUV,Renault,Diesel,BS6,1000,5,0
2364,REG102365,30-08-2023,2023,Delhi,Delhi North (DL-04),2W,Scooter,Ather,Petrol,BS6,0,2,1
2365,REG102366,28-08-2018,2018,Telangana,Khammam (TS-07),4W,MUV,Renault,Hybrid,BS4,800,6,6
2366,REG102367,26-02-2022,2022,West Bengal,Kolkata (WB-01),HCV,Truck,BharatBenz,Diesel,BS6,0,45,2
2367,REG102368,09-05-2022,2022,Tamil Nadu,Coimbatore (TN-37),LCV,Light Bus,Eicher,EV,BS6,0,12,2
2368,REG102369,14-10-2022,2022,Karnataka,Belgaum (KA-22),2W,Scooter,Bajaj,Petrol,BS6,110,2,2
2369,REG102370,14-09-2023,2023,Maharashtra,Pune (MH-12),4W,Hatchback,Renault,Diesel,BS6,800,5,1
2370,REG102371,06-04-2019,2019,Tamil Nadu,Madurai (TN-58),4W,SUV,Mahindra,Hybrid,BS4,1197,5,5
2371,REG102372,30-06-2023,2023,Uttar Pradesh,Allahabad (UP-70),2W,Scooter,Ola Electric,CNG,BS6,0,2,1
2372,REG102373,03-02-2023,2023,Gujarat,Rajkot (GJ-03),4W,Hatchback,Honda,Diesel,BS6,1968,5,1
2373,REG102374,01-03-2021,2021,Delhi,Delhi South (DL-09),LCV,Pickup Van,Mahindra,Diesel,BS6,0,12,3
2374,REG102375,28-11-2020,2020,Tamil Nadu,Salem (TN-30),2W,Scooter,Hero,Petrol,BS6,400,2,4
2375,REG102376,23-10-2022,2022,Gujarat,Surat (GJ-05),2W,Motorcycle,Honda,EV,BS6,0,2,2
2376,REG102377,24-02-2018,2018,Gujarat,Gandhinagar (GJ-18),LCV,Light Bus,Tata Motors,Diesel,BS4,0,15,6
2377,REG102378,13-07-2019,2019,Karnataka,Bangalore Central (KA-01),2W,Motorcycle,Hero,Petrol,BS4,350,2,5
2378,REG102379,29-04-2023,2023,Kerala,Kozhikode (KL-11),4W,MUV,Kia,Diesel,BS6,1598,6,1
2379,REG102380,22-05-2023,2023,Gujarat,Gandhinagar (GJ-18),2W,Motorcycle,Yamaha,Petrol,BS6,350,2,1
2380,REG102381,06-08-2023,2023,Uttar Pradesh,Agra (UP-80),4W,Sedan,MG,Diesel,BS6,1000,7,1
2381,REG102382,18-08-2022,2022,West Bengal,Howrah (WB-13),4W,SUV,Hyundai,Petrol,BS6,2179,7,2
2382,REG102383,05-07-2022,2022,Karnataka,Mysore (KA-09),2W,Scooter,Ola Electric,EV,BS6,0,2,2
2383,REG102384,25-08-2023,2023,Tamil Nadu,Salem (TN-30),LCV,Light Bus,Tata Motors,EV,BS6,0,9,1
2384,REG102385,24-05-2023,2023,Kerala,Thrissur (KL-08),2W,Scooter,Royal Enfield,EV,BS6,0,2,1
2385,REG102386,15-04-2019,2019,West Bengal,Siliguri (WB-73),2W,Scooter,Honda,EV,BS4,0,2,5
2386,REG102387,25-11-2023,2023,Telangana,Karimnagar (TS-01),2W,Scooter,Royal Enfield,Hybrid,BS6,150,2,1
2387,REG102388,09-01-2024,2024,West Bengal,Kolkata (WB-01),2W,Scooter,Yamaha,Petrol,BS6,125,2,0
2388,REG102389,03-04-2023,2023,West Bengal,Durgapur (WB-40),4W,SUV,Renault,Diesel,BS6,1968,5,1
2389,REG102390,19-08-2022,2022,Tamil Nadu,Trichy (TN-45),2W,Scooter,Suzuki,CNG,BS6,125,2,2
2390,REG102391,06-01-2022,2022,Telangana,Khammam (TS-07),LCV,Mini Truck,Force Motors,Diesel,BS6,0,15,2
2391,REG102392,24-07-2020,2020,Uttar Pradesh,Kanpur (UP-78),2W,Motorcycle,Bajaj,Petrol,BS6,350,2,4
2392,REG102393,01-09-2022,2022,Uttar Pradesh,Kanpur (UP-78),2W,Motorcycle,Bajaj,EV,BS6,0,2,2
2393,REG102394,21-07-2022,2022,Maharashtra,Nashik (MH-15),LCV,Light Bus,Tata Motors,Diesel,BS6,2956,9,2
2394,REG102395,18-12-2021,2021,Maharashtra,Nagpur (MH-31),4W,Sedan,Kia,Petrol,BS6,0,6,3
2395,REG102396,11-05-2024,2024,West Bengal,Howrah (WB-13),4W,Hatchback,Toyota,CNG,BS6,800,7,0
2396,REG102397,13-09-2022,2022,Delhi,Delhi West (DL-08),2W,Motorcycle,KTM,EV,BS6,0,2,2
2397,REG102398,26-09-2024,2024,Rajasthan,Kota (RJ-20),2W,Motorcycle,Ola Electric,CNG,BS6,0,2,0
2398,REG102399,03-04-2022,2022,Tamil Nadu,Coimbatore (TN-37),3W,E-Rickshaw,Kinetic Green,CNG,BS6,200,7,2
2399,REG102400,26-08-2019,2019,Tamil Nadu,Coimbatore (TN-37),HCV,Bus,BharatBenz,Diesel,BS4,5660,45,5
2400,REG102401,30-05-2020,2020,Uttar Pradesh,Allahabad (UP-70),2W,Scooter,Honda,Petrol,BS4,125,2,4
2401,REG102402,30-04-2021,2021,Punjab,Patiala (PB-11),2W,Scooter,Royal Enfield,EV,BS6,0,2,3
2402,REG102403,05-04-2020,2020,Rajasthan,Jodhpur (RJ-19),HCV,Tanker,Eicher,Diesel,BS6,3760,2,4
2403,REG102404,05-04-2019,2019,Kerala,Thrissur (KL-08),OTH,Road Roller,Escorts,Diesel,BS4,6700,32,5
2404,REG102405,10-01-2022,2022,West Bengal,Kolkata (WB-01),2W,Moped,Hero,Petrol,BS6,150,2,2
2405,REG102406,30-05-2023,2023,Karnataka,Mangalore (KA-19),HCV,Tanker,Tata Motors,Diesel,BS6,0,2,1
2406,REG102407,22-10-2024,2024,Delhi,Delhi East (DL-02),2W,Scooter,TVS,Petrol,BS6,150,2,0
2407,REG102408,03-01-2024,2024,Karnataka,Mangalore (KA-19),2W,Scooter,KTM,EV,BS6,0,2,0
2408,REG102409,12-11-2019,2019,Delhi,Delhi South (DL-09),2W,Scooter,Yamaha,Petrol,BS4,0,2,5
2409,REG102410,25-08-2022,2022,Telangana,Nizamabad (TS-05),2W,Moped,Bajaj,CNG,BS6,125,2,2
2410,REG102411,24-04-2019,2019,West Bengal,Howrah (WB-13),4W,Hatchback,Tata Motors,CNG,BS4,1598,5,5
2411,REG102412,22-07-2023,2023,Gujarat,Gandhinagar (GJ-18),4W,Hatchback,Tata Motors,Diesel,BS6,1598,6,1
2412,REG102413,16-11-2022,2022,West Bengal,Howrah (WB-13),4W,SUV,Toyota,Petrol,BS6,1598,5,2
2413,REG102414,11-09-2023,2023,West Bengal,Kolkata (WB-01),3W,Tempo,Mahindra,CNG,BS6,250,6,1
2414,REG102415,31-10-2024,2024,Maharashtra,Pune (MH-12),2W,Motorcycle,Honda,EV,BS6,0,2,0
2415,REG102416,13-05-2022,2022,Tamil Nadu,Coimbatore (TN-37),4W,SUV,Kia,Petrol,BS6,0,5,2
2416,REG102417,04-01-2020,2020,Punjab,Ludhiana (PB-10),2W,Motorcycle,Yamaha,Petrol,BS6,125,2,4
2417,REG102418,31-01-2023,2023,Delhi,Delhi West (DL-08),2W,Motorcycle,Yamaha,EV,BS6,0,2,1
2418,REG102419,26-04-2023,2023,Punjab,Ludhiana (PB-10),OTH,Crane,John Deere,Petrol,BS6,6700,52,1
2419,REG102420,05-05-2020,2020,Telangana,Khammam (TS-07),4W,SUV,Mahindra,CNG,BS4,1462,6,4
2420,REG102421,14-01-2019,2019,Gujarat,Surat (GJ-05),2W,Motorcycle,Ola Electric,Petrol,BS4,0,2,5
2421,REG102422,19-05-2023,2023,Punjab,Patiala (PB-11),OTH,Tractor,Mahindra,Diesel,BS6,3760,2,1
2422,REG102423,04-11-2021,2021,Punjab,Chandigarh (CH-01),2W,Scooter,Ola Electric,Petrol,BS6,0,2,3
2423,REG102424,23-08-2020,2020,Tamil Nadu,Chennai Central (TN-01),2W,Motorcycle,KTM,Petrol,BS6,160,2,4
2424,REG102425,17-05-2020,2020,Punjab,Amritsar (PB-02),2W,Motorcycle,Hero,Petrol,BS4,110,2,4
2425,REG102426,22-07-2022,2022,Punjab,Ludhiana (PB-10),LCV,Pickup Van,Eicher,Diesel,BS6,0,9,2
2426,REG102427,21-05-2021,2021,Kerala,Kochi (KL-07),2W,Scooter,Bajaj,CNG,BS6,350,2,3
2427,REG102428,26-12-2019,2019,Rajasthan,Jodhpur (RJ-19),4W,MUV,Kia,Diesel,BS4,800,8,5
2428,REG102429,04-12-2022,2022,Karnataka,Mangalore (KA-19),4W,Sedan,Maruti Suzuki,Petrol,BS6,0,7,2
2429,REG102430,20-12-2019,2019,Rajasthan,Jodhpur (RJ-19),2W,Motorcycle,TVS,CNG,BS4,150,2,5
2430,REG102431,21-02-2023,2023,Rajasthan,Kota (RJ-20),2W,Motorcycle,Royal Enfield,Petrol,BS6,0,2,1
2431,REG102432,29-10-2024,2024,Madhya Pradesh,Bhopal (MP-04),2W,Moped,Hero,EV,BS6,0,2,0
2432,REG102433,09-03-2023,2023,Madhya Pradesh,Indore (MP-09),2W,Moped,TVS,Petrol,BS6,125,2,1
2433,REG102434,29-10-2024,2024,Karnataka,Belgaum (KA-22),4W,SUV,Toyota,EV,BS6,0,5,0
2434,REG102435,12-04-2023,2023,Gujarat,Gandhinagar (GJ-18),3W,Auto Rickshaw,Mahindra,Diesel,BS6,225,3,1
2435,REG102436,30-01-2021,2021,Tamil Nadu,Trichy (TN-45),4W,MUV,Toyota,Petrol,BS6,1197,7,3
2436,REG102437,21-11-2024,2024,West Bengal,Asansol (WB-39),4W,MUV,Kia,Petrol,BS6,0,7,0
2437,REG102438,11-03-2022,2022,Kerala,Kollam (KL-02),4W,Sedan,Toyota,EV,BS6,0,6,2
2438,REG102439,05-07-2022,2022,Maharashtra,Aurangabad (MH-20),2W,Scooter,TVS,EV,BS6,0,2,2
2439,REG102440,29-03-2020,2020,Delhi,Delhi West (DL-08),4W,Hatchback,Skoda,Diesel,BS6,1197,7,4
2440,REG102441,17-08-2023,2023,Maharashtra,Mumbai Central (MH-01),4W,SUV,Honda,Petrol,BS6,1197,8,1
2441,REG102442,24-03-2024,2024,Delhi,Delhi South (DL-09),4W,Sedan,Maruti Suzuki,Petrol,BS6,1462,7,0
2442,REG102443,26-12-2023,2023,Karnataka,Hubli (KA-25),4W,Sedan,Skoda,Petrol,BS6,1968,8,1
2443,REG102444,27-01-2021,2021,Tamil Nadu,Salem (TN-30),2W,Scooter,Suzuki,Petrol,BS6,0,2,3
2444,REG102445,29-04-2023,2023,Rajasthan,Udaipur (RJ-27),2W,Motorcycle,KTM,Petrol,BS6,0,2,1
2445,REG102446,12-04-2020,2020,Karnataka,Bangalore Central (KA-01),4W,Hatchback,Skoda,Petrol,BS4,0,6,4
2446,REG102447,14-07-2024,2024,Tamil Nadu,Coimbatore (TN-37),2W,Scooter,Honda,Petrol,BS6,100,2,0
2447,REG102448,20-01-2022,2022,Kerala,Thiruvananthapuram (KL-01),2W,Motorcycle,Ather,Petrol,BS6,0,2,2
2448,REG102449,08-03-2022,2022,Uttar Pradesh,Agra (UP-80),2W,Moped,Suzuki,Petrol,BS6,250,2,2
2449,REG102450,26-08-2022,2022,Gujarat,Surat (GJ-05),4W,SUV,Maruti Suzuki,Petrol,BS6,1197,6,2
2450,REG102451,12-04-2023,2023,Gujarat,Rajkot (GJ-03),2W,Scooter,TVS,Petrol,BS6,250,2,1
2451,REG102452,03-06-2019,2019,Karnataka,Bangalore Central (KA-01),4W,SUV,Kia,EV,BS4,0,6,5
2452,REG102453,23-08-2024,2024,Kerala,Thiruvananthapuram (KL-01),2W,Scooter,Royal Enfield,Petrol,BS6,125,2,0
2453,REG102454,17-01-2022,2022,West Bengal,Siliguri (WB-73),4W,MUV,Renault,Diesel,BS6,1968,6,2
2454,REG102455,30-08-2024,2024,Gujarat,Gandhinagar (GJ-18),2W,Moped,Hero,Petrol,BS6,200,2,0
2455,REG102456,14-11-2023,2023,Rajasthan,Jaipur (RJ-14),3W,E-Rickshaw,Bajaj,CNG,BS6,225,3,1
2456,REG102457,16-05-2020,2020,Gujarat,Surat (GJ-05),2W,Motorcycle,Royal Enfield,EV,BS6,0,2,4
2457,REG102458,14-09-2023,2023,Karnataka,Mangalore (KA-19),2W,Scooter,Yamaha,Petrol,BS6,250,2,1
2458,REG102459,01-10-2024,2024,Punjab,Amritsar (PB-02),2W,Motorcycle,TVS,Petrol,BS6,200,2,0
2459,REG102460,19-12-2022,2022,Kerala,Kochi (KL-07),2W,Motorcycle,Suzuki,EV,BS6,0,2,2
2460,REG102461,02-01-2019,2019,Tamil Nadu,Coimbatore (TN-37),3W,Tempo,Kinetic Green,CNG,BS4,250,3,5
2461,REG102462,16-02-2024,2024,Telangana,Nizamabad (TS-05),4W,SUV,MG,Hybrid,BS6,1968,7,0
2462,REG102463,01-10-2023,2023,Delhi,Delhi West (DL-08),4W,Hatchback,Maruti Suzuki,CNG,BS6,1000,7,1
2463,REG102464,22-08-2019,2019,Madhya Pradesh,Jabalpur (MP-20),2W,Scooter,Suzuki,CNG,BS4,400,2,5
2464,REG102465,05-10-2023,2023,Telangana,Nizamabad (TS-05),2W,Scooter,Hero,Petrol,BS6,350,2,1
2465,REG102466,30-04-2019,2019,Madhya Pradesh,Gwalior (MP-07),LCV,Pickup Van,Force Motors,Diesel,BS4,0,15,5
2466,REG102467,08-11-2023,2023,Karnataka,Hubli (KA-25),4W,Hatchback,Renault,Diesel,BS6,800,5,1
2467,REG102468,21-09-2024,2024,Tamil Nadu,Salem (TN-30),3W,Tempo,Piaggio,EV,BS6,0,6,0
2468,REG102469,29-07-2024,2024,Maharashtra,Nashik (MH-15),4W,MUV,Maruti Suzuki,Petrol,BS6,1968,5,0
2469,REG102470,17-09-2024,2024,Rajasthan,Jaipur (RJ-14),2W,Motorcycle,KTM,Petrol,BS6,150,2,0
2470,REG102471,29-08-2020,2020,Delhi,Delhi Central (DL-01),2W,Moped,KTM,CNG,BS6,110,2,4
2471,REG102472,21-10-2024,2024,Telangana,Warangal (TS-03),2W,Motorcycle,Suzuki,Petrol,BS6,160,2,0
2472,REG102473,18-06-2023,2023,Karnataka,Belgaum (KA-22),2W,Moped,KTM,EV,BS6,0,2,1
2473,REG102474,01-08-2023,2023,Telangana,Nizamabad (TS-05),4W,Hatchback,Honda,Diesel,BS6,1462,7,1
2474,REG102475,23-11-2023,2023,Madhya Pradesh,Indore (MP-09),4W,MUV,Honda,Petrol,BS6,1598,5,1
2475,REG102476,28-11-2022,2022,Madhya Pradesh,Gwalior (MP-07),4W,Sedan,Hyundai,EV,BS6,0,8,2
2476,REG102477,06-04-2021,2021,Kerala,Thiruvananthapuram (KL-01),4W,MUV,MG,Petrol,BS6,800,5,3
2477,REG102478,24-10-2024,2024,Uttar Pradesh,Kanpur (UP-78),4W,Hatchback,MG,Petrol,BS6,1197,5,0
2478,REG102479,26-12-2022,2022,Madhya Pradesh,Ujjain (MP-13),4W,Sedan,MG,Petrol,BS6,1598,6,2
2479,REG102480,09-11-2022,2022,Delhi,Delhi North (DL-04),2W,Moped,Hero,EV,BS6,0,2,2
2480,REG102481,02-10-2023,2023,Tamil Nadu,Salem (TN-30),4W,Sedan,Maruti Suzuki,Petrol,BS6,1462,5,1
2481,REG102482,27-02-2022,2022,Madhya Pradesh,Indore (MP-09),HCV,Trailer,MAN,Diesel,BS6,5660,32,2
2482,REG102483,12-11-2022,2022,Punjab,Patiala (PB-11),OTH,Crane,Mahindra,Diesel,BS6,5660,52,2
2483,REG102484,28-04-2020,2020,West Bengal,Howrah (WB-13),2W,Scooter,Ola Electric,EV,BS6,0,2,4
2484,REG102485,13-12-2020,2020,Telangana,Nizamabad (TS-05),4W,Sedan,Maruti Suzuki,EV,BS4,0,8,4
2485,REG102486,25-11-2021,2021,Kerala,Kollam (KL-02),2W,Scooter,Ather,Petrol,BS6,0,2,3
2486,REG102487,27-01-2024,2024,Madhya Pradesh,Indore (MP-09),4W,SUV,Renault,CNG,BS6,1000,8,0
2487,REG102488,01-01-2022,2022,Madhya Pradesh,Gwalior (MP-07),LCV,Light Bus,Mahindra,CNG,BS6,2956,12,2
2488,REG102489,17-08-2023,2023,Maharashtra,Mumbai Central (MH-01),3W,Tempo,Piaggio,Diesel,BS6,200,3,1
2489,REG102490,20-08-2024,2024,Maharashtra,Aurangabad (MH-20),4W,Hatchback,Renault,EV,BS6,0,8,0
2490,REG102491,01-06-2023,2023,Tamil Nadu,Trichy (TN-45),2W,Scooter,Ather,Petrol,BS6,0,2,1
2491,REG102492,03-12-2020,2020,Telangana,Nizamabad (TS-05),4W,Hatchback,Maruti Suzuki,Diesel,BS6,1598,6,4
2492,REG102493,31-10-2022,2022,Madhya Pradesh,Jabalpur (MP-20),4W,Hatchback,Hyundai,Diesel,BS6,1000,8,2
2493,REG102494,29-09-2018,2018,Karnataka,Mysore (KA-09),4W,MUV,Honda,Petrol,BS4,1197,5,6
2494,REG102495,23-05-2020,2020,Delhi,Delhi South (DL-09),2W,Motorcycle,TVS,Petrol,BS6,160,2,4
2495,REG102496,14-12-2020,2020,Delhi,Delhi West (DL-08),4W,MUV,Tata Motors,EV,BS6,0,5,4
2496,REG102497,01-06-2024,2024,Karnataka,Mysore (KA-09),2W,Moped,Royal Enfield,EV,BS6,0,2,0
2497,REG102498,25-04-2019,2019,Madhya Pradesh,Gwalior (MP-07),2W,Moped,Hero,EV,BS4,0,2,5
2498,REG102499,31-01-2022,2022,Rajasthan,Jodhpur (RJ-19),2W,Moped,Royal Enfield,EV,BS6,0,2,2
2499,REG102500,04-05-2024,2024,Punjab,Jalandhar (PB-08),4W,MUV,Maruti Suzuki,Petrol,BS6,1968,7,0
2500,REG102501,14-09-2023,2023,Tamil Nadu,Madurai (TN-58),2W,Scooter,Bajaj,CNG,BS6,110,2,1
2501,REG102502,24-07-2018,2018,Kerala,Kollam (KL-02),4W,SUV,Kia,EV,BS4,0,6,6
2502,REG102503,21-05-2020,2020,Karnataka,Hubli (KA-25),LCV,Light Bus,Force Motors,Diesel,BS6,0,12,4
2503,REG102504,06-11-2021,2021,Tamil Nadu,Coimbatore (TN-37),HCV,Bus,BharatBenz,Diesel,BS6,0,52,3
2504,REG102505,08-12-2021,2021,Uttar Pradesh,Agra (UP-80),4W,Sedan,Toyota,CNG,BS6,1197,6,3
2505,REG102506,30-07-2021,2021,Kerala,Thiruvananthapuram (KL-01),HCV,Bus,Eicher,Diesel,BS6,0,52,3
2506,REG102507,25-10-2024,2024,Tamil Nadu,Chennai Central (TN-01),2W,Scooter,Honda,EV,BS6,0,2,0
2507,REG102508,02-12-2024,2024,Tamil Nadu,Coimbatore (TN-37),LCV,Pickup Van,Eicher,CNG,BS6,2956,15,0
2508,REG102509,02-09-2023,2023,Kerala,Kollam (KL-02),4W,Sedan,Mahindra,Diesel,BS6,1968,8,1
2509,REG102510,04-03-2022,2022,Kerala,Thrissur (KL-08),3W,Auto Rickshaw,TVS,Petrol,BS6,225,6,2
2510,REG102511,05-11-2019,2019,Telangana,Warangal (TS-03),2W,Scooter,Ola Electric,Petrol,BS4,0,2,5
2511,REG102512,06-01-2024,2024,Kerala,Kochi (KL-07),OTH,Road Roller,Mahindra,Diesel,BS6,3760,1,0
2512,REG102513,04-02-2020,2020,Karnataka,Hubli (KA-25),2W,Moped,KTM,Petrol,BS6,160,2,4
2513,REG102514,09-01-2020,2020,Kerala,Kochi (KL-07),LCV,Pickup Van,Eicher,Diesel,BS6,2956,15,4
2514,REG102515,10-11-2019,2019,Punjab,Jalandhar (PB-08),2W,Moped,Ather,EV,BS4,0,2,5
2515,REG102516,24-12-2023,2023,Uttar Pradesh,Agra (UP-80),LCV,Pickup Van,Ashok Leyland,Diesel,BS6,2956,12,1
2516,REG102517,28-04-2020,2020,Maharashtra,Nagpur (MH-31),4W,Sedan,Maruti Suzuki,Diesel,BS6,800,8,4
2517,REG102518,25-07-2022,2022,Uttar Pradesh,Varanasi (UP-65),4W,Hatchback,Skoda,Petrol,BS6,1197,5,2
2518,REG102519,06-05-2022,2022,Madhya Pradesh,Gwalior (MP-07),2W,Motorcycle,Hero,Petrol,BS6,100,2,2
2519,REG102520,20-03-2022,2022,West Bengal,Asansol (WB-39),2W,Motorcycle,Ather,EV,BS6,0,2,2
2520,REG102521,12-06-2019,2019,Maharashtra,Nagpur (MH-31),2W,Scooter,KTM,Petrol,BS4,150,2,5
2521,REG102522,12-09-2019,2019,Karnataka,Mysore (KA-09),3W,Tempo,TVS,Diesel,BS4,0,6,5
2522,REG102523,22-10-2021,2021,Delhi,Delhi East (DL-02),2W,Scooter,Hero,Petrol,BS4,125,2,3
2523,REG102524,18-04-2022,2022,Maharashtra,Pune (MH-12),4W,Hatchback,Skoda,Petrol,BS6,2179,5,2
2524,REG102525,08-10-2024,2024,Delhi,Delhi West (DL-08),4W,SUV,Kia,Petrol,BS6,800,7,0
2525,REG102526,25-04-2024,2024,West Bengal,Siliguri (WB-73),2W,Moped,Ather,Petrol,BS6,0,2,0
2526,REG102527,08-11-2019,2019,Karnataka,Bangalore Central (KA-01),4W,MUV,Honda,Diesel,BS6,1000,8,5
2527,REG102528,04-09-2024,2024,Madhya Pradesh,Bhopal (MP-04),OTH,Road Roller,Escorts,Petrol,BS6,4998,2,0
2528,REG102529,19-01-2020,2020,Telangana,Khammam (TS-07),2W,Scooter,Yamaha,Petrol,BS6,0,2,4
2529,REG102530,18-02-2022,2022,Karnataka,Belgaum (KA-22),4W,Hatchback,Toyota,Diesel,BS6,1598,8,2
2530,REG102531,23-07-2022,2022,Gujarat,Vadodara (GJ-06),4W,MUV,Toyota,Petrol,BS6,800,8,2
2531,REG102532,08-06-2024,2024,West Bengal,Kolkata (WB-01),2W,Motorcycle,Ola Electric,Petrol,BS6,0,2,0
2532,REG102533,06-10-2024,2024,Gujarat,Ahmedabad (GJ-01),4W,Hatchback,Mahindra,CNG,BS6,1197,6,0
2533,REG102534,21-01-2021,2021,Karnataka,Belgaum (KA-22),2W,Motorcycle,Ola Electric,Petrol,BS6,0,2,3
2534,REG102535,11-01-2023,2023,Telangana,Nizamabad (TS-05),HCV,Tanker,MAN,Diesel,BS6,6700,52,1
2535,REG102536,15-07-2023,2023,Telangana,Hyderabad (TS-09),2W,Scooter,TVS,EV,BS6,0,2,1
2536,REG102537,01-08-2020,2020,Kerala,Thrissur (KL-08),4W,Sedan,Mahindra,Hybrid,BS4,1197,6,4
2537,REG102538,16-09-2024,2024,Maharashtra,Pune (MH-12),4W,MUV,Kia,Petrol,BS6,800,8,0
2538,REG102539,01-11-2024,2024,West Bengal,Kolkata (WB-01),3W,Tempo,Atul Auto,Diesel,BS6,225,3,0
2539,REG102540,25-05-2023,2023,Madhya Pradesh,Bhopal (MP-04),4W,Hatchback,Renault,Hybrid,BS6,1462,5,1
2540,REG102541,03-10-2019,2019,Karnataka,Mysore (KA-09),4W,Sedan,Honda,Diesel,BS4,1498,7,5
2541,REG102542,01-11-2023,2023,Telangana,Hyderabad (TS-09),2W,Scooter,Bajaj,Petrol,BS6,250,2,1
2542,REG102543,04-11-2018,2018,Maharashtra,Nagpur (MH-31),OTH,Road Roller,TAFE,Diesel,BS4,6700,1,6
2543,REG102544,24-12-2021,2021,West Bengal,Siliguri (WB-73),HCV,Trailer,MAN,Diesel,BS6,3760,52,3
2544,REG102545,19-07-2023,2023,Madhya Pradesh,Indore (MP-09),HCV,Bus,Tata Motors,Diesel,BS6,3760,52,1
2545,REG102546,09-03-2023,2023,Punjab,Amritsar (PB-02),4W,SUV,Honda,Diesel,BS6,1968,6,1
2546,REG102547,11-03-2020,2020,Delhi,Delhi West (DL-08),4W,MUV,Maruti Suzuki,Diesel,BS6,1968,5,4
2547,REG102548,04-01-2023,2023,Kerala,Kollam (KL-02),2W,Motorcycle,Yamaha,EV,BS6,0,2,1
2548,REG102549,21-07-2020,2020,Uttar Pradesh,Allahabad (UP-70),2W,Scooter,Hero,Petrol,BS6,150,2,4
2549,REG102550,08-08-2019,2019,Uttar Pradesh,Lucknow (UP-32),2W,Motorcycle,Ather,EV,BS4,0,2,5
2550,REG102551,02-03-2022,2022,Maharashtra,Aurangabad (MH-20),4W,Hatchback,Maruti Suzuki,Petrol,BS6,1197,5,2
2551,REG102552,23-06-2018,2018,Kerala,Kochi (KL-07),4W,Sedan,Toyota,Petrol,BS4,1197,6,6
2552,REG102553,20-07-2022,2022,West Bengal,Durgapur (WB-40),4W,SUV,Mahindra,Petrol,BS6,800,5,2
2553,REG102554,31-05-2024,2024,Punjab,Patiala (PB-11),2W,Motorcycle,KTM,Petrol,BS6,200,2,0
2554,REG102555,13-10-2021,2021,Gujarat,Vadodara (GJ-06),OTH,Road Roller,TAFE,Diesel,BS4,0,32,3
2555,REG102556,19-11-2019,2019,Kerala,Kozhikode (KL-11),HCV,Bus,Eicher,Diesel,BS4,0,1,5
2556,REG102557,18-06-2020,2020,Kerala,Kollam (KL-02),4W,SUV,Toyota,Diesel,BS6,1968,8,4
2557,REG102558,27-01-2022,2022,Tamil Nadu,Coimbatore (TN-37),4W,SUV,Tata Motors,Petrol,BS6,1598,8,2
2558,REG102559,04-10-2024,2024,Uttar Pradesh,Lucknow (UP-32),2W,Scooter,Honda,Petrol,BS6,250,2,0
2559,REG102560,09-01-2022,2022,Maharashtra,Nashik (MH-15),2W,Scooter,TVS,Hybrid,BS6,125,2,2
2560,REG102561,11-07-2021,2021,Delhi,Delhi West (DL-08),4W,Hatchback,Toyota,Diesel,BS6,1462,5,3
2561,REG102562,11-06-2022,2022,Karnataka,Mangalore (KA-19),2W,Moped,Honda,Petrol,BS6,250,2,2
2562,REG102563,04-06-2019,2019,Maharashtra,Nagpur (MH-31),3W,Tempo,Bajaj,Diesel,BS4,200,3,5
2563,REG102564,16-05-2018,2018,Delhi,Delhi South (DL-09),2W,Scooter,Ola Electric,Petrol,BS4,0,2,6
2564,REG102565,24-08-2018,2018,Delhi,Delhi Central (DL-01),4W,SUV,MG,CNG,BS4,1000,5,6
2565,REG102566,26-07-2024,2024,Madhya Pradesh,Ujjain (MP-13),4W,MUV,Honda,Hybrid,BS6,1462,8,0
2566,REG102567,06-11-2024,2024,Rajasthan,Udaipur (RJ-27),LCV,Light Bus,Mahindra,Diesel,BS6,0,12,0
2567,REG102568,06-04-2023,2023,Madhya Pradesh,Ujjain (MP-13),3W,Tempo,Bajaj,Diesel,BS6,225,7,1
2568,REG102569,25-11-2021,2021,Kerala,Thrissur (KL-08),LCV,Light Bus,Tata Motors,Diesel,BS6,2523,15,3
2569,REG102570,14-03-2020,2020,Tamil Nadu,Coimbatore (TN-37),2W,Scooter,Suzuki,EV,BS6,0,2,4
2570,REG102571,29-05-2022,2022,Kerala,Thrissur (KL-08),2W,Moped,TVS,Petrol,BS6,160,2,2
2571,REG102572,24-08-2023,2023,Maharashtra,Pune (MH-12),LCV,Mini Truck,Ashok Leyland,Diesel,BS6,0,15,1
2572,REG102573,23-03-2023,2023,Punjab,Ludhiana (PB-10),2W,Scooter,KTM,Petrol,BS6,150,2,1
2573,REG102574,04-04-2019,2019,Kerala,Kollam (KL-02),LCV,Light Bus,Mahindra,Diesel,BS4,2523,15,5
2574,REG102575,31-03-2022,2022,Karnataka,Hubli (KA-25),4W,Hatchback,Hyundai,Diesel,BS6,0,7,2
2575,REG102576,26-09-2019,2019,Gujarat,Surat (GJ-05),2W,Scooter,KTM,EV,BS4,0,2,5
2576,REG102577,17-05-2024,2024,Punjab,Chandigarh (CH-01),4W,MUV,Toyota,Diesel,BS6,1598,6,0
2577,REG102578,15-11-2022,2022,Uttar Pradesh,Lucknow (UP-32),HCV,Tanker,Volvo,Diesel,BS6,3760,2,2
2578,REG102579,10-12-2024,2024,Telangana,Warangal (TS-03),2W,Motorcycle,Suzuki,Petrol,BS6,125,2,0
2579,REG102580,28-08-2022,2022,Tamil Nadu,Salem (TN-30),OTH,Road Roller,TAFE,Diesel,BS6,4998,2,2
2580,REG102581,02-09-2021,2021,Karnataka,Mangalore (KA-19),LCV,Light Bus,Tata Motors,Diesel,BS6,2523,12,3
2581,REG102582,11-11-2023,2023,Maharashtra,Pune (MH-12),4W,Hatchback,Mahindra,Diesel,BS6,1598,6,1
2582,REG102583,24-11-2023,2023,Punjab,Patiala (PB-11),4W,Sedan,Kia,Petrol,BS6,2179,7,1
2583,REG102584,31-08-2023,2023,Kerala,Thiruvananthapuram (KL-01),2W,Scooter,Royal Enfield,Petrol,BS6,200,2,1
2584,REG102585,09-08-2022,2022,Telangana,Warangal (TS-03),2W,Scooter,TVS,Petrol,BS6,125,2,2
2585,REG102586,21-11-2023,2023,Maharashtra,Mumbai Central (MH-01),2W,Scooter,Bajaj,EV,BS6,0,2,1
2586,REG102587,06-09-2021,2021,Gujarat,Rajkot (GJ-03),4W,SUV,Skoda,Diesel,BS6,1462,5,3
2587,REG102588,05-10-2022,2022,Telangana,Warangal (TS-03),OTH,Road Roller,Escorts,Diesel,BS6,5660,52,2
2588,REG102589,10-06-2023,2023,Karnataka,Hubli (KA-25),4W,MUV,Maruti Suzuki,CNG,BS6,800,7,1
2589,REG102590,23-04-2020,2020,Punjab,Ludhiana (PB-10),2W,Scooter,Suzuki,Petrol,BS6,0,2,4
2590,REG102591,01-10-2022,2022,Gujarat,Rajkot (GJ-03),2W,Motorcycle,TVS,CNG,BS6,110,2,2
2591,REG102592,03-01-2020,2020,Madhya Pradesh,Bhopal (MP-04),2W,Scooter,Ather,Petrol,BS6,0,2,4
2592,REG102593,28-09-2024,2024,Tamil Nadu,Salem (TN-30),2W,Moped,TVS,Petrol,BS6,160,2,0
2593,REG102594,16-09-2021,2021,West Bengal,Durgapur (WB-40),2W,Moped,TVS,Petrol,BS6,350,2,3
2594,REG102595,07-10-2022,2022,Karnataka,Belgaum (KA-22),4W,Sedan,Tata Motors,Petrol,BS6,2179,5,2
2595,REG102596,24-12-2022,2022,Rajasthan,Ajmer (RJ-01),OTH,Crane,Mahindra,Diesel,BS6,3760,2,2
2596,REG102597,03-11-2022,2022,Kerala,Kozhikode (KL-11),4W,SUV,Honda,Petrol,BS6,0,7,2
2597,REG102598,18-05-2023,2023,Uttar Pradesh,Lucknow (UP-32),4W,SUV,Renault,Diesel,BS6,1968,6,1
2598,REG102599,02-03-2020,2020,Madhya Pradesh,Ujjain (MP-13),2W,Motorcycle,Ola Electric,EV,BS6,0,2,4
2599,REG102600,04-01-2021,2021,Telangana,Hyderabad (TS-09),4W,Sedan,Honda,Petrol,BS6,1000,8,3
2600,REG102601,19-06-2022,2022,Rajasthan,Kota (RJ-20),LCV,Light Bus,Force Motors,CNG,BS6,0,15,2
2601,REG102602,11-05-2019,2019,Telangana,Karimnagar (TS-01),2W,Scooter,KTM,Petrol,BS4,350,2,5
2602,REG102603,01-08-2022,2022,Uttar Pradesh,Agra (UP-80),2W,Motorcycle,Suzuki,EV,BS6,0,2,2
2603,REG102604,16-06-2021,2021,Tamil Nadu,Madurai (TN-58),4W,SUV,Hyundai,Diesel,BS6,1000,6,3
2604,REG102605,30-08-2022,2022,Tamil Nadu,Madurai (TN-58),LCV,Pickup Van,Tata Motors,EV,BS6,0,9,2
2605,REG102606,30-04-2018,2018,Tamil Nadu,Coimbatore (TN-37),2W,Scooter,Ather,Petrol,BS3,0,2,6
2606,REG102607,15-11-2021,2021,West Bengal,Kolkata (WB-01),4W,MUV,Maruti Suzuki,Petrol,BS6,1498,7,3
2607,REG102608,20-06-2018,2018,Tamil Nadu,Coimbatore (TN-37),3W,E-Rickshaw,Bajaj,CNG,BS4,200,7,6
2608,REG102609,09-12-2019,2019,Punjab,Patiala (PB-11),2W,Moped,Royal Enfield,Hybrid,BS4,0,2,5
2609,REG102610,07-09-2022,2022,Maharashtra,Aurangabad (MH-20),4W,Hatchback,Skoda,Diesel,BS6,1197,7,2
2610,REG102611,27-09-2021,2021,Rajasthan,Jodhpur (RJ-19),4W,Hatchback,Mahindra,Diesel,BS6,800,7,3
2611,REG102612,18-09-2023,2023,Rajasthan,Jaipur (RJ-14),3W,E-Rickshaw,Mahindra,Petrol,BS6,200,7,1
2612,REG102613,27-10-2023,2023,Rajasthan,Udaipur (RJ-27),4W,Sedan,Skoda,Petrol,BS6,0,5,1
2613,REG102614,23-01-2021,2021,Tamil Nadu,Salem (TN-30),2W,Moped,Ola Electric,Petrol,BS6,0,2,3
2614,REG102615,28-08-2021,2021,Karnataka,Hubli (KA-25),HCV,Bus,Volvo,Diesel,BS6,4998,32,3
2615,REG102616,30-09-2022,2022,Tamil Nadu,Chennai Central (TN-01),2W,Moped,KTM,CNG,BS6,250,2,2
2616,REG102617,17-05-2022,2022,West Bengal,Durgapur (WB-40),4W,Hatchback,Kia,Petrol,BS6,0,6,2
2617,REG102618,24-09-2021,2021,Delhi,Delhi Central (DL-01),3W,Tempo,Piaggio,EV,BS6,0,7,3
2618,REG102619,28-03-2023,2023,Telangana,Nizamabad (TS-05),2W,Scooter,TVS,Petrol,BS6,250,2,1
2619,REG102620,04-08-2021,2021,Maharashtra,Nagpur (MH-31),4W,MUV,Skoda,Hybrid,BS6,2179,7,3
2620,REG102621,04-04-2018,2018,Telangana,Warangal (TS-03),2W,Scooter,Bajaj,CNG,BS4,0,2,6
2621,REG102622,31-05-2022,2022,Delhi,Delhi Central (DL-01),2W,Moped,Honda,EV,BS6,0,2,2
2622,REG102623,04-08-2022,2022,Uttar Pradesh,Agra (UP-80),4W,SUV,Honda,CNG,BS6,1197,6,2
2623,REG102624,24-10-2022,2022,Tamil Nadu,Salem (TN-30),4W,Sedan,MG,Petrol,BS6,800,6,2
2624,REG102625,08-08-2023,2023,Tamil Nadu,Coimbatore (TN-37),3W,Tempo,Bajaj,CNG,BS6,250,6,1
2625,REG102626,26-08-2024,2024,Kerala,Kollam (KL-02),4W,MUV,Maruti Suzuki,EV,BS6,0,7,0
2626,REG102627,31-10-2021,2021,Kerala,Kozhikode (KL-11),2W,Scooter,Suzuki,EV,BS6,0,2,3
2627,REG102628,03-02-2020,2020,Karnataka,Belgaum (KA-22),4W,Hatchback,MG,Hybrid,BS6,1598,5,4
2628,REG102629,30-12-2024,2024,Rajasthan,Udaipur (RJ-27),4W,SUV,Toyota,Diesel,BS6,1968,6,0
2629,REG102630,26-09-2022,2022,Uttar Pradesh,Allahabad (UP-70),2W,Scooter,Ather,EV,BS6,0,2,2
2630,REG102631,14-12-2020,2020,Tamil Nadu,Chennai Central (TN-01),4W,MUV,Hyundai,Petrol,BS6,1000,6,4
2631,REG102632,21-02-2024,2024,Karnataka,Belgaum (KA-22),2W,Scooter,Honda,EV,BS6,0,2,0
2632,REG102633,10-03-2019,2019,Punjab,Patiala (PB-11),3W,E-Rickshaw,Kinetic Green,Petrol,BS6,200,7,5
2633,REG102634,19-01-2024,2024,West Bengal,Kolkata (WB-01),HCV,Tanker,MAN,EV,BS6,0,1,0
2634,REG102635,11-10-2022,2022,West Bengal,Asansol (WB-39),2W,Scooter,TVS,EV,BS6,0,2,2
2635,REG102636,04-12-2024,2024,Delhi,Delhi East (DL-02),2W,Moped,Ather,EV,BS6,0,2,0
2636,REG102637,17-06-2018,2018,Punjab,Jalandhar (PB-08),HCV,Bus,MAN,Diesel,BS4,6700,52,6
2637,REG102638,17-08-2021,2021,Punjab,Jalandhar (PB-08),LCV,Light Bus,Mahindra,Diesel,BS6,2523,12,3
2638,REG102639,20-11-2021,2021,West Bengal,Howrah (WB-13),4W,Sedan,Mahindra,Petrol,BS6,800,7,3
2639,REG102640,12-12-2022,2022,West Bengal,Kolkata (WB-01),2W,Moped,Honda,EV,BS6,0,2,2
2640,REG102641,03-10-2021,2021,Telangana,Nizamabad (TS-05),4W,SUV,Kia,Petrol,BS6,1462,5,3
2641,REG102642,19-03-2024,2024,Karnataka,Hubli (KA-25),2W,Scooter,Hero,EV,BS6,0,2,0
2642,REG102643,15-06-2024,2024,Madhya Pradesh,Gwalior (MP-07),LCV,Mini Truck,Force Motors,Diesel,BS6,0,15,0
2643,REG102644,14-03-2022,2022,Punjab,Chandigarh (CH-01),4W,MUV,MG,CNG,BS6,1462,7,2
2644,REG102645,22-10-2021,2021,Madhya Pradesh,Gwalior (MP-07),2W,Moped,Royal Enfield,Petrol,BS6,160,2,3
2645,REG102646,10-08-2023,2023,Maharashtra,Pune (MH-12),4W,MUV,Honda,Petrol,BS6,1462,6,1
2646,REG102647,30-06-2020,2020,Punjab,Amritsar (PB-02),3W,E-Rickshaw,Atul Auto,EV,BS6,0,6,4
2647,REG102648,14-10-2019,2019,West Bengal,Howrah (WB-13),4W,Sedan,MG,Petrol,BS4,1462,5,5
2648,REG102649,04-06-2024,2024,Tamil Nadu,Trichy (TN-45),4W,SUV,Renault,Diesel,BS6,1197,6,0
2649,REG102650,11-05-2022,2022,Delhi,Delhi East (DL-02),2W,Scooter,Yamaha,Petrol,BS6,400,2,2
2650,REG102651,29-05-2024,2024,Delhi,Delhi South (DL-09),2W,Scooter,Hero,EV,BS6,0,2,0
2651,REG102652,02-07-2023,2023,West Bengal,Durgapur (WB-40),2W,Moped,Honda,Petrol,BS6,400,2,1
2652,REG102653,28-02-2024,2024,Gujarat,Ahmedabad (GJ-01),HCV,Tanker,Volvo,CNG,BS6,6700,1,0
2653,REG102654,27-07-2022,2022,West Bengal,Kolkata (WB-01),2W,Motorcycle,TVS,Petrol,BS6,0,2,2
2654,REG102655,21-05-2023,2023,Telangana,Hyderabad (TS-09),4W,SUV,Hyundai,Petrol,BS6,2179,8,1
2655,REG102656,28-05-2023,2023,Kerala,Thiruvananthapuram (KL-01),4W,SUV,Renault,Petrol,BS6,800,6,1
2656,REG102657,19-03-2023,2023,Punjab,Ludhiana (PB-10),4W,SUV,Mahindra,Petrol,BS6,1968,7,1
2657,REG102658,01-08-2022,2022,Kerala,Thiruvananthapuram (KL-01),4W,MUV,Tata Motors,Petrol,BS6,1968,8,2
2658,REG102659,01-01-2022,2022,West Bengal,Kolkata (WB-01),4W,MUV,Honda,Diesel,BS6,1197,7,2
2659,REG102660,10-03-2019,2019,Kerala,Thrissur (KL-08),HCV,Trailer,Ashok Leyland,Diesel,BS4,4998,32,5
2660,REG102661,11-10-2022,2022,Punjab,Patiala (PB-11),4W,Hatchback,Mahindra,Hybrid,BS6,1462,8,2
2661,REG102662,06-02-2024,2024,West Bengal,Durgapur (WB-40),4W,Hatchback,Hyundai,Diesel,BS6,1598,6,0
2662,REG102663,26-03-2021,2021,Madhya Pradesh,Gwalior (MP-07),2W,Scooter,Honda,Petrol,BS6,150,2,3
2663,REG102664,13-03-2022,2022,Delhi,Delhi West (DL-08),2W,Scooter,Suzuki,Petrol,BS6,250,2,2
2664,REG102665,04-02-2019,2019,Maharashtra,Mumbai Central (MH-01),4W,Sedan,MG,Hybrid,BS4,1598,8,5
2665,REG102666,15-05-2023,2023,Punjab,Amritsar (PB-02),2W,Motorcycle,TVS,EV,BS6,0,2,1
2666,REG102667,21-06-2018,2018,Gujarat,Gandhinagar (GJ-18),2W,Motorcycle,Ather,Petrol,BS4,0,2,6
2667,REG102668,23-07-2020,2020,Karnataka,Mysore (KA-09),LCV,Pickup Van,Ashok Leyland,CNG,BS6,0,9,4
2668,REG102669,04-05-2021,2021,Tamil Nadu,Trichy (TN-45),HCV,Bus,Eicher,Diesel,BS4,4998,1,3
2669,REG102670,25-10-2023,2023,Gujarat,Vadodara (GJ-06),2W,Moped,Honda,Petrol,BS6,150,2,1
2670,REG102671,29-10-2022,2022,Tamil Nadu,Madurai (TN-58),2W,Scooter,Ola Electric,EV,BS6,0,2,2
2671,REG102672,27-05-2018,2018,Delhi,Delhi Central (DL-01),2W,Moped,Hero,Petrol,BS4,150,2,6
2672,REG102673,27-09-2020,2020,West Bengal,Siliguri (WB-73),4W,MUV,Hyundai,Diesel,BS4,1598,5,4
2673,REG102674,13-02-2021,2021,Maharashtra,Mumbai Central (MH-01),4W,MUV,Mahindra,Petrol,BS6,1598,5,3
2674,REG102675,08-01-2020,2020,Karnataka,Hubli (KA-25),2W,Scooter,Ather,Petrol,BS6,0,2,4
2675,REG102676,26-09-2023,2023,Telangana,Hyderabad (TS-09),4W,Hatchback,Maruti Suzuki,CNG,BS6,1598,8,1
2676,REG102677,02-01-2023,2023,Gujarat,Surat (GJ-05),2W,Scooter,Hero,Petrol,BS6,125,2,1
2677,REG102678,27-12-2024,2024,Uttar Pradesh,Allahabad (UP-70),4W,Sedan,Hyundai,Diesel,BS6,1462,5,0
2678,REG102679,20-06-2024,2024,Uttar Pradesh,Lucknow (UP-32),2W,Motorcycle,Hero,Petrol,BS6,200,2,0
2679,REG102680,29-05-2023,2023,Kerala,Thiruvananthapuram (KL-01),4W,Sedan,Tata Motors,Petrol,BS6,1197,5,1
2680,REG102681,28-10-2020,2020,Uttar Pradesh,Varanasi (UP-65),3W,Auto Rickshaw,TVS,CNG,BS4,225,3,4
2681,REG102682,11-03-2022,2022,Karnataka,Mangalore (KA-19),2W,Motorcycle,Bajaj,CNG,BS6,125,2,2
2682,REG102683,01-04-2019,2019,Gujarat,Ahmedabad (GJ-01),2W,Scooter,Bajaj,EV,BS4,0,2,5
2683,REG102684,24-01-2023,2023,Rajasthan,Udaipur (RJ-27),2W,Motorcycle,Honda,EV,BS6,0,2,1
2684,REG102685,27-04-2022,2022,Karnataka,Mysore (KA-09),2W,Scooter,Bajaj,Petrol,BS6,125,2,2
2685,REG102686,10-05-2020,2020,Rajasthan,Jodhpur (RJ-19),3W,Auto Rickshaw,Piaggio,CNG,BS6,250,6,4
2686,REG102687,02-06-2022,2022,Madhya Pradesh,Gwalior (MP-07),2W,Motorcycle,Royal Enfield,Petrol,BS6,0,2,2
2687,REG102688,09-04-2022,2022,West Bengal,Siliguri (WB-73),4W,Sedan,Kia,CNG,BS6,1498,6,2
2688,REG102689,10-12-2023,2023,Kerala,Thiruvananthapuram (KL-01),4W,SUV,Mahindra,Diesel,BS6,2179,6,1
2689,REG102690,02-07-2022,2022,Gujarat,Gandhinagar (GJ-18),4W,SUV,Tata Motors,CNG,BS6,1968,5,2
2690,REG102691,17-05-2022,2022,Rajasthan,Jodhpur (RJ-19),OTH,Crane,John Deere,Diesel,BS6,6700,45,2
2691,REG102692,17-05-2021,2021,Tamil Nadu,Madurai (TN-58),4W,Hatchback,Skoda,Diesel,BS6,2179,7,3
2692,REG102693,19-05-2021,2021,Delhi,Delhi East (DL-02),2W,Moped,Yamaha,Petrol,BS6,250,2,3
2693,REG102694,25-12-2022,2022,Uttar Pradesh,Agra (UP-80),4W,SUV,Mahindra,CNG,BS6,1968,6,2
2694,REG102695,18-07-2021,2021,Madhya Pradesh,Ujjain (MP-13),4W,SUV,Mahindra,Petrol,BS6,2179,6,3
2695,REG102696,24-12-2022,2022,Gujarat,Ahmedabad (GJ-01),2W,Motorcycle,TVS,EV,BS6,0,2,2
2696,REG102697,29-07-2024,2024,Delhi,Delhi South (DL-09),HCV,Trailer,Volvo,Diesel,BS6,0,32,0
2697,REG102698,03-10-2023,2023,Telangana,Karimnagar (TS-01),2W,Moped,Hero,Petrol,BS6,125,2,1
2698,REG102699,07-10-2022,2022,Gujarat,Gandhinagar (GJ-18),3W,Tempo,Piaggio,EV,BS6,0,6,2
2699,REG102700,02-12-2019,2019,Karnataka,Hubli (KA-25),LCV,Light Bus,Eicher,Diesel,BS4,2956,15,5
2700,REG102701,31-01-2022,2022,West Bengal,Kolkata (WB-01),2W,Motorcycle,KTM,Petrol,BS6,350,2,2
2701,REG102702,04-09-2022,2022,Kerala,Kochi (KL-07),4W,Hatchback,Hyundai,Petrol,BS6,0,5,2
2702,REG102703,27-05-2019,2019,Telangana,Warangal (TS-03),2W,Scooter,Ola Electric,Petrol,BS4,0,2,5
2703,REG102704,15-03-2021,2021,Delhi,Delhi South (DL-09),4W,MUV,Honda,Petrol,BS6,1197,8,3
2704,REG102705,13-03-2022,2022,Kerala,Kozhikode (KL-11),2W,Scooter,Bajaj,Petrol,BS6,0,2,2
2705,REG102706,10-02-2022,2022,Punjab,Amritsar (PB-02),2W,Scooter,Ola Electric,Petrol,BS6,0,2,2
2706,REG102707,29-07-2022,2022,Tamil Nadu,Salem (TN-30),4W,MUV,Kia,CNG,BS6,2179,5,2
2707,REG102708,19-07-2019,2019,Uttar Pradesh,Allahabad (UP-70),2W,Scooter,Bajaj,EV,BS4,0,2,5
2708,REG102709,18-10-2023,2023,Tamil Nadu,Madurai (TN-58),4W,Hatchback,Hyundai,Diesel,BS6,1498,5,1
2709,REG102710,03-08-2022,2022,Karnataka,Mysore (KA-09),2W,Scooter,Royal Enfield,Petrol,BS6,350,2,2
2710,REG102711,07-10-2021,2021,Madhya Pradesh,Indore (MP-09),HCV,Trailer,Eicher,Diesel,BS6,5660,1,3
2711,REG102712,08-05-2020,2020,Kerala,Thiruvananthapuram (KL-01),HCV,Tanker,BharatBenz,Diesel,BS6,0,1,4
2712,REG102713,03-12-2023,2023,Karnataka,Mangalore (KA-19),2W,Scooter,Ola Electric,EV,BS6,0,2,1
2713,REG102714,01-08-2020,2020,Maharashtra,Mumbai Central (MH-01),LCV,Light Bus,Mahindra,Diesel,BS6,0,9,4
2714,REG102715,30-05-2022,2022,Uttar Pradesh,Allahabad (UP-70),OTH,Road Roller,Mahindra,Diesel,BS6,4998,1,2
2715,REG102716,31-01-2022,2022,Delhi,Delhi West (DL-08),3W,Tempo,TVS,CNG,BS6,225,6,2
2716,REG102717,05-09-2024,2024,Delhi,Delhi Central (DL-01),2W,Moped,KTM,EV,BS6,0,2,0
2717,REG102718,20-02-2021,2021,Karnataka,Mysore (KA-09),HCV,Tanker,Tata Motors,Diesel,BS6,3760,45,3
2718,REG102719,11-03-2023,2023,Karnataka,Mysore (KA-09),LCV,Light Bus,Tata Motors,CNG,BS6,3298,12,1
2719,REG102720,03-03-2019,2019,Madhya Pradesh,Bhopal (MP-04),2W,Moped,Ather,EV,BS4,0,2,5
2720,REG102721,08-02-2024,2024,Telangana,Karimnagar (TS-01),LCV,Pickup Van,Ashok Leyland,Diesel,BS6,2956,12,0
2721,REG102722,02-05-2020,2020,West Bengal,Asansol (WB-39),2W,Scooter,Royal Enfield,Petrol,BS6,400,2,4
2722,REG102723,13-07-2024,2024,Karnataka,Bangalore Central (KA-01),HCV,Tanker,Volvo,Diesel,BS6,3760,52,0
2723,REG102724,08-02-2021,2021,Gujarat,Surat (GJ-05),2W,Motorcycle,Honda,Petrol,BS6,150,2,3
2724,REG102725,05-04-2023,2023,Karnataka,Hubli (KA-25),2W,Motorcycle,Suzuki,EV,BS6,0,2,1
2725,REG102726,01-12-2024,2024,Karnataka,Mangalore (KA-19),4W,SUV,Toyota,Petrol,BS6,2179,7,0
2726,REG102727,29-12-2023,2023,Karnataka,Bangalore Central (KA-01),2W,Scooter,Royal Enfield,EV,BS6,0,2,1
2727,REG102728,06-08-2024,2024,Punjab,Patiala (PB-11),4W,SUV,Renault,Diesel,BS6,1968,7,0
2728,REG102729,30-10-2018,2018,Telangana,Khammam (TS-07),OTH,Road Roller,TAFE,Diesel,BS4,5660,45,6
2729,REG102730,01-06-2021,2021,West Bengal,Durgapur (WB-40),HCV,Tanker,Ashok Leyland,Diesel,BS6,4998,2,3
2730,REG102731,27-07-2023,2023,West Bengal,Kolkata (WB-01),3W,E-Rickshaw,Mahindra,CNG,BS6,250,3,1
2731,REG102732,01-12-2018,2018,Gujarat,Rajkot (GJ-03),LCV,Pickup Van,Tata Motors,CNG,BS4,3298,9,6
2732,REG102733,02-04-2024,2024,Delhi,Delhi Central (DL-01),OTH,Crane,Escorts,Diesel,BS6,5660,1,0
2733,REG102734,28-07-2024,2024,Kerala,Kollam (KL-02),2W,Motorcycle,Hero,Petrol,BS6,400,2,0
2734,REG102735,30-08-2022,2022,Punjab,Chandigarh (CH-01),4W,Hatchback,MG,Petrol,BS6,1968,6,2
2735,REG102736,14-03-2020,2020,Delhi,Delhi South (DL-09),4W,Hatchback,Toyota,EV,BS6,0,6,4
2736,REG102737,21-03-2021,2021,Tamil Nadu,Coimbatore (TN-37),4W,SUV,Maruti Suzuki,Diesel,BS6,0,6,3
2737,REG102738,11-10-2021,2021,Rajasthan,Ajmer (RJ-01),4W,SUV,Maruti Suzuki,Petrol,BS6,1498,8,3
2738,REG102739,10-06-2021,2021,Punjab,Chandigarh (CH-01),2W,Motorcycle,Honda,Petrol,BS6,150,2,3
2739,REG102740,12-08-2022,2022,Rajasthan,Udaipur (RJ-27),HCV,Bus,MAN,Diesel,BS6,5660,1,2
2740,REG102741,15-01-2022,2022,Madhya Pradesh,Gwalior (MP-07),HCV,Truck,Eicher,EV,BS6,0,52,2
2741,REG102742,18-06-2021,2021,Maharashtra,Mumbai Central (MH-01),2W,Scooter,Honda,EV,BS6,0,2,3
2742,REG102743,14-05-2024,2024,Gujarat,Ahmedabad (GJ-01),4W,Sedan,Renault,Hybrid,BS6,1498,8,0
2743,REG102744,25-11-2018,2018,Telangana,Karimnagar (TS-01),4W,SUV,Tata Motors,CNG,BS4,0,6,6
2744,REG102745,11-12-2023,2023,Maharashtra,Nashik (MH-15),2W,Scooter,KTM,EV,BS6,0,2,1
2745,REG102746,13-11-2020,2020,West Bengal,Asansol (WB-39),4W,Hatchback,Tata Motors,Petrol,BS6,2179,7,4
2746,REG102747,10-09-2022,2022,Delhi,Delhi North (DL-04),4W,Hatchback,Toyota,Diesel,BS6,1598,7,2
2747,REG102748,02-08-2024,2024,Kerala,Thiruvananthapuram (KL-01),4W,SUV,Tata Motors,CNG,BS6,1968,5,0
2748,REG102749,08-01-2023,2023,Kerala,Kozhikode (KL-11),2W,Motorcycle,Ather,EV,BS6,0,2,1
2749,REG102750,19-05-2020,2020,Karnataka,Bangalore Central (KA-01),2W,Scooter,KTM,Petrol,BS4,200,2,4
2750,REG102751,03-08-2021,2021,West Bengal,Kolkata (WB-01),2W,Scooter,TVS,EV,BS6,0,2,3
2751,REG102752,19-09-2020,2020,Karnataka,Hubli (KA-25),4W,Hatchback,Tata Motors,Diesel,BS6,1498,6,4
2752,REG102753,24-08-2021,2021,West Bengal,Siliguri (WB-73),4W,Sedan,Skoda,Diesel,BS6,2179,6,3
2753,REG102754,30-03-2020,2020,Rajasthan,Jaipur (RJ-14),4W,Sedan,Mahindra,Hybrid,BS6,1462,7,4
2754,REG102755,26-02-2023,2023,Telangana,Hyderabad (TS-09),4W,SUV,Hyundai,Diesel,BS6,1598,7,1
2755,REG102756,27-10-2021,2021,Delhi,Delhi North (DL-04),4W,SUV,Renault,Diesel,BS6,800,8,3
2756,REG102757,20-08-2021,2021,Tamil Nadu,Salem (TN-30),4W,MUV,Maruti Suzuki,Petrol,BS6,800,6,3
2757,REG102758,12-02-2021,2021,Delhi,Delhi East (DL-02),4W,SUV,Skoda,Petrol,BS6,1598,6,3
2758,REG102759,05-04-2022,2022,Telangana,Karimnagar (TS-01),2W,Scooter,Hero,Petrol,BS6,0,2,2
2759,REG102760,12-03-2024,2024,Punjab,Chandigarh (CH-01),2W,Motorcycle,KTM,Petrol,BS6,125,2,0
2760,REG102761,02-07-2020,2020,Maharashtra,Nagpur (MH-31),2W,Scooter,Ather,Hybrid,BS6,0,2,4
2761,REG102762,22-07-2022,2022,Punjab,Ludhiana (PB-10),LCV,Pickup Van,Eicher,Diesel,BS6,2956,9,2
2762,REG102763,03-06-2020,2020,Rajasthan,Jaipur (RJ-14),OTH,Tractor,TAFE,Diesel,BS6,0,32,4
2763,REG102764,23-10-2022,2022,Maharashtra,Pune (MH-12),2W,Scooter,Honda,CNG,BS6,150,2,2
2764,REG102765,06-11-2022,2022,Madhya Pradesh,Indore (MP-09),2W,Moped,Bajaj,EV,BS6,0,2,2
2765,REG102766,12-07-2021,2021,Maharashtra,Mumbai Central (MH-01),4W,Sedan,Skoda,EV,BS6,0,6,3
2766,REG102767,01-07-2022,2022,Rajasthan,Udaipur (RJ-27),4W,SUV,MG,Petrol,BS6,1498,5,2
2767,REG102768,26-06-2021,2021,Kerala,Thrissur (KL-08),4W,Sedan,Mahindra,Petrol,BS4,1462,6,3
2768,REG102769,08-02-2024,2024,Kerala,Kochi (KL-07),2W,Scooter,KTM,EV,BS6,0,2,0
2769,REG102770,02-03-2022,2022,Rajasthan,Udaipur (RJ-27),2W,Moped,Royal Enfield,Petrol,BS6,0,2,2
2770,REG102771,08-08-2023,2023,Gujarat,Vadodara (GJ-06),2W,Moped,Honda,Petrol,BS6,250,2,1
2771,REG102772,03-08-2022,2022,Kerala,Thrissur (KL-08),2W,Scooter,TVS,EV,BS6,0,2,2
2772,REG102773,14-06-2023,2023,Tamil Nadu,Chennai Central (TN-01),4W,Sedan,Renault,Petrol,BS6,2179,5,1
2773,REG102774,28-02-2020,2020,Uttar Pradesh,Lucknow (UP-32),4W,Hatchback,Tata Motors,Petrol,BS4,1968,8,4
2774,REG102775,20-11-2023,2023,Madhya Pradesh,Ujjain (MP-13),4W,MUV,Maruti Suzuki,Diesel,BS6,1968,6,1
2775,REG102776,21-03-2022,2022,Rajasthan,Jodhpur (RJ-19),2W,Motorcycle,KTM,Petrol,BS6,110,2,2
2776,REG102777,12-02-2021,2021,Tamil Nadu,Salem (TN-30),4W,SUV,Renault,Diesel,BS6,1000,7,3
2777,REG102778,20-08-2024,2024,Tamil Nadu,Trichy (TN-45),2W,Motorcycle,Hero,Petrol,BS6,200,2,0
2778,REG102779,15-03-2023,2023,Delhi,Delhi South (DL-09),4W,Sedan,Mahindra,EV,BS6,0,8,1
2779,REG102780,01-10-2020,2020,Rajasthan,Ajmer (RJ-01),4W,MUV,Honda,CNG,BS6,1498,5,4
2780,REG102781,24-06-2021,2021,West Bengal,Asansol (WB-39),2W,Moped,KTM,Petrol,BS6,150,2,3
2781,REG102782,29-06-2024,2024,Telangana,Warangal (TS-03),2W,Motorcycle,Royal Enfield,CNG,BS6,125,2,0
2782,REG102783,07-07-2024,2024,Kerala,Thrissur (KL-08),2W,Motorcycle,Suzuki,EV,BS6,0,2,0
2783,REG102784,07-09-2020,2020,Tamil Nadu,Salem (TN-30),2W,Scooter,Yamaha,Petrol,BS6,200,2,4
2784,REG102785,27-09-2024,2024,Madhya Pradesh,Jabalpur (MP-20),2W,Scooter,Ola Electric,EV,BS6,0,2,0
2785,REG102786,28-05-2023,2023,Telangana,Nizamabad (TS-05),4W,Sedan,Tata Motors,Petrol,BS6,1598,5,1
2786,REG102787,07-03-2024,2024,Maharashtra,Nagpur (MH-31),2W,Motorcycle,Yamaha,Petrol,BS6,0,2,0
2787,REG102788,04-08-2023,2023,Uttar Pradesh,Agra (UP-80),2W,Scooter,Honda,Petrol,BS6,125,2,1
2788,REG102789,12-01-2023,2023,West Bengal,Siliguri (WB-73),4W,Sedan,Skoda,Petrol,BS6,2179,6,1
2789,REG102790,03-12-2019,2019,Gujarat,Vadodara (GJ-06),LCV,Mini Truck,Mahindra,CNG,BS4,3298,9,5
2790,REG102791,25-12-2022,2022,Tamil Nadu,Coimbatore (TN-37),4W,SUV,MG,Diesel,BS6,800,7,2
2791,REG102792,30-05-2019,2019,Rajasthan,Udaipur (RJ-27),4W,MUV,Tata Motors,Diesel,BS4,800,8,5
2792,REG102793,12-10-2019,2019,Maharashtra,Pune (MH-12),2W,Moped,Ather,Petrol,BS4,0,2,5
2793,REG102794,24-12-2018,2018,Delhi,Delhi East (DL-02),2W,Moped,TVS,CNG,BS4,160,2,6
2794,REG102795,07-01-2023,2023,Rajasthan,Jaipur (RJ-14),4W,MUV,MG,Diesel,BS6,1968,6,1
2795,REG102796,19-03-2019,2019,Uttar Pradesh,Kanpur (UP-78),4W,MUV,Mahindra,Petrol,BS4,800,5,5
2796,REG102797,06-10-2023,2023,Kerala,Kollam (KL-02),2W,Scooter,TVS,Petrol,BS6,150,2,1
2797,REG102798,27-03-2018,2018,Delhi,Delhi East (DL-02),2W,Scooter,Ola Electric,Petrol,BS4,0,2,6
2798,REG102799,05-01-2023,2023,Punjab,Jalandhar (PB-08),3W,Tempo,Kinetic Green,CNG,BS6,250,7,1
2799,REG102800,09-07-2019,2019,Madhya Pradesh,Gwalior (MP-07),4W,SUV,Honda,CNG,BS4,1968,7,5
2800,REG102801,17-02-2023,2023,Punjab,Chandigarh (CH-01),2W,Motorcycle,TVS,Petrol,BS6,0,2,1
2801,REG102802,30-05-2019,2019,Delhi,Delhi West (DL-08),2W,Moped,Hero,Petrol,BS4,250,2,5
2802,REG102803,25-09-2024,2024,Karnataka,Mangalore (KA-19),2W,Moped,Hero,EV,BS6,0,2,0
2803,REG102804,04-05-2021,2021,Punjab,Chandigarh (CH-01),2W,Moped,Honda,Petrol,BS6,110,2,3
2804,REG102805,08-04-2023,2023,Rajasthan,Udaipur (RJ-27),2W,Moped,Yamaha,Petrol,BS6,400,2,1
2805,REG102806,30-06-2021,2021,Madhya Pradesh,Bhopal (MP-04),2W,Moped,Bajaj,EV,BS6,0,2,3
2806,REG102807,11-06-2024,2024,Maharashtra,Pune (MH-12),2W,Moped,Hero,Petrol,BS6,250,2,0
2807,REG102808,20-01-2018,2018,Gujarat,Rajkot (GJ-03),2W,Scooter,Ather,Petrol,BS4,0,2,6
2808,REG102809,15-04-2022,2022,West Bengal,Kolkata (WB-01),2W,Moped,Ather,CNG,BS6,0,2,2
2809,REG102810,21-09-2024,2024,Kerala,Thiruvananthapuram (KL-01),2W,Motorcycle,Yamaha,EV,BS6,0,2,0
2810,REG102811,31-12-2021,2021,Karnataka,Bangalore Central (KA-01),4W,MUV,Honda,Diesel,BS6,0,6,3
2811,REG102812,20-06-2023,2023,Madhya Pradesh,Indore (MP-09),2W,Motorcycle,KTM,Petrol,BS6,400,2,1
2812,REG102813,17-06-2022,2022,Delhi,Delhi West (DL-08),2W,Scooter,Ather,Petrol,BS6,0,2,2
2813,REG102814,01-12-2024,2024,Kerala,Kochi (KL-07),4W,Sedan,Toyota,Petrol,BS6,0,6,0
2814,REG102815,25-12-2022,2022,Gujarat,Surat (GJ-05),2W,Moped,TVS,Petrol,BS4,350,2,2
2815,REG102816,08-08-2023,2023,Rajasthan,Ajmer (RJ-01),2W,Moped,Yamaha,EV,BS6,0,2,1
2816,REG102817,23-06-2020,2020,West Bengal,Asansol (WB-39),LCV,Mini Truck,Mahindra,Diesel,BS6,2956,9,4
2817,REG102818,24-04-2022,2022,West Bengal,Howrah (WB-13),3W,E-Rickshaw,Mahindra,EV,BS6,0,6,2
2818,REG102819,09-07-2019,2019,Karnataka,Hubli (KA-25),4W,Hatchback,Tata Motors,Diesel,BS4,1498,8,5
2819,REG102820,01-10-2024,2024,Karnataka,Mysore (KA-09),2W,Moped,KTM,Petrol,BS6,0,2,0
2820,REG102821,27-03-2023,2023,West Bengal,Howrah (WB-13),LCV,Mini Truck,Force Motors,EV,BS6,0,12,1
2821,REG102822,13-06-2022,2022,West Bengal,Siliguri (WB-73),HCV,Truck,Tata Motors,EV,BS6,0,45,2
2822,REG102823,15-08-2022,2022,Madhya Pradesh,Ujjain (MP-13),HCV,Bus,Tata Motors,EV,BS6,0,2,2
2823,REG102824,08-09-2021,2021,Karnataka,Bangalore Central (KA-01),4W,SUV,Tata Motors,Petrol,BS6,1462,5,3
2824,REG102825,31-12-2019,2019,Rajasthan,Udaipur (RJ-27),LCV,Light Bus,Force Motors,Diesel,BS4,0,9,5
2825,REG102826,11-08-2021,2021,Madhya Pradesh,Ujjain (MP-13),4W,MUV,Hyundai,Diesel,BS6,1598,8,3
2826,REG102827,26-09-2023,2023,Uttar Pradesh,Varanasi (UP-65),2W,Motorcycle,Ola Electric,EV,BS6,0,2,1
2827,REG102828,24-03-2023,2023,Delhi,Delhi West (DL-08),4W,Hatchback,Maruti Suzuki,CNG,BS6,1498,6,1
2828,REG102829,22-12-2022,2022,Madhya Pradesh,Jabalpur (MP-20),4W,SUV,Mahindra,Hybrid,BS6,1197,6,2
2829,REG102830,11-01-2023,2023,Karnataka,Belgaum (KA-22),2W,Scooter,Bajaj,EV,BS6,0,2,1
2830,REG102831,10-09-2023,2023,Kerala,Kozhikode (KL-11),3W,Auto Rickshaw,Mahindra,CNG,BS6,200,3,1
2831,REG102832,03-08-2021,2021,Rajasthan,Jaipur (RJ-14),4W,Hatchback,Maruti Suzuki,Petrol,BS6,800,5,3
2832,REG102833,14-05-2023,2023,Telangana,Hyderabad (TS-09),2W,Scooter,Ather,EV,BS6,0,2,1
2833,REG102834,14-09-2021,2021,Rajasthan,Ajmer (RJ-01),3W,Tempo,Piaggio,CNG,BS6,225,6,3
2834,REG102835,16-02-2021,2021,West Bengal,Kolkata (WB-01),4W,Hatchback,Kia,CNG,BS6,1498,8,3
2835,REG102836,12-01-2023,2023,Delhi,Delhi South (DL-09),HCV,Tanker,Volvo,CNG,BS6,4998,1,1
2836,REG102837,13-03-2020,2020,West Bengal,Howrah (WB-13),4W,MUV,Honda,Diesel,BS6,1498,8,4
2837,REG102838,29-05-2022,2022,Telangana,Nizamabad (TS-05),2W,Moped,TVS,CNG,BS6,100,2,2
2838,REG102839,14-02-2021,2021,Maharashtra,Mumbai Central (MH-01),4W,Sedan,Maruti Suzuki,Diesel,BS6,1498,8,3
2839,REG102840,15-03-2021,2021,Maharashtra,Nagpur (MH-31),2W,Motorcycle,Ather,Hybrid,BS6,0,2,3
2840,REG102841,11-04-2024,2024,Karnataka,Mangalore (KA-19),HCV,Bus,MAN,Diesel,BS6,4998,32,0
2841,REG102842,30-01-2019,2019,Uttar Pradesh,Kanpur (UP-78),2W,Moped,Bajaj,Petrol,BS4,100,2,5
2842,REG102843,24-09-2019,2019,Punjab,Chandigarh (CH-01),3W,Tempo,Atul Auto,CNG,BS4,200,7,5
2843,REG102844,21-06-2022,2022,Maharashtra,Nagpur (MH-31),LCV,Light Bus,Tata Motors,Diesel,BS6,3298,9,2
2844,REG102845,28-04-2023,2023,Rajasthan,Ajmer (RJ-01),LCV,Light Bus,Mahindra,CNG,BS6,2523,12,1
2845,REG102846,20-07-2020,2020,Kerala,Kochi (KL-07),4W,MUV,Honda,Petrol,BS6,1197,5,4
2846,REG102847,20-10-2019,2019,Telangana,Hyderabad (TS-09),2W,Motorcycle,Suzuki,EV,BS6,0,2,5
2847,REG102848,19-01-2020,2020,West Bengal,Durgapur (WB-40),4W,Hatchback,Toyota,EV,BS6,0,6,4
2848,REG102849,17-08-2024,2024,Madhya Pradesh,Indore (MP-09),2W,Moped,Suzuki,EV,BS6,0,2,0
2849,REG102850,06-06-2024,2024,Telangana,Nizamabad (TS-05),OTH,Tractor,Escorts,Diesel,BS6,4998,45,0
2850,REG102851,23-02-2023,2023,Punjab,Ludhiana (PB-10),3W,E-Rickshaw,Kinetic Green,Diesel,BS6,0,6,1
2851,REG102852,03-12-2022,2022,Uttar Pradesh,Varanasi (UP-65),4W,Hatchback,Renault,Diesel,BS6,0,6,2
2852,REG102853,23-07-2019,2019,Uttar Pradesh,Kanpur (UP-78),2W,Moped,Yamaha,Petrol,BS4,125,2,5
2853,REG102854,21-09-2022,2022,West Bengal,Siliguri (WB-73),2W,Motorcycle,TVS,Petrol,BS6,400,2,2
2854,REG102855,16-06-2021,2021,Maharashtra,Aurangabad (MH-20),4W,Sedan,MG,EV,BS6,0,6,3
2855,REG102856,12-06-2022,2022,Telangana,Khammam (TS-07),4W,Hatchback,MG,Petrol,BS6,0,5,2
2856,REG102857,04-11-2020,2020,Tamil Nadu,Madurai (TN-58),2W,Scooter,KTM,EV,BS6,0,2,4
2857,REG102858,13-01-2024,2024,Uttar Pradesh,Agra (UP-80),2W,Motorcycle,Ather,Petrol,BS6,0,2,0
2858,REG102859,18-07-2022,2022,Maharashtra,Mumbai Central (MH-01),HCV,Trailer,Tata Motors,EV,BS4,0,45,2
2859,REG102860,21-07-2024,2024,Telangana,Khammam (TS-07),2W,Motorcycle,TVS,EV,BS6,0,2,0
2860,REG102861,29-01-2022,2022,Karnataka,Belgaum (KA-22),4W,Hatchback,Hyundai,Petrol,BS6,1598,5,2
2861,REG102862,17-08-2023,2023,Maharashtra,Aurangabad (MH-20),2W,Scooter,Ola Electric,CNG,BS6,0,2,1
2862,REG102863,29-10-2018,2018,West Bengal,Durgapur (WB-40),4W,Hatchback,Mahindra,EV,BS4,0,5,6
2863,REG102864,17-09-2018,2018,Karnataka,Bangalore Central (KA-01),4W,Sedan,Toyota,EV,BS4,0,5,6
2864,REG102865,18-03-2023,2023,West Bengal,Durgapur (WB-40),2W,Motorcycle,Suzuki,EV,BS6,0,2,1
2865,REG102866,15-10-2023,2023,Tamil Nadu,Coimbatore (TN-37),LCV,Pickup Van,Eicher,Diesel,BS6,2523,12,1
2866,REG102867,29-03-2024,2024,Tamil Nadu,Chennai Central (TN-01),2W,Scooter,Bajaj,Petrol,BS6,250,2,0
2867,REG102868,22-11-2021,2021,Madhya Pradesh,Jabalpur (MP-20),2W,Moped,Ola Electric,EV,BS6,0,2,3
2868,REG102869,20-07-2023,2023,Maharashtra,Nagpur (MH-31),3W,Tempo,Bajaj,EV,BS6,0,6,1
2869,REG102870,04-07-2024,2024,Madhya Pradesh,Jabalpur (MP-20),2W,Moped,Suzuki,EV,BS6,0,2,0
2870,REG102871,09-10-2021,2021,Gujarat,Vadodara (GJ-06),2W,Scooter,Honda,Petrol,BS6,400,2,3
2871,REG102872,17-09-2023,2023,Madhya Pradesh,Jabalpur (MP-20),2W,Moped,Bajaj,CNG,BS6,150,2,1
2872,REG102873,19-11-2022,2022,Gujarat,Gandhinagar (GJ-18),4W,Sedan,Toyota,EV,BS6,0,8,2
2873,REG102874,16-01-2021,2021,West Bengal,Howrah (WB-13),2W,Scooter,Royal Enfield,EV,BS6,0,2,3
2874,REG102875,30-11-2021,2021,West Bengal,Durgapur (WB-40),3W,Auto Rickshaw,Atul Auto,EV,BS6,0,7,3
2875,REG102876,08-08-2024,2024,Telangana,Warangal (TS-03),4W,SUV,Kia,Petrol,BS6,1598,5,0
2876,REG102877,17-01-2021,2021,Rajasthan,Jaipur (RJ-14),4W,SUV,Toyota,Petrol,BS6,1197,7,3
2877,REG102878,04-11-2020,2020,Uttar Pradesh,Varanasi (UP-65),2W,Motorcycle,Hero,EV,BS6,0,2,4
2878,REG102879,30-10-2022,2022,Punjab,Chandigarh (CH-01),4W,MUV,Mahindra,Hybrid,BS6,1598,7,2
2879,REG102880,03-08-2024,2024,Madhya Pradesh,Gwalior (MP-07),4W,Hatchback,Mahindra,CNG,BS6,1197,7,0
2880,REG102881,03-06-2023,2023,Telangana,Nizamabad (TS-05),2W,Motorcycle,TVS,CNG,BS6,200,2,1
2881,REG102882,13-03-2021,2021,Maharashtra,Pune (MH-12),HCV,Truck,Volvo,Diesel,BS6,6700,52,3
2882,REG102883,21-02-2021,2021,Gujarat,Surat (GJ-05),4W,MUV,Skoda,Hybrid,BS6,1000,6,3
2883,REG102884,16-05-2021,2021,Delhi,Delhi West (DL-08),4W,SUV,Tata Motors,Diesel,BS6,1197,8,3
2884,REG102885,06-07-2023,2023,Madhya Pradesh,Jabalpur (MP-20),LCV,Light Bus,Ashok Leyland,Diesel,BS6,0,9,1
2885,REG102886,13-05-2021,2021,Telangana,Warangal (TS-03),4W,SUV,Toyota,Petrol,BS6,1968,5,3
2886,REG102887,26-06-2022,2022,Punjab,Chandigarh (CH-01),4W,SUV,Hyundai,Petrol,BS6,1598,7,2
2887,REG102888,25-02-2022,2022,Madhya Pradesh,Indore (MP-09),4W,Hatchback,Honda,Petrol,BS6,1968,8,2
2888,REG102889,11-06-2024,2024,Delhi,Delhi East (DL-02),2W,Scooter,Honda,Petrol,BS6,350,2,0
2889,REG102890,05-08-2024,2024,Rajasthan,Udaipur (RJ-27),4W,Sedan,Honda,Petrol,BS6,800,7,0
2890,REG102891,14-11-2020,2020,Telangana,Hyderabad (TS-09),3W,Tempo,Mahindra,Diesel,BS6,200,6,4
2891,REG102892,13-11-2023,2023,Punjab,Ludhiana (PB-10),2W,Scooter,Bajaj,Petrol,BS6,0,2,1
2892,REG102893,18-06-2021,2021,Rajasthan,Jaipur (RJ-14),2W,Scooter,Hero,Petrol,BS6,0,2,3
2893,REG102894,29-03-2020,2020,Punjab,Patiala (PB-11),2W,Motorcycle,Suzuki,EV,BS6,0,2,4
2894,REG102895,03-12-2021,2021,Gujarat,Surat (GJ-05),4W,Hatchback,Kia,Diesel,BS6,1498,6,3
2895,REG102896,16-03-2021,2021,Maharashtra,Pune (MH-12),2W,Motorcycle,Suzuki,Petrol,BS6,400,2,3
2896,REG102897,15-08-2021,2021,Tamil Nadu,Coimbatore (TN-37),2W,Scooter,TVS,EV,BS6,0,2,3
2897,REG102898,13-01-2021,2021,West Bengal,Howrah (WB-13),4W,Hatchback,Hyundai,EV,BS6,0,7,3
2898,REG102899,11-11-2021,2021,Delhi,Delhi Central (DL-01),3W,Tempo,Piaggio,EV,BS6,0,3,3
2899,REG102900,25-11-2022,2022,Karnataka,Bangalore Central (KA-01),4W,Sedan,Skoda,Diesel,BS6,1000,7,2
2900,REG102901,05-03-2024,2024,Maharashtra,Nashik (MH-15),2W,Moped,Honda,CNG,BS6,250,2,0
2901,REG102902,14-03-2019,2019,Rajasthan,Jaipur (RJ-14),LCV,Mini Truck,Mahindra,Diesel,BS4,2523,15,5
2902,REG102903,07-05-2019,2019,Maharashtra,Aurangabad (MH-20),3W,Tempo,Piaggio,CNG,BS4,0,7,5
2903,REG102904,14-01-2023,2023,Karnataka,Hubli (KA-25),2W,Moped,KTM,EV,BS6,0,2,1
2904,REG102905,27-06-2022,2022,Tamil Nadu,Trichy (TN-45),3W,E-Rickshaw,Mahindra,CNG,BS6,200,6,2
2905,REG102906,04-01-2023,2023,Delhi,Delhi Central (DL-01),2W,Scooter,Hero,Petrol,BS6,125,2,1
2906,REG102907,20-04-2022,2022,Madhya Pradesh,Jabalpur (MP-20),4W,Sedan,Renault,Diesel,BS6,1498,7,2
2907,REG102908,29-11-2021,2021,Maharashtra,Pune (MH-12),4W,MUV,MG,Hybrid,BS6,800,7,3
2908,REG102909,14-12-2023,2023,Maharashtra,Aurangabad (MH-20),4W,Sedan,Kia,Diesel,BS6,1598,7,1
2909,REG102910,23-01-2022,2022,Madhya Pradesh,Bhopal (MP-04),4W,Sedan,Mahindra,Diesel,BS6,1000,6,2
2910,REG102911,06-05-2021,2021,Telangana,Warangal (TS-03),2W,Motorcycle,Hero,Hybrid,BS6,160,2,3
2911,REG102912,02-10-2018,2018,Uttar Pradesh,Lucknow (UP-32),2W,Scooter,TVS,Petrol,BS4,400,2,6
2912,REG102913,17-12-2022,2022,Tamil Nadu,Madurai (TN-58),4W,Sedan,Maruti Suzuki,Hybrid,BS6,1000,8,2
2913,REG102914,02-10-2024,2024,Telangana,Hyderabad (TS-09),4W,MUV,Mahindra,Diesel,BS6,1000,8,0
2914,REG102915,06-09-2023,2023,Delhi,Delhi North (DL-04),4W,MUV,Renault,CNG,BS6,1968,8,1
2915,REG102916,21-02-2020,2020,Tamil Nadu,Chennai Central (TN-01),2W,Scooter,TVS,Petrol,BS4,100,2,4
2916,REG102917,01-12-2022,2022,West Bengal,Kolkata (WB-01),3W,E-Rickshaw,Piaggio,CNG,BS6,250,3,2
2917,REG102918,27-10-2023,2023,Tamil Nadu,Coimbatore (TN-37),3W,Tempo,TVS,CNG,BS4,200,7,1
2918,REG102919,22-07-2022,2022,Gujarat,Vadodara (GJ-06),2W,Scooter,Suzuki,EV,BS6,0,2,2
2919,REG102920,13-08-2022,2022,Rajasthan,Udaipur (RJ-27),4W,Sedan,MG,Diesel,BS6,2179,5,2
2920,REG102921,24-02-2022,2022,Kerala,Kollam (KL-02),3W,Auto Rickshaw,Mahindra,CNG,BS6,225,7,2
2921,REG102922,05-07-2024,2024,Uttar Pradesh,Varanasi (UP-65),HCV,Tanker,Eicher,Diesel,BS6,6700,2,0
2922,REG102923,26-03-2021,2021,West Bengal,Kolkata (WB-01),2W,Moped,KTM,Hybrid,BS6,125,2,3
2923,REG102924,01-04-2023,2023,Delhi,Delhi West (DL-08),4W,Hatchback,Kia,Petrol,BS6,2179,8,1
2924,REG102925,19-02-2023,2023,Delhi,Delhi East (DL-02),2W,Moped,Honda,Petrol,BS6,160,2,1
2925,REG102926,30-09-2019,2019,Tamil Nadu,Chennai Central (TN-01),2W,Scooter,Ather,Petrol,BS4,0,2,5
2926,REG102927,17-10-2021,2021,Delhi,Delhi North (DL-04),2W,Motorcycle,Royal Enfield,Petrol,BS6,250,2,3
2927,REG102928,29-04-2022,2022,Punjab,Patiala (PB-11),LCV,Mini Truck,Mahindra,Diesel,BS4,2523,9,2
2928,REG102929,26-04-2020,2020,Gujarat,Gandhinagar (GJ-18),2W,Moped,Ola Electric,EV,BS4,0,2,4
2929,REG102930,28-02-2024,2024,Rajasthan,Ajmer (RJ-01),OTH,Road Roller,TAFE,Petrol,BS6,4998,45,0
2930,REG102931,26-01-2018,2018,Maharashtra,Nashik (MH-15),2W,Motorcycle,Royal Enfield,Petrol,BS4,250,2,6
2931,REG102932,21-03-2020,2020,Kerala,Kochi (KL-07),4W,Hatchback,Renault,Diesel,BS6,1498,8,4
2932,REG102933,25-07-2022,2022,Karnataka,Belgaum (KA-22),2W,Motorcycle,Ather,Petrol,BS6,0,2,2
2933,REG102934,10-11-2024,2024,West Bengal,Durgapur (WB-40),4W,SUV,Skoda,Diesel,BS6,2179,5,0
2934,REG102935,07-10-2019,2019,Rajasthan,Jodhpur (RJ-19),HCV,Bus,Tata Motors,Diesel,BS4,6700,32,5
2935,REG102936,05-01-2022,2022,Uttar Pradesh,Agra (UP-80),3W,Auto Rickshaw,Atul Auto,EV,BS6,0,3,2
2936,REG102937,13-04-2019,2019,West Bengal,Howrah (WB-13),4W,SUV,Honda,Petrol,BS4,1000,6,5
2937,REG102938,01-08-2023,2023,Punjab,Jalandhar (PB-08),OTH,Crane,John Deere,Diesel,BS6,3760,45,1
2938,REG102939,21-10-2022,2022,Punjab,Amritsar (PB-02),4W,Sedan,MG,CNG,BS6,1462,5,2
2939,REG102940,07-01-2023,2023,Uttar Pradesh,Allahabad (UP-70),OTH,Tractor,Mahindra,Diesel,BS6,6700,1,1
2940,REG102941,10-04-2021,2021,Uttar Pradesh,Varanasi (UP-65),2W,Moped,TVS,Petrol,BS6,250,2,3
2941,REG102942,24-01-2021,2021,Karnataka,Mysore (KA-09),2W,Moped,Ather,Petrol,BS6,0,2,3
2942,REG102943,31-05-2020,2020,Kerala,Kollam (KL-02),LCV,Mini Truck,Force Motors,CNG,BS6,3298,15,4
2943,REG102944,08-10-2023,2023,Rajasthan,Ajmer (RJ-01),2W,Moped,Suzuki,Petrol,BS6,110,2,1
2944,REG102945,14-06-2023,2023,Tamil Nadu,Salem (TN-30),LCV,Light Bus,Mahindra,CNG,BS6,3298,9,1
2945,REG102946,19-11-2022,2022,West Bengal,Durgapur (WB-40),2W,Moped,TVS,Petrol,BS6,160,2,2
2946,REG102947,03-03-2020,2020,West Bengal,Siliguri (WB-73),LCV,Mini Truck,Mahindra,EV,BS6,0,9,4
2947,REG102948,09-05-2023,2023,Punjab,Patiala (PB-11),2W,Scooter,Honda,Petrol,BS6,200,2,1
2948,REG102949,28-08-2020,2020,Delhi,Delhi Central (DL-01),2W,Motorcycle,Hero,EV,BS4,0,2,4
2949,REG102950,23-12-2023,2023,Uttar Pradesh,Allahabad (UP-70),4W,SUV,Skoda,Petrol,BS6,1498,7,1
2950,REG102951,09-11-2018,2018,Punjab,Patiala (PB-11),3W,Tempo,TVS,Petrol,BS3,225,7,6
2951,REG102952,02-08-2024,2024,Karnataka,Mangalore (KA-19),3W,Auto Rickshaw,TVS,EV,BS6,0,7,0
2952,REG102953,19-08-2020,2020,Karnataka,Bangalore Central (KA-01),LCV,Mini Truck,Eicher,Diesel,BS6,2523,12,4
2953,REG102954,28-12-2021,2021,Kerala,Kochi (KL-07),2W,Moped,Bajaj,CNG,BS6,125,2,3
2954,REG102955,28-04-2023,2023,Gujarat,Surat (GJ-05),4W,Sedan,Kia,Petrol,BS6,800,8,1
2955,REG102956,18-02-2021,2021,Madhya Pradesh,Indore (MP-09),2W,Motorcycle,Suzuki,Petrol,BS6,400,2,3
2956,REG102957,20-03-2024,2024,Karnataka,Hubli (KA-25),2W,Motorcycle,Royal Enfield,Hybrid,BS6,100,2,0
2957,REG102958,30-07-2022,2022,Tamil Nadu,Madurai (TN-58),2W,Scooter,Hero,CNG,BS6,200,2,2
2958,REG102959,02-08-2023,2023,Kerala,Thiruvananthapuram (KL-01),2W,Moped,Ather,Petrol,BS6,0,2,1
2959,REG102960,14-11-2022,2022,Maharashtra,Aurangabad (MH-20),4W,SUV,Hyundai,Petrol,BS6,0,5,2
2960,REG102961,17-12-2023,2023,Delhi,Delhi North (DL-04),2W,Scooter,TVS,Petrol,BS6,0,2,1
2961,REG102962,06-02-2023,2023,Maharashtra,Aurangabad (MH-20),LCV,Mini Truck,Force Motors,Diesel,BS4,2523,15,1
2962,REG102963,31-03-2023,2023,Delhi,Delhi West (DL-08),2W,Moped,Royal Enfield,Petrol,BS6,100,2,1
2963,REG102964,04-11-2022,2022,Madhya Pradesh,Indore (MP-09),2W,Scooter,Suzuki,EV,BS6,0,2,2
2964,REG102965,17-02-2019,2019,Tamil Nadu,Trichy (TN-45),2W,Motorcycle,Ather,Petrol,BS4,0,2,5
2965,REG102966,29-04-2018,2018,Madhya Pradesh,Ujjain (MP-13),4W,Sedan,Skoda,EV,BS4,0,6,6
2966,REG102967,06-04-2020,2020,Gujarat,Surat (GJ-05),2W,Scooter,Suzuki,CNG,BS4,160,2,4
2967,REG102968,12-05-2022,2022,Uttar Pradesh,Kanpur (UP-78),2W,Scooter,Ather,EV,BS6,0,2,2
2968,REG102969,11-05-2022,2022,West Bengal,Durgapur (WB-40),2W,Moped,Ather,Petrol,BS6,0,2,2
2969,REG102970,15-10-2021,2021,Telangana,Karimnagar (TS-01),4W,SUV,Kia,Petrol,BS6,1197,8,3
2970,REG102971,12-01-2021,2021,Punjab,Ludhiana (PB-10),4W,SUV,Maruti Suzuki,Diesel,BS6,1598,6,3
2971,REG102972,19-11-2024,2024,Telangana,Khammam (TS-07),4W,SUV,Skoda,Petrol,BS6,800,6,0
2972,REG102973,19-02-2020,2020,Punjab,Jalandhar (PB-08),4W,MUV,Kia,Diesel,BS6,2179,8,4
2973,REG102974,30-10-2020,2020,Rajasthan,Jaipur (RJ-14),2W,Motorcycle,Ather,EV,BS6,0,2,4
2974,REG102975,08-11-2024,2024,Rajasthan,Kota (RJ-20),2W,Moped,KTM,Petrol,BS6,250,2,0
2975,REG102976,24-10-2022,2022,Madhya Pradesh,Jabalpur (MP-20),3W,E-Rickshaw,Mahindra,Diesel,BS6,250,6,2
2976,REG102977,14-05-2022,2022,Maharashtra,Nashik (MH-15),4W,MUV,Maruti Suzuki,Diesel,BS6,2179,5,2
2977,REG102978,18-08-2023,2023,Karnataka,Bangalore Central (KA-01),HCV,Bus,Eicher,Diesel,BS6,3760,32,1
2978,REG102979,23-06-2021,2021,Uttar Pradesh,Varanasi (UP-65),4W,MUV,Honda,Hybrid,BS6,1000,8,3
2979,REG102980,16-12-2022,2022,Maharashtra,Mumbai Central (MH-01),2W,Moped,Royal Enfield,Petrol,BS6,125,2,2
2980,REG102981,21-09-2024,2024,Delhi,Delhi West (DL-08),4W,SUV,Skoda,EV,BS6,0,5,0
2981,REG102982,23-10-2021,2021,Gujarat,Vadodara (GJ-06),4W,Hatchback,Toyota,Diesel,BS6,1462,8,3
2982,REG102983,06-02-2023,2023,Rajasthan,Kota (RJ-20),2W,Moped,Royal Enfield,Petrol,BS6,350,2,1
2983,REG102984,08-03-2021,2021,Kerala,Kollam (KL-02),4W,SUV,MG,Petrol,BS6,1598,5,3
2984,REG102985,03-06-2020,2020,Madhya Pradesh,Indore (MP-09),4W,MUV,Honda,Hybrid,BS6,0,5,4
2985,REG102986,28-07-2021,2021,Madhya Pradesh,Jabalpur (MP-20),4W,Sedan,Renault,EV,BS6,0,5,3
2986,REG102987,12-01-2018,2018,Madhya Pradesh,Jabalpur (MP-20),2W,Moped,Yamaha,Petrol,BS4,110,2,6
2987,REG102988,29-11-2019,2019,Tamil Nadu,Salem (TN-30),4W,MUV,Skoda,Diesel,BS4,1462,5,5
2988,REG102989,01-09-2021,2021,Gujarat,Gandhinagar (GJ-18),LCV,Mini Truck,Force Motors,Diesel,BS6,2523,9,3
2989,REG102990,05-06-2022,2022,Uttar Pradesh,Agra (UP-80),2W,Motorcycle,Bajaj,Hybrid,BS6,160,2,2
2990,REG102991,06-05-2023,2023,Delhi,Delhi South (DL-09),2W,Moped,Ola Electric,Petrol,BS6,0,2,1
2991,REG102992,04-08-2021,2021,Karnataka,Belgaum (KA-22),2W,Motorcycle,Bajaj,Petrol,BS6,110,2,3
2992,REG102993,25-08-2021,2021,West Bengal,Kolkata (WB-01),2W,Motorcycle,Honda,EV,BS6,0,2,3
2993,REG102994,02-10-2024,2024,Uttar Pradesh,Kanpur (UP-78),4W,Sedan,Honda,Petrol,BS6,1598,5,0
2994,REG102995,11-09-2023,2023,Telangana,Khammam (TS-07),LCV,Light Bus,Eicher,Diesel,BS6,3298,15,1
2995,REG102996,01-07-2021,2021,Gujarat,Vadodara (GJ-06),4W,SUV,Renault,EV,BS6,0,8,3
2996,REG102997,13-10-2021,2021,Kerala,Thrissur (KL-08),4W,Hatchback,Mahindra,Diesel,BS6,2179,7,3
2997,REG102998,07-06-2022,2022,Maharashtra,Nagpur (MH-31),LCV,Mini Truck,Force Motors,Diesel,BS6,0,12,2
2998,REG102999,16-04-2020,2020,Delhi,Delhi West (DL-08),2W,Scooter,KTM,Hybrid,BS4,100,2,4
2999,REG103000,18-01-2024,2024,Punjab,Patiala (PB-11),2W,Motorcycle,Hero,EV,BS6,0,2,0
3000,REG103001,15-05-2023,2023,Rajasthan,Udaipur (RJ-27),2W,Moped,TVS,Petrol,BS6,200,2,1
3001,REG103002,12-04-2020,2020,Delhi,Delhi South (DL-09),OTH,Crane,Sonalika,Diesel,BS6,4998,45,4
3002,REG103003,10-02-2022,2022,Uttar Pradesh,Lucknow (UP-32),4W,Hatchback,Maruti Suzuki,Petrol,BS6,1000,5,2
3003,REG103004,03-11-2019,2019,Kerala,Kochi (KL-07),4W,SUV,Honda,Petrol,BS4,0,8,5
3004,REG103005,21-05-2020,2020,Rajasthan,Jaipur (RJ-14),2W,Motorcycle,Yamaha,EV,BS6,0,2,4
3005,REG103006,19-09-2022,2022,Uttar Pradesh,Lucknow (UP-32),2W,Scooter,KTM,EV,BS6,0,2,2
3006,REG103007,10-12-2022,2022,Telangana,Karimnagar (TS-01),4W,SUV,MG,Hybrid,BS6,1968,6,2
3007,REG103008,28-10-2021,2021,Kerala,Kollam (KL-02),2W,Scooter,TVS,Petrol,BS6,200,2,3
3008,REG103009,20-12-2020,2020,Maharashtra,Aurangabad (MH-20),4W,Hatchback,Kia,EV,BS6,0,5,4
3009,REG103010,10-06-2024,2024,Kerala,Kochi (KL-07),4W,Sedan,MG,Diesel,BS6,1498,8,0
3010,REG103011,01-07-2019,2019,Madhya Pradesh,Indore (MP-09),4W,MUV,Tata Motors,Petrol,BS4,1000,6,5
3011,REG103012,20-04-2021,2021,Karnataka,Belgaum (KA-22),2W,Motorcycle,Royal Enfield,EV,BS6,0,2,3
3012,REG103013,02-06-2020,2020,Punjab,Chandigarh (CH-01),2W,Moped,Ather,Petrol,BS6,0,2,4
3013,REG103014,11-12-2019,2019,Tamil Nadu,Chennai Central (TN-01),2W,Moped,Royal Enfield,Petrol,BS6,125,2,5
3014,REG103015,15-12-2024,2024,Kerala,Kochi (KL-07),4W,MUV,Mahindra,Diesel,BS6,1968,8,0
3015,REG103016,09-02-2024,2024,Gujarat,Rajkot (GJ-03),3W,Auto Rickshaw,Piaggio,CNG,BS6,225,3,0
3016,REG103017,10-02-2023,2023,Tamil Nadu,Madurai (TN-58),3W,Auto Rickshaw,TVS,Diesel,BS6,250,3,1
3017,REG103018,05-11-2019,2019,Punjab,Patiala (PB-11),4W,SUV,Tata Motors,EV,BS4,0,7,5
3018,REG103019,08-02-2023,2023,Punjab,Patiala (PB-11),2W,Moped,Ather,Petrol,BS6,0,2,1
3019,REG103020,14-11-2022,2022,Telangana,Karimnagar (TS-01),2W,Moped,Honda,Petrol,BS6,125,2,2
3020,REG103021,20-10-2021,2021,Delhi,Delhi South (DL-09),2W,Motorcycle,Ola Electric,Petrol,BS4,0,2,3
3021,REG103022,07-04-2023,2023,Telangana,Hyderabad (TS-09),4W,Sedan,Renault,Petrol,BS6,1498,6,1
3022,REG103023,09-07-2019,2019,Kerala,Kollam (KL-02),OTH,Tractor,John Deere,Diesel,BS4,0,45,5
3023,REG103024,02-02-2024,2024,Kerala,Kochi (KL-07),OTH,Tractor,Escorts,Petrol,BS6,0,32,0
3024,REG103025,15-02-2021,2021,Tamil Nadu,Salem (TN-30),LCV,Pickup Van,Tata Motors,Diesel,BS6,2956,9,3
3025,REG103026,13-06-2024,2024,Karnataka,Hubli (KA-25),LCV,Pickup Van,Ashok Leyland,Diesel,BS6,2956,9,0
3026,REG103027,10-12-2022,2022,Delhi,Delhi Central (DL-01),4W,SUV,Maruti Suzuki,Diesel,BS6,1000,5,2
3027,REG103028,22-08-2023,2023,Punjab,Jalandhar (PB-08),2W,Moped,Royal Enfield,EV,BS6,0,2,1
3028,REG103029,05-04-2019,2019,Kerala,Thrissur (KL-08),2W,Scooter,Yamaha,Petrol,BS4,0,2,5
3029,REG103030,02-08-2021,2021,Punjab,Chandigarh (CH-01),2W,Moped,Ola Electric,Petrol,BS6,0,2,3
3030,REG103031,14-07-2024,2024,Madhya Pradesh,Bhopal (MP-04),HCV,Truck,Tata Motors,Diesel,BS6,6700,52,0
3031,REG103032,09-05-2019,2019,Karnataka,Bangalore Central (KA-01),2W,Moped,Ather,EV,BS4,0,2,5
3032,REG103033,17-12-2024,2024,Kerala,Thiruvananthapuram (KL-01),2W,Motorcycle,Suzuki,EV,BS6,0,2,0
3033,REG103034,13-11-2023,2023,Madhya Pradesh,Jabalpur (MP-20),2W,Moped,Suzuki,Petrol,BS6,0,2,1
3034,REG103035,14-02-2022,2022,Uttar Pradesh,Kanpur (UP-78),2W,Motorcycle,Royal Enfield,EV,BS6,0,2,2
3035,REG103036,10-10-2019,2019,Maharashtra,Nagpur (MH-31),4W,Sedan,Toyota,Diesel,BS4,2179,5,5
3036,REG103037,14-10-2023,2023,Kerala,Kochi (KL-07),2W,Motorcycle,Hero,EV,BS6,0,2,1
3037,REG103038,16-03-2022,2022,Punjab,Jalandhar (PB-08),4W,SUV,Mahindra,CNG,BS6,1598,5,2
3038,REG103039,25-11-2023,2023,Gujarat,Vadodara (GJ-06),2W,Moped,Hero,Petrol,BS6,100,2,1
3039,REG103040,15-01-2018,2018,Kerala,Kochi (KL-07),HCV,Tanker,Tata Motors,Diesel,BS4,4998,2,6
3040,REG103041,21-12-2021,2021,Gujarat,Ahmedabad (GJ-01),2W,Scooter,Royal Enfield,EV,BS6,0,2,3
3041,REG103042,27-10-2023,2023,Rajasthan,Jaipur (RJ-14),4W,Hatchback,Kia,Petrol,BS6,0,7,1
3042,REG103043,18-06-2019,2019,Uttar Pradesh,Varanasi (UP-65),HCV,Trailer,Ashok Leyland,Diesel,BS4,5660,45,5
3043,REG103044,14-07-2024,2024,Tamil Nadu,Coimbatore (TN-37),3W,E-Rickshaw,Atul Auto,EV,BS6,0,6,0
3044,REG103045,02-08-2021,2021,Kerala,Kollam (KL-02),4W,Sedan,Hyundai,Petrol,BS6,1197,6,3
3045,REG103046,04-09-2021,2021,Punjab,Chandigarh (CH-01),LCV,Mini Truck,Mahindra,CNG,BS6,3298,15,3
3046,REG103047,04-03-2018,2018,West Bengal,Kolkata (WB-01),4W,Hatchback,Mahindra,Diesel,BS4,1498,7,6
3047,REG103048,04-03-2022,2022,Kerala,Kochi (KL-07),4W,SUV,Kia,Petrol,BS6,1498,8,2
3048,REG103049,29-10-2019,2019,Punjab,Chandigarh (CH-01),HCV,Bus,Volvo,Diesel,BS4,5660,1,5
3049,REG103050,06-03-2021,2021,Kerala,Thrissur (KL-08),3W,Tempo,Bajaj,EV,BS6,0,6,3
3050,REG103051,31-07-2023,2023,Maharashtra,Aurangabad (MH-20),2W,Moped,Ather,Petrol,BS6,0,2,1
3051,REG103052,01-10-2023,2023,Uttar Pradesh,Kanpur (UP-78),4W,Sedan,Toyota,Hybrid,BS6,1197,6,1
3052,REG103053,10-07-2020,2020,Telangana,Warangal (TS-03),4W,Hatchback,Hyundai,Diesel,BS6,1462,5,4
3053,REG103054,06-09-2021,2021,Uttar Pradesh,Allahabad (UP-70),3W,E-Rickshaw,Atul Auto,Petrol,BS6,0,7,3
3054,REG103055,03-09-2023,2023,West Bengal,Asansol (WB-39),2W,Scooter,Royal Enfield,Petrol,BS6,160,2,1
3055,REG103056,22-11-2019,2019,Kerala,Kozhikode (KL-11),4W,MUV,Toyota,Petrol,BS4,1462,5,5
3056,REG103057,25-12-2023,2023,West Bengal,Durgapur (WB-40),LCV,Light Bus,Ashok Leyland,CNG,BS6,0,12,1
3057,REG103058,27-09-2023,2023,Telangana,Karimnagar (TS-01),HCV,Truck,MAN,Diesel,BS6,6700,2,1
3058,REG103059,12-05-2022,2022,Uttar Pradesh,Varanasi (UP-65),2W,Motorcycle,Honda,EV,BS6,0,2,2
3059,REG103060,25-11-2023,2023,Delhi,Delhi West (DL-08),4W,SUV,Toyota,Petrol,BS4,1968,7,1
3060,REG103061,05-01-2020,2020,Karnataka,Belgaum (KA-22),2W,Moped,Ola Electric,Petrol,BS4,0,2,4
3061,REG103062,09-04-2023,2023,Punjab,Ludhiana (PB-10),2W,Moped,TVS,Petrol,BS6,100,2,1
3062,REG103063,23-05-2020,2020,Karnataka,Hubli (KA-25),4W,Sedan,Tata Motors,Petrol,BS6,0,6,4
3063,REG103064,24-09-2018,2018,Gujarat,Gandhinagar (GJ-18),2W,Scooter,Suzuki,EV,BS4,0,2,6
3064,REG103065,03-06-2023,2023,Uttar Pradesh,Lucknow (UP-32),HCV,Truck,Volvo,Diesel,BS6,0,1,1
3065,REG103066,24-07-2023,2023,Karnataka,Hubli (KA-25),LCV,Pickup Van,Mahindra,Diesel,BS6,0,15,1
3066,REG103067,26-06-2021,2021,West Bengal,Kolkata (WB-01),HCV,Trailer,Volvo,Diesel,BS6,4998,52,3
3067,REG103068,20-11-2024,2024,Tamil Nadu,Salem (TN-30),2W,Scooter,KTM,Petrol,BS6,125,2,0
3068,REG103069,15-11-2024,2024,West Bengal,Howrah (WB-13),2W,Scooter,Bajaj,Petrol,BS6,0,2,0
3069,REG103070,17-11-2021,2021,Karnataka,Bangalore Central (KA-01),4W,Sedan,Renault,Diesel,BS6,1197,7,3
3070,REG103071,03-12-2023,2023,Kerala,Thiruvananthapuram (KL-01),2W,Motorcycle,Yamaha,Petrol,BS6,150,2,1
3071,REG103072,09-10-2021,2021,Telangana,Warangal (TS-03),LCV,Light Bus,Force Motors,Diesel,BS6,2956,9,3
3072,REG103073,25-11-2021,2021,Tamil Nadu,Salem (TN-30),2W,Scooter,Bajaj,EV,BS6,0,2,3
3073,REG103074,04-09-2022,2022,Gujarat,Vadodara (GJ-06),4W,Hatchback,MG,CNG,BS6,1598,5,2
3074,REG103075,11-07-2019,2019,Madhya Pradesh,Ujjain (MP-13),4W,Hatchback,Skoda,Diesel,BS4,1598,5,5
3075,REG103076,26-03-2023,2023,Tamil Nadu,Trichy (TN-45),4W,SUV,Kia,Petrol,BS6,1598,6,1
3076,REG103077,10-12-2020,2020,Madhya Pradesh,Bhopal (MP-04),2W,Scooter,Ola Electric,EV,BS4,0,2,4
3077,REG103078,14-07-2022,2022,Telangana,Nizamabad (TS-05),4W,MUV,Kia,Diesel,BS6,1598,5,2
3078,REG103079,18-04-2023,2023,West Bengal,Kolkata (WB-01),2W,Scooter,Ola Electric,Petrol,BS6,0,2,1
3079,REG103080,30-03-2024,2024,Delhi,Delhi North (DL-04),4W,MUV,Hyundai,Diesel,BS6,1197,5,0
3080,REG103081,03-05-2024,2024,Punjab,Amritsar (PB-02),4W,Hatchback,MG,Diesel,BS6,1498,5,0
3081,REG103082,25-01-2024,2024,Rajasthan,Jodhpur (RJ-19),2W,Scooter,KTM,Petrol,BS6,110,2,0
3082,REG103083,15-05-2023,2023,Karnataka,Hubli (KA-25),4W,MUV,MG,Petrol,BS6,1462,5,1
3083,REG103084,28-08-2021,2021,Madhya Pradesh,Gwalior (MP-07),4W,MUV,Tata Motors,Petrol,BS6,0,7,3
3084,REG103085,06-09-2024,2024,Uttar Pradesh,Agra (UP-80),2W,Scooter,Royal Enfield,EV,BS6,0,2,0
3085,REG103086,19-03-2022,2022,Karnataka,Mangalore (KA-19),4W,SUV,MG,Petrol,BS6,1462,6,2
3086,REG103087,26-10-2023,2023,Telangana,Nizamabad (TS-05),HCV,Trailer,Eicher,Diesel,BS6,5660,45,1
3087,REG103088,26-07-2019,2019,Kerala,Kollam (KL-02),2W,Scooter,Yamaha,EV,BS4,0,2,5
3088,REG103089,02-05-2020,2020,Tamil Nadu,Trichy (TN-45),4W,SUV,Hyundai,Hybrid,BS6,1462,7,4
3089,REG103090,16-08-2021,2021,West Bengal,Kolkata (WB-01),2W,Scooter,Honda,Petrol,BS6,110,2,3
3090,REG103091,13-06-2019,2019,Gujarat,Rajkot (GJ-03),4W,MUV,Mahindra,Petrol,BS4,1598,5,5
3091,REG103092,04-03-2023,2023,Telangana,Warangal (TS-03),3W,E-Rickshaw,TVS,Petrol,BS6,0,3,1
3092,REG103093,14-12-2022,2022,Delhi,Delhi South (DL-09),4W,Hatchback,Maruti Suzuki,Petrol,BS6,800,5,2
3093,REG103094,22-10-2023,2023,Karnataka,Mangalore (KA-19),4W,MUV,MG,CNG,BS6,800,8,1
3094,REG103095,23-07-2021,2021,Telangana,Karimnagar (TS-01),4W,Sedan,Renault,Diesel,BS6,1197,5,3
3095,REG103096,06-08-2023,2023,Kerala,Kozhikode (KL-11),4W,Sedan,Renault,Hybrid,BS6,2179,8,1
3096,REG103097,10-12-2024,2024,Madhya Pradesh,Indore (MP-09),2W,Motorcycle,Suzuki,EV,BS6,0,2,0
3097,REG103098,01-10-2022,2022,Kerala,Kollam (KL-02),4W,Hatchback,MG,Petrol,BS6,0,6,2
3098,REG103099,04-01-2023,2023,Gujarat,Ahmedabad (GJ-01),HCV,Bus,Volvo,Diesel,BS6,3760,32,1
3099,REG103100,27-04-2023,2023,Delhi,Delhi Central (DL-01),4W,SUV,Tata Motors,Diesel,BS6,1968,8,1
3100,REG103101,22-12-2022,2022,Madhya Pradesh,Indore (MP-09),2W,Moped,Ola Electric,Petrol,BS6,0,2,2
3101,REG103102,11-12-2018,2018,Telangana,Hyderabad (TS-09),2W,Moped,Hero,CNG,BS4,150,2,6
3102,REG103103,31-03-2023,2023,Rajasthan,Udaipur (RJ-27),LCV,Light Bus,Mahindra,Diesel,BS6,3298,9,1
3103,REG103104,04-02-2024,2024,Madhya Pradesh,Jabalpur (MP-20),2W,Moped,KTM,EV,BS6,0,2,0
3104,REG103105,07-03-2023,2023,Telangana,Khammam (TS-07),2W,Moped,Honda,Petrol,BS6,150,2,1
3105,REG103106,12-02-2024,2024,Tamil Nadu,Chennai Central (TN-01),2W,Moped,TVS,Petrol,BS6,110,2,0
3106,REG103107,12-06-2024,2024,Punjab,Jalandhar (PB-08),4W,Sedan,Toyota,CNG,BS6,2179,7,0
3107,REG103108,24-05-2021,2021,Madhya Pradesh,Gwalior (MP-07),2W,Scooter,Bajaj,Petrol,BS6,160,2,3
3108,REG103109,24-06-2024,2024,Karnataka,Bangalore Central (KA-01),3W,Tempo,Atul Auto,EV,BS6,0,3,0
3109,REG103110,28-11-2018,2018,Uttar Pradesh,Varanasi (UP-65),2W,Motorcycle,Yamaha,Petrol,BS4,400,2,6
3110,REG103111,02-10-2021,2021,Karnataka,Belgaum (KA-22),2W,Moped,Suzuki,EV,BS6,0,2,3
3111,REG103112,14-05-2018,2018,West Bengal,Kolkata (WB-01),2W,Moped,TVS,Petrol,BS4,400,2,6
3112,REG103113,28-03-2019,2019,Delhi,Delhi East (DL-02),2W,Scooter,Hero,Petrol,BS4,400,2,5
3113,REG103114,29-05-2024,2024,Delhi,Delhi North (DL-04),2W,Motorcycle,Ather,EV,BS6,0,2,0
3114,REG103115,25-02-2023,2023,West Bengal,Kolkata (WB-01),4W,Hatchback,Honda,EV,BS6,0,6,1
3115,REG103116,05-09-2022,2022,West Bengal,Siliguri (WB-73),2W,Moped,Yamaha,Petrol,BS6,110,2,2
3116,REG103117,26-09-2018,2018,Madhya Pradesh,Jabalpur (MP-20),2W,Motorcycle,KTM,Petrol,BS4,400,2,6
3117,REG103118,24-04-2021,2021,Uttar Pradesh,Allahabad (UP-70),2W,Scooter,Honda,EV,BS6,0,2,3
3118,REG103119,27-08-2020,2020,Delhi,Delhi East (DL-02),2W,Scooter,Yamaha,Petrol,BS6,160,2,4
3119,REG103120,29-04-2023,2023,Karnataka,Belgaum (KA-22),4W,MUV,Maruti Suzuki,Diesel,BS6,800,8,1
3120,REG103121,08-03-2018,2018,Gujarat,Gandhinagar (GJ-18),2W,Moped,KTM,EV,BS4,0,2,6
3121,REG103122,11-07-2022,2022,Madhya Pradesh,Bhopal (MP-04),4W,MUV,Maruti Suzuki,Petrol,BS6,0,5,2
3122,REG103123,25-08-2022,2022,Delhi,Delhi North (DL-04),OTH,Tractor,Escorts,Diesel,BS6,5660,2,2
3123,REG103124,12-03-2023,2023,Karnataka,Hubli (KA-25),HCV,Truck,Eicher,Diesel,BS6,5660,2,1
3124,REG103125,13-01-2023,2023,Uttar Pradesh,Lucknow (UP-32),2W,Motorcycle,Suzuki,EV,BS6,0,2,1
3125,REG103126,28-04-2020,2020,Kerala,Kollam (KL-02),3W,E-Rickshaw,Atul Auto,CNG,BS6,225,6,4
3126,REG103127,12-02-2023,2023,Telangana,Warangal (TS-03),4W,SUV,Mahindra,EV,BS6,0,8,1
3127,REG103128,13-07-2021,2021,Rajasthan,Udaipur (RJ-27),2W,Scooter,Honda,EV,BS6,0,2,3
3128,REG103129,15-02-2018,2018,Delhi,Delhi West (DL-08),2W,Motorcycle,Honda,Petrol,BS3,125,2,6
3129,REG103130,26-10-2022,2022,Telangana,Warangal (TS-03),2W,Moped,Yamaha,Petrol,BS6,350,2,2
3130,REG103131,21-02-2024,2024,Punjab,Patiala (PB-11),2W,Motorcycle,Yamaha,Hybrid,BS6,350,2,0
3131,REG103132,14-09-2018,2018,West Bengal,Kolkata (WB-01),LCV,Light Bus,Tata Motors,Diesel,BS4,0,9,6
3132,REG103133,10-05-2021,2021,Punjab,Amritsar (PB-02),2W,Scooter,Suzuki,Petrol,BS6,400,2,3
3133,REG103134,01-03-2021,2021,Delhi,Delhi South (DL-09),4W,Sedan,Mahindra,Diesel,BS6,0,8,3
3134,REG103135,25-04-2018,2018,Uttar Pradesh,Varanasi (UP-65),3W,Tempo,Mahindra,CNG,BS4,250,6,6
3135,REG103136,02-05-2023,2023,Madhya Pradesh,Ujjain (MP-13),4W,MUV,Mahindra,Petrol,BS6,800,6,1
3136,REG103137,15-05-2024,2024,Delhi,Delhi East (DL-02),2W,Scooter,KTM,Petrol,BS6,200,2,0
3137,REG103138,13-08-2022,2022,Karnataka,Bangalore Central (KA-01),2W,Scooter,Ather,Petrol,BS6,0,2,2
3138,REG103139,24-03-2024,2024,Karnataka,Belgaum (KA-22),2W,Scooter,Suzuki,Petrol,BS6,350,2,0
3139,REG103140,30-07-2024,2024,Maharashtra,Nashik (MH-15),4W,SUV,Skoda,EV,BS6,0,5,0
3140,REG103141,05-07-2021,2021,Karnataka,Bangalore Central (KA-01),3W,Tempo,Mahindra,Diesel,BS6,250,7,3
3141,REG103142,19-03-2022,2022,Kerala,Kozhikode (KL-11),2W,Scooter,TVS,EV,BS6,0,2,2
3142,REG103143,13-01-2024,2024,Uttar Pradesh,Allahabad (UP-70),2W,Moped,Yamaha,Petrol,BS6,150,2,0
3143,REG103144,01-08-2024,2024,Punjab,Chandigarh (CH-01),4W,SUV,Honda,Diesel,BS6,800,8,0
3144,REG103145,28-07-2020,2020,Uttar Pradesh,Allahabad (UP-70),4W,Sedan,Honda,Petrol,BS6,0,8,4
3145,REG103146,28-08-2022,2022,Maharashtra,Aurangabad (MH-20),4W,MUV,MG,Diesel,BS6,800,6,2
3146,REG103147,28-10-2020,2020,Punjab,Patiala (PB-11),LCV,Pickup Van,Mahindra,Diesel,BS6,2956,15,4
3147,REG103148,05-03-2023,2023,West Bengal,Kolkata (WB-01),4W,Hatchback,Maruti Suzuki,Diesel,BS6,1197,8,1
3148,REG103149,26-03-2024,2024,Tamil Nadu,Coimbatore (TN-37),4W,Hatchback,Honda,Diesel,BS6,1498,6,0
3149,REG103150,27-04-2020,2020,Tamil Nadu,Coimbatore (TN-37),2W,Motorcycle,Hero,Petrol,BS6,160,2,4
3150,REG103151,29-12-2022,2022,Gujarat,Rajkot (GJ-03),2W,Scooter,Hero,Petrol,BS6,150,2,2
3151,REG103152,20-07-2021,2021,Madhya Pradesh,Bhopal (MP-04),2W,Scooter,TVS,Petrol,BS6,200,2,3
3152,REG103153,25-01-2020,2020,Tamil Nadu,Trichy (TN-45),2W,Motorcycle,Ather,Petrol,BS4,0,2,4
3153,REG103154,24-06-2022,2022,Uttar Pradesh,Agra (UP-80),2W,Moped,Yamaha,Petrol,BS4,150,2,2
3154,REG103155,15-03-2021,2021,Karnataka,Bangalore Central (KA-01),HCV,Truck,Volvo,Diesel,BS6,0,1,3
3155,REG103156,03-09-2021,2021,Rajasthan,Jodhpur (RJ-19),OTH,Crane,John Deere,Diesel,BS6,0,45,3
3156,REG103157,22-01-2018,2018,Telangana,Khammam (TS-07),4W,MUV,Renault,Diesel,BS4,1462,6,6
3157,REG103158,14-11-2024,2024,Tamil Nadu,Chennai Central (TN-01),2W,Motorcycle,KTM,Petrol,BS6,200,2,0
3158,REG103159,04-10-2022,2022,Telangana,Karimnagar (TS-01),HCV,Bus,Eicher,EV,BS6,0,52,2
3159,REG103160,09-02-2023,2023,Telangana,Karimnagar (TS-01),2W,Moped,KTM,Petrol,BS6,160,2,1
3160,REG103161,08-12-2023,2023,Tamil Nadu,Madurai (TN-58),4W,MUV,Tata Motors,CNG,BS6,1968,7,1
3161,REG103162,16-09-2020,2020,Gujarat,Ahmedabad (GJ-01),2W,Motorcycle,Bajaj,Hybrid,BS6,100,2,4
3162,REG103163,23-06-2022,2022,West Bengal,Kolkata (WB-01),2W,Motorcycle,Hero,Petrol,BS6,110,2,2
3163,REG103164,04-07-2023,2023,Tamil Nadu,Chennai Central (TN-01),2W,Motorcycle,Hero,Petrol,BS6,160,2,1
3164,REG103165,23-12-2022,2022,Rajasthan,Kota (RJ-20),2W,Scooter,Ather,EV,BS6,0,2,2
3165,REG103166,20-02-2023,2023,Maharashtra,Nagpur (MH-31),2W,Motorcycle,KTM,Petrol,BS6,200,2,1
3166,REG103167,27-04-2020,2020,Tamil Nadu,Salem (TN-30),4W,MUV,Kia,Petrol,BS6,1968,5,4
3167,REG103168,14-04-2022,2022,West Bengal,Asansol (WB-39),LCV,Pickup Van,Ashok Leyland,EV,BS6,0,15,2
3168,REG103169,01-10-2022,2022,Rajasthan,Ajmer (RJ-01),HCV,Bus,Ashok Leyland,CNG,BS6,3760,45,2
3169,REG103170,24-07-2020,2020,Maharashtra,Mumbai Central (MH-01),LCV,Pickup Van,Force Motors,CNG,BS6,0,9,4
3170,REG103171,18-02-2023,2023,Gujarat,Gandhinagar (GJ-18),2W,Moped,Honda,EV,BS6,0,2,1
3171,REG103172,13-11-2023,2023,Maharashtra,Mumbai Central (MH-01),4W,MUV,Skoda,Diesel,BS6,1197,7,1
3172,REG103173,30-06-2022,2022,Karnataka,Belgaum (KA-22),2W,Motorcycle,Ather,Petrol,BS6,0,2,2
3173,REG103174,02-09-2022,2022,Delhi,Delhi East (DL-02),4W,MUV,Maruti Suzuki,Petrol,BS6,1598,6,2
3174,REG103175,08-08-2023,2023,Punjab,Chandigarh (CH-01),2W,Moped,Yamaha,Petrol,BS6,150,2,1
3175,REG103176,20-06-2024,2024,Punjab,Jalandhar (PB-08),2W,Moped,TVS,Petrol,BS6,350,2,0
3176,REG103177,02-05-2022,2022,Gujarat,Ahmedabad (GJ-01),OTH,Crane,TAFE,Diesel,BS6,0,45,2
3177,REG103178,20-12-2024,2024,Tamil Nadu,Salem (TN-30),2W,Moped,Honda,EV,BS6,0,2,0
3178,REG103179,11-08-2023,2023,Tamil Nadu,Madurai (TN-58),4W,MUV,MG,Petrol,BS6,2179,8,1
3179,REG103180,05-06-2023,2023,Tamil Nadu,Madurai (TN-58),2W,Moped,Royal Enfield,Petrol,BS6,0,2,1
3180,REG103181,27-07-2022,2022,West Bengal,Asansol (WB-39),3W,Tempo,Mahindra,Diesel,BS6,250,3,2
3181,REG103182,19-05-2023,2023,Telangana,Hyderabad (TS-09),LCV,Light Bus,Eicher,Diesel,BS6,2523,15,1
3182,REG103183,26-01-2023,2023,Gujarat,Surat (GJ-05),2W,Moped,Suzuki,Petrol,BS6,0,2,1
3183,REG103184,06-03-2020,2020,Gujarat,Ahmedabad (GJ-01),4W,MUV,Toyota,Diesel,BS6,1498,6,4
3184,REG103185,17-01-2021,2021,Uttar Pradesh,Varanasi (UP-65),4W,Sedan,Tata Motors,Diesel,BS6,1462,8,3
3185,REG103186,13-12-2024,2024,Punjab,Ludhiana (PB-10),2W,Motorcycle,Royal Enfield,EV,BS6,0,2,0
3186,REG103187,22-07-2022,2022,Tamil Nadu,Salem (TN-30),2W,Moped,Honda,Hybrid,BS6,160,2,2
3187,REG103188,06-01-2024,2024,Karnataka,Hubli (KA-25),3W,E-Rickshaw,Mahindra,EV,BS6,0,7,0
3188,REG103189,20-05-2022,2022,Gujarat,Surat (GJ-05),HCV,Bus,Ashok Leyland,Diesel,BS6,6700,32,2
3189,REG103190,22-12-2021,2021,Tamil Nadu,Coimbatore (TN-37),4W,Sedan,Toyota,CNG,BS6,2179,8,3
3190,REG103191,24-03-2020,2020,Karnataka,Hubli (KA-25),2W,Moped,Hero,Petrol,BS4,160,2,4
3191,REG103192,15-10-2020,2020,West Bengal,Howrah (WB-13),2W,Motorcycle,Hero,CNG,BS6,100,2,4
3192,REG103193,04-02-2024,2024,Punjab,Chandigarh (CH-01),4W,Hatchback,Honda,Petrol,BS6,1498,7,0
3193,REG103194,04-12-2021,2021,Tamil Nadu,Salem (TN-30),3W,Auto Rickshaw,Kinetic Green,Petrol,BS6,200,7,3
3194,REG103195,28-12-2022,2022,Gujarat,Surat (GJ-05),4W,Hatchback,Honda,CNG,BS6,800,8,2
3195,REG103196,29-04-2023,2023,West Bengal,Durgapur (WB-40),4W,SUV,Skoda,Petrol,BS6,1968,5,1
3196,REG103197,27-06-2023,2023,Gujarat,Vadodara (GJ-06),LCV,Light Bus,Eicher,Diesel,BS6,2956,15,1
3197,REG103198,20-02-2020,2020,West Bengal,Asansol (WB-39),4W,SUV,MG,Petrol,BS6,1462,6,4
3198,REG103199,16-04-2024,2024,Maharashtra,Nashik (MH-15),2W,Scooter,Bajaj,EV,BS6,0,2,0
3199,REG103200,10-05-2021,2021,Tamil Nadu,Coimbatore (TN-37),2W,Motorcycle,TVS,Petrol,BS6,100,2,3
3200,REG103201,27-06-2018,2018,Madhya Pradesh,Ujjain (MP-13),4W,Sedan,MG,Petrol,BS4,800,7,6
3201,REG103202,07-09-2019,2019,Karnataka,Mangalore (KA-19),2W,Motorcycle,TVS,Petrol,BS4,110,2,5
3202,REG103203,20-11-2024,2024,Rajasthan,Kota (RJ-20),2W,Scooter,Hero,EV,BS6,0,2,0
3203,REG103204,10-02-2021,2021,Gujarat,Surat (GJ-05),2W,Moped,Royal Enfield,Petrol,BS6,0,2,3
3204,REG103205,19-01-2021,2021,Punjab,Ludhiana (PB-10),2W,Scooter,Honda,Petrol,BS6,350,2,3
3205,REG103206,25-04-2021,2021,Telangana,Hyderabad (TS-09),4W,Sedan,Toyota,Petrol,BS4,1498,7,3
3206,REG103207,10-06-2023,2023,Karnataka,Belgaum (KA-22),4W,MUV,Hyundai,Diesel,BS6,1598,8,1
3207,REG103208,23-05-2023,2023,Karnataka,Mangalore (KA-19),2W,Motorcycle,TVS,EV,BS6,0,2,1
3208,REG103209,10-12-2021,2021,Delhi,Delhi Central (DL-01),LCV,Pickup Van,Tata Motors,EV,BS6,0,15,3
3209,REG103210,10-06-2022,2022,Uttar Pradesh,Kanpur (UP-78),2W,Motorcycle,Hero,EV,BS6,0,2,2
3210,REG103211,08-12-2021,2021,Gujarat,Surat (GJ-05),2W,Moped,Ather,EV,BS6,0,2,3
3211,REG103212,05-08-2023,2023,Punjab,Jalandhar (PB-08),3W,Auto Rickshaw,TVS,CNG,BS6,200,7,1
3212,REG103213,19-02-2023,2023,Maharashtra,Aurangabad (MH-20),2W,Motorcycle,Honda,Petrol,BS6,100,2,1
3213,REG103214,03-10-2022,2022,Kerala,Kochi (KL-07),4W,MUV,Renault,Diesel,BS6,1462,5,2
3214,REG103215,18-09-2022,2022,Gujarat,Rajkot (GJ-03),4W,MUV,Mahindra,CNG,BS6,2179,7,2
3215,REG103216,18-11-2018,2018,Karnataka,Belgaum (KA-22),4W,SUV,Honda,CNG,BS4,800,8,6
3216,REG103217,07-01-2020,2020,Rajasthan,Udaipur (RJ-27),4W,Sedan,Honda,Diesel,BS6,2179,6,4
3217,REG103218,18-08-2023,2023,Kerala,Thrissur (KL-08),2W,Motorcycle,Ather,Petrol,BS6,0,2,1
3218,REG103219,25-04-2018,2018,Madhya Pradesh,Indore (MP-09),3W,E-Rickshaw,Mahindra,CNG,BS4,200,7,6
3219,REG103220,19-10-2022,2022,Delhi,Delhi Central (DL-01),4W,MUV,Renault,Hybrid,BS6,1598,5,2
3220,REG103221,10-02-2020,2020,Madhya Pradesh,Gwalior (MP-07),2W,Scooter,Ola Electric,EV,BS6,0,2,4
3221,REG103222,02-08-2022,2022,Uttar Pradesh,Varanasi (UP-65),2W,Motorcycle,Suzuki,Petrol,BS6,350,2,2
3222,REG103223,01-07-2019,2019,Rajasthan,Jaipur (RJ-14),LCV,Pickup Van,Force Motors,Diesel,BS4,0,9,5
3223,REG103224,15-02-2020,2020,Rajasthan,Ajmer (RJ-01),4W,MUV,Mahindra,Petrol,BS4,0,5,4
3224,REG103225,28-09-2018,2018,Madhya Pradesh,Jabalpur (MP-20),2W,Motorcycle,Hero,CNG,BS4,200,2,6
3225,REG103226,04-09-2022,2022,Uttar Pradesh,Agra (UP-80),4W,Sedan,Mahindra,Hybrid,BS6,1462,5,2
3226,REG103227,01-08-2019,2019,Madhya Pradesh,Indore (MP-09),2W,Scooter,Ather,EV,BS4,0,2,5
3227,REG103228,30-01-2020,2020,Rajasthan,Kota (RJ-20),4W,Sedan,Maruti Suzuki,Petrol,BS4,1197,7,4
3228,REG103229,17-09-2021,2021,Gujarat,Vadodara (GJ-06),2W,Moped,Hero,Petrol,BS6,100,2,3
3229,REG103230,02-05-2021,2021,Madhya Pradesh,Ujjain (MP-13),4W,Sedan,Skoda,Diesel,BS6,0,8,3
3230,REG103231,24-05-2020,2020,Tamil Nadu,Madurai (TN-58),2W,Scooter,Bajaj,Petrol,BS4,150,2,4
3231,REG103232,25-04-2022,2022,Telangana,Warangal (TS-03),4W,Hatchback,Maruti Suzuki,Petrol,BS6,1598,6,2
3232,REG103233,23-05-2023,2023,Punjab,Amritsar (PB-02),4W,Sedan,Maruti Suzuki,Diesel,BS6,1000,8,1
3233,REG103234,20-03-2021,2021,Punjab,Patiala (PB-11),HCV,Tanker,Volvo,Diesel,BS6,0,52,3
3234,REG103235,20-03-2020,2020,West Bengal,Howrah (WB-13),2W,Moped,Ola Electric,Petrol,BS6,0,2,4
3235,REG103236,27-05-2018,2018,Rajasthan,Udaipur (RJ-27),2W,Motorcycle,TVS,Petrol,BS4,100,2,6
3236,REG103237,08-07-2021,2021,Rajasthan,Udaipur (RJ-27),4W,MUV,Hyundai,Petrol,BS6,0,5,3
3237,REG103238,26-07-2021,2021,Gujarat,Ahmedabad (GJ-01),HCV,Bus,Eicher,Diesel,BS6,6700,1,3
3238,REG103239,11-10-2019,2019,Kerala,Kollam (KL-02),4W,Sedan,Mahindra,CNG,BS4,1498,7,5
3239,REG103240,13-03-2021,2021,West Bengal,Asansol (WB-39),2W,Moped,Suzuki,Petrol,BS6,350,2,3
3240,REG103241,16-03-2021,2021,Uttar Pradesh,Allahabad (UP-70),2W,Moped,Royal Enfield,Petrol,BS6,125,2,3
3241,REG103242,05-05-2020,2020,Gujarat,Gandhinagar (GJ-18),2W,Moped,Ather,Petrol,BS6,0,2,4
3242,REG103243,29-09-2024,2024,Delhi,Delhi North (DL-04),2W,Scooter,Hero,Petrol,BS6,100,2,0
3243,REG103244,05-11-2024,2024,Kerala,Kochi (KL-07),2W,Scooter,Ola Electric,Petrol,BS6,0,2,0
3244,REG103245,14-09-2021,2021,Madhya Pradesh,Ujjain (MP-13),2W,Scooter,Honda,Petrol,BS6,0,2,3
3245,REG103246,03-12-2023,2023,Kerala,Thiruvananthapuram (KL-01),LCV,Light Bus,Eicher,Diesel,BS6,2956,12,1
3246,REG103247,23-04-2019,2019,Kerala,Thrissur (KL-08),2W,Moped,Bajaj,Petrol,BS4,160,2,5
3247,REG103248,21-11-2019,2019,Karnataka,Hubli (KA-25),2W,Motorcycle,Ather,Petrol,BS4,0,2,5
3248,REG103249,11-06-2023,2023,Gujarat,Ahmedabad (GJ-01),HCV,Trailer,Tata Motors,CNG,BS6,3760,45,1
3249,REG103250,21-10-2021,2021,Punjab,Chandigarh (CH-01),2W,Scooter,Hero,EV,BS6,0,2,3
3250,REG103251,05-02-2022,2022,Maharashtra,Nashik (MH-15),3W,E-Rickshaw,Kinetic Green,Diesel,BS6,200,3,2
3251,REG103252,20-03-2021,2021,Karnataka,Hubli (KA-25),4W,SUV,Honda,Petrol,BS6,2179,7,3
3252,REG103253,20-04-2021,2021,Madhya Pradesh,Jabalpur (MP-20),4W,Hatchback,MG,Hybrid,BS6,2179,7,3
3253,REG103254,07-11-2024,2024,Gujarat,Gandhinagar (GJ-18),4W,MUV,Maruti Suzuki,CNG,BS6,1000,6,0
3254,REG103255,09-01-2019,2019,Uttar Pradesh,Allahabad (UP-70),2W,Motorcycle,Suzuki,Petrol,BS4,150,2,5
3255,REG103256,26-11-2024,2024,Tamil Nadu,Salem (TN-30),4W,MUV,Toyota,Petrol,BS6,0,5,0
3256,REG103257,11-02-2023,2023,Rajasthan,Udaipur (RJ-27),HCV,Tanker,Ashok Leyland,Diesel,BS6,3760,52,1
3257,REG103258,21-07-2020,2020,Punjab,Jalandhar (PB-08),4W,SUV,Honda,Petrol,BS6,800,8,4
3258,REG103259,03-06-2021,2021,Gujarat,Ahmedabad (GJ-01),2W,Scooter,Royal Enfield,EV,BS6,0,2,3
3259,REG103260,07-01-2022,2022,Uttar Pradesh,Allahabad (UP-70),4W,SUV,Renault,Petrol,BS6,1462,8,2
3260,REG103261,06-09-2023,2023,Karnataka,Bangalore Central (KA-01),OTH,Crane,Sonalika,Diesel,BS6,4998,45,1
3261,REG103262,16-08-2023,2023,Rajasthan,Ajmer (RJ-01),LCV,Light Bus,Mahindra,Diesel,BS6,2523,9,1
3262,REG103263,11-11-2024,2024,Karnataka,Mangalore (KA-19),2W,Moped,Suzuki,Petrol,BS6,100,2,0
3263,REG103264,05-08-2021,2021,Tamil Nadu,Chennai Central (TN-01),2W,Scooter,Honda,Petrol,BS6,350,2,3
3264,REG103265,28-07-2023,2023,Gujarat,Surat (GJ-05),2W,Moped,Ather,Petrol,BS6,0,2,1
3265,REG103266,30-04-2023,2023,Rajasthan,Jodhpur (RJ-19),2W,Motorcycle,KTM,Hybrid,BS6,200,2,1
3266,REG103267,26-10-2023,2023,Delhi,Delhi Central (DL-01),LCV,Mini Truck,Ashok Leyland,CNG,BS6,2956,12,1
3267,REG103268,11-11-2019,2019,Madhya Pradesh,Jabalpur (MP-20),OTH,Tractor,Sonalika,Petrol,BS6,6700,45,5
3268,REG103269,21-03-2023,2023,Delhi,Delhi Central (DL-01),OTH,Tractor,Escorts,Diesel,BS6,5660,52,1
3269,REG103270,12-07-2023,2023,West Bengal,Howrah (WB-13),HCV,Bus,MAN,Diesel,BS6,5660,2,1
3270,REG103271,14-05-2022,2022,Punjab,Ludhiana (PB-10),LCV,Light Bus,Force Motors,CNG,BS6,2523,9,2
3271,REG103272,09-08-2021,2021,Gujarat,Gandhinagar (GJ-18),2W,Motorcycle,KTM,EV,BS6,0,2,3
3272,REG103273,08-11-2023,2023,Rajasthan,Kota (RJ-20),4W,Hatchback,MG,Petrol,BS6,1197,5,1
3273,REG103274,13-10-2023,2023,Kerala,Thiruvananthapuram (KL-01),2W,Scooter,Hero,Petrol,BS6,0,2,1
3274,REG103275,30-09-2020,2020,Delhi,Delhi West (DL-08),4W,MUV,Kia,Diesel,BS6,2179,5,4
3275,REG103276,03-11-2018,2018,Karnataka,Hubli (KA-25),4W,SUV,Toyota,Diesel,BS4,1462,7,6
3276,REG103277,25-10-2024,2024,Madhya Pradesh,Indore (MP-09),3W,Auto Rickshaw,Kinetic Green,EV,BS6,0,6,0
3277,REG103278,19-07-2023,2023,Rajasthan,Jodhpur (RJ-19),4W,Hatchback,Toyota,Petrol,BS6,800,5,1
3278,REG103279,07-02-2023,2023,Maharashtra,Mumbai Central (MH-01),4W,Hatchback,Maruti Suzuki,Petrol,BS6,1968,5,1
3279,REG103280,21-09-2023,2023,Punjab,Jalandhar (PB-08),2W,Scooter,Royal Enfield,Hybrid,BS6,110,2,1
3280,REG103281,13-03-2023,2023,Tamil Nadu,Chennai Central (TN-01),LCV,Mini Truck,Tata Motors,CNG,BS6,2956,15,1
3281,REG103282,15-10-2023,2023,Gujarat,Rajkot (GJ-03),LCV,Light Bus,Tata Motors,EV,BS6,0,12,1
3282,REG103283,28-09-2021,2021,Tamil Nadu,Coimbatore (TN-37),4W,Sedan,Hyundai,Petrol,BS6,1000,8,3
3283,REG103284,11-06-2024,2024,Madhya Pradesh,Jabalpur (MP-20),HCV,Bus,MAN,Diesel,BS6,6700,1,0
3284,REG103285,11-01-2019,2019,Punjab,Ludhiana (PB-10),2W,Motorcycle,Ather,EV,BS4,0,2,5
3285,REG103286,23-11-2022,2022,Delhi,Delhi Central (DL-01),3W,E-Rickshaw,TVS,CNG,BS6,225,3,2
3286,REG103287,06-04-2020,2020,Tamil Nadu,Coimbatore (TN-37),2W,Motorcycle,Suzuki,EV,BS6,0,2,4
3287,REG103288,17-03-2021,2021,Madhya Pradesh,Ujjain (MP-13),4W,MUV,MG,Diesel,BS6,1462,5,3
3288,REG103289,18-03-2023,2023,Kerala,Kollam (KL-02),4W,Sedan,Toyota,Petrol,BS6,1968,8,1
3289,REG103290,16-11-2022,2022,Karnataka,Mysore (KA-09),2W,Moped,Bajaj,EV,BS6,0,2,2
3290,REG103291,13-05-2021,2021,Rajasthan,Jodhpur (RJ-19),HCV,Trailer,Ashok Leyland,Diesel,BS6,5660,52,3
3291,REG103292,08-02-2022,2022,Gujarat,Surat (GJ-05),4W,MUV,Renault,Diesel,BS6,1498,6,2
3292,REG103293,15-10-2022,2022,Delhi,Delhi Central (DL-01),2W,Motorcycle,Ola Electric,CNG,BS6,0,2,2
3293,REG103294,29-01-2023,2023,West Bengal,Kolkata (WB-01),LCV,Pickup Van,Ashok Leyland,CNG,BS6,0,15,1
3294,REG103295,19-03-2022,2022,Tamil Nadu,Salem (TN-30),4W,Hatchback,Tata Motors,Diesel,BS6,800,7,2
3295,REG103296,21-07-2024,2024,Uttar Pradesh,Kanpur (UP-78),3W,Auto Rickshaw,Mahindra,CNG,BS6,200,3,0
3296,REG103297,15-11-2023,2023,Tamil Nadu,Coimbatore (TN-37),2W,Scooter,Honda,EV,BS6,0,2,1
3297,REG103298,19-10-2020,2020,Rajasthan,Ajmer (RJ-01),4W,MUV,MG,Hybrid,BS6,1462,7,4
3298,REG103299,10-05-2024,2024,West Bengal,Asansol (WB-39),2W,Scooter,Honda,EV,BS6,0,2,0
3299,REG103300,07-01-2024,2024,Gujarat,Ahmedabad (GJ-01),2W,Scooter,Bajaj,Petrol,BS6,150,2,0
3300,REG103301,23-02-2022,2022,Kerala,Kollam (KL-02),2W,Scooter,Suzuki,EV,BS6,0,2,2
3301,REG103302,08-01-2020,2020,Tamil Nadu,Madurai (TN-58),HCV,Trailer,MAN,Diesel,BS6,0,1,4
3302,REG103303,27-03-2023,2023,Rajasthan,Udaipur (RJ-27),HCV,Truck,MAN,Diesel,BS6,5660,52,1
3303,REG103304,24-09-2024,2024,Tamil Nadu,Trichy (TN-45),3W,Auto Rickshaw,Bajaj,CNG,BS6,225,3,0
3304,REG103305,27-06-2024,2024,Tamil Nadu,Salem (TN-30),2W,Scooter,Yamaha,Hybrid,BS6,125,2,0
3305,REG103306,09-10-2022,2022,Tamil Nadu,Chennai Central (TN-01),3W,Auto Rickshaw,Bajaj,EV,BS6,0,3,2
3306,REG103307,08-09-2023,2023,Telangana,Karimnagar (TS-01),2W,Moped,Honda,EV,BS6,0,2,1
3307,REG103308,17-06-2019,2019,Kerala,Thrissur (KL-08),4W,Sedan,Honda,Diesel,BS4,1598,7,5
3308,REG103309,05-06-2022,2022,Karnataka,Bangalore Central (KA-01),2W,Scooter,Honda,Petrol,BS6,400,2,2
3309,REG103310,03-08-2018,2018,Gujarat,Surat (GJ-05),2W,Motorcycle,Bajaj,CNG,BS4,100,2,6
3310,REG103311,29-04-2023,2023,West Bengal,Howrah (WB-13),2W,Scooter,Hero,Petrol,BS6,100,2,1
3311,REG103312,14-04-2024,2024,Kerala,Kochi (KL-07),4W,Sedan,Kia,Petrol,BS6,1000,8,0
3312,REG103313,30-12-2019,2019,Punjab,Ludhiana (PB-10),LCV,Light Bus,Tata Motors,CNG,BS4,0,9,5
3313,REG103314,13-12-2023,2023,Karnataka,Mangalore (KA-19),LCV,Pickup Van,Eicher,Diesel,BS6,3298,9,1
3314,REG103315,10-01-2024,2024,Delhi,Delhi East (DL-02),LCV,Pickup Van,Ashok Leyland,Diesel,BS6,0,9,0
3315,REG103316,29-05-2023,2023,Uttar Pradesh,Varanasi (UP-65),2W,Scooter,Hero,Petrol,BS6,200,2,1
3316,REG103317,25-10-2021,2021,Telangana,Hyderabad (TS-09),2W,Moped,Honda,EV,BS6,0,2,3
3317,REG103318,04-01-2019,2019,Kerala,Kochi (KL-07),3W,Tempo,Piaggio,CNG,BS4,250,3,5
3318,REG103319,20-02-2024,2024,Madhya Pradesh,Ujjain (MP-13),HCV,Tanker,Eicher,Diesel,BS6,4998,1,0
3319,REG103320,09-03-2020,2020,Rajasthan,Jodhpur (RJ-19),4W,SUV,Tata Motors,EV,BS6,0,5,4
3320,REG103321,01-05-2022,2022,Rajasthan,Ajmer (RJ-01),LCV,Mini Truck,Force Motors,CNG,BS6,3298,12,2
3321,REG103322,12-12-2020,2020,Kerala,Thiruvananthapuram (KL-01),HCV,Trailer,BharatBenz,Diesel,BS6,4998,52,4
3322,REG103323,13-06-2023,2023,Rajasthan,Jaipur (RJ-14),4W,Hatchback,Hyundai,Diesel,BS6,0,8,1
3323,REG103324,23-04-2020,2020,Tamil Nadu,Salem (TN-30),2W,Moped,Ather,EV,BS6,0,2,4
3324,REG103325,30-09-2020,2020,West Bengal,Durgapur (WB-40),4W,Hatchback,Mahindra,Petrol,BS6,0,5,4
3325,REG103326,09-03-2023,2023,Kerala,Kollam (KL-02),3W,Tempo,Mahindra,CNG,BS6,225,7,1
3326,REG103327,06-07-2021,2021,Delhi,Delhi West (DL-08),HCV,Trailer,MAN,EV,BS6,0,2,3
3327,REG103328,11-09-2022,2022,Maharashtra,Nagpur (MH-31),4W,SUV,Skoda,Diesel,BS6,1000,5,2
3328,REG103329,28-08-2021,2021,Madhya Pradesh,Indore (MP-09),4W,Sedan,Maruti Suzuki,EV,BS6,0,6,3
3329,REG103330,08-10-2024,2024,West Bengal,Durgapur (WB-40),2W,Moped,Honda,Petrol,BS6,0,2,0
3330,REG103331,03-04-2023,2023,Rajasthan,Ajmer (RJ-01),4W,Hatchback,Hyundai,Diesel,BS6,1000,6,1
3331,REG103332,19-05-2024,2024,Delhi,Delhi North (DL-04),4W,MUV,Maruti Suzuki,Petrol,BS6,2179,8,0
3332,REG103333,27-04-2022,2022,Madhya Pradesh,Bhopal (MP-04),2W,Moped,Ola Electric,EV,BS6,0,2,2
3333,REG103334,05-11-2020,2020,Madhya Pradesh,Jabalpur (MP-20),2W,Motorcycle,Honda,Hybrid,BS6,350,2,4
3334,REG103335,23-04-2021,2021,Punjab,Patiala (PB-11),2W,Motorcycle,Yamaha,CNG,BS6,150,2,3
3335,REG103336,15-10-2021,2021,Telangana,Karimnagar (TS-01),4W,SUV,Tata Motors,Diesel,BS6,0,8,3
3336,REG103337,05-05-2022,2022,Telangana,Hyderabad (TS-09),4W,SUV,Mahindra,CNG,BS6,800,5,2
3337,REG103338,01-12-2022,2022,Madhya Pradesh,Bhopal (MP-04),3W,E-Rickshaw,Atul Auto,CNG,BS6,250,6,2
3338,REG103339,20-08-2019,2019,Rajasthan,Udaipur (RJ-27),4W,SUV,Kia,Petrol,BS4,1968,6,5
3339,REG103340,20-08-2023,2023,Kerala,Thrissur (KL-08),2W,Moped,Yamaha,Petrol,BS6,200,2,1
3340,REG103341,21-09-2021,2021,Punjab,Chandigarh (CH-01),4W,Hatchback,Kia,Petrol,BS6,1462,7,3
3341,REG103342,06-07-2023,2023,Madhya Pradesh,Ujjain (MP-13),4W,MUV,Skoda,EV,BS6,0,7,1
3342,REG103343,06-02-2023,2023,West Bengal,Asansol (WB-39),4W,MUV,Toyota,Diesel,BS6,1968,8,1
3343,REG103344,18-04-2018,2018,Telangana,Nizamabad (TS-05),OTH,Tractor,John Deere,Diesel,BS4,3760,45,6
3344,REG103345,23-11-2019,2019,Madhya Pradesh,Bhopal (MP-04),4W,MUV,MG,Diesel,BS4,1462,7,5
3345,REG103346,26-10-2022,2022,Madhya Pradesh,Bhopal (MP-04),4W,Hatchback,MG,Diesel,BS6,1197,6,2
3346,REG103347,28-07-2020,2020,Delhi,Delhi East (DL-02),4W,SUV,Kia,Petrol,BS6,1598,6,4
3347,REG103348,16-12-2019,2019,Telangana,Nizamabad (TS-05),4W,Hatchback,Tata Motors,Petrol,BS4,1968,7,5
3348,REG103349,26-05-2023,2023,Delhi,Delhi East (DL-02),3W,E-Rickshaw,Kinetic Green,EV,BS6,0,3,1
3349,REG103350,06-09-2020,2020,Gujarat,Gandhinagar (GJ-18),4W,Sedan,Tata Motors,Petrol,BS6,1000,7,4
3350,REG103351,08-07-2023,2023,Uttar Pradesh,Allahabad (UP-70),2W,Motorcycle,Ola Electric,Petrol,BS6,0,2,1
3351,REG103352,29-08-2018,2018,Kerala,Thrissur (KL-08),OTH,Tractor,TAFE,Diesel,BS4,5660,1,6
3352,REG103353,20-07-2021,2021,Delhi,Delhi North (DL-04),OTH,Crane,John Deere,Diesel,BS6,3760,2,3
3353,REG103354,08-01-2023,2023,Karnataka,Belgaum (KA-22),4W,Hatchback,Tata Motors,Diesel,BS6,1968,7,1
3354,REG103355,28-11-2024,2024,Maharashtra,Nashik (MH-15),4W,Hatchback,Tata Motors,Petrol,BS6,1462,5,0
3355,REG103356,03-01-2021,2021,Rajasthan,Udaipur (RJ-27),2W,Scooter,Ather,CNG,BS6,0,2,3
3356,REG103357,19-04-2018,2018,Rajasthan,Kota (RJ-20),2W,Scooter,Ola Electric,Petrol,BS4,0,2,6
3357,REG103358,21-04-2023,2023,Uttar Pradesh,Lucknow (UP-32),3W,E-Rickshaw,Atul Auto,EV,BS6,0,7,1
3358,REG103359,14-12-2022,2022,Tamil Nadu,Salem (TN-30),2W,Motorcycle,Ola Electric,CNG,BS6,0,2,2
3359,REG103360,05-12-2021,2021,Maharashtra,Mumbai Central (MH-01),3W,Tempo,Kinetic Green,CNG,BS6,225,6,3
3360,REG103361,11-07-2019,2019,Punjab,Chandigarh (CH-01),2W,Moped,TVS,Petrol,BS4,200,2,5
3361,REG103362,13-01-2022,2022,Madhya Pradesh,Bhopal (MP-04),2W,Scooter,Ola Electric,Petrol,BS6,0,2,2
3362,REG103363,07-06-2024,2024,Rajasthan,Jaipur (RJ-14),2W,Motorcycle,Bajaj,EV,BS6,0,2,0
3363,REG103364,07-02-2021,2021,Maharashtra,Nashik (MH-15),2W,Scooter,TVS,Petrol,BS6,400,2,3
3364,REG103365,02-11-2023,2023,Madhya Pradesh,Indore (MP-09),4W,Sedan,Skoda,Hybrid,BS6,1197,8,1
3365,REG103366,23-03-2018,2018,Madhya Pradesh,Ujjain (MP-13),2W,Motorcycle,Yamaha,Petrol,BS4,125,2,6
3366,REG103367,26-08-2022,2022,Uttar Pradesh,Lucknow (UP-32),LCV,Light Bus,Mahindra,Diesel,BS6,0,15,2
3367,REG103368,09-09-2023,2023,Gujarat,Surat (GJ-05),3W,Auto Rickshaw,TVS,CNG,BS6,0,3,1
3368,REG103369,22-12-2023,2023,Telangana,Warangal (TS-03),2W,Motorcycle,TVS,Petrol,BS6,100,2,1
3369,REG103370,31-07-2024,2024,Karnataka,Mysore (KA-09),2W,Moped,Ather,Petrol,BS6,0,2,0
3370,REG103371,02-08-2021,2021,Rajasthan,Ajmer (RJ-01),4W,Sedan,Kia,Diesel,BS6,800,8,3
3371,REG103372,21-04-2020,2020,Gujarat,Rajkot (GJ-03),2W,Moped,Royal Enfield,Petrol,BS6,350,2,4
3372,REG103373,08-01-2024,2024,Telangana,Karimnagar (TS-01),4W,MUV,MG,CNG,BS6,2179,5,0
3373,REG103374,11-08-2022,2022,Kerala,Kollam (KL-02),2W,Scooter,KTM,EV,BS6,0,2,2
3374,REG103375,24-07-2022,2022,Tamil Nadu,Trichy (TN-45),3W,Tempo,Mahindra,CNG,BS6,200,7,2
3375,REG103376,26-11-2023,2023,Tamil Nadu,Trichy (TN-45),4W,Sedan,Honda,EV,BS6,0,7,1
3376,REG103377,06-08-2019,2019,Karnataka,Mangalore (KA-19),2W,Scooter,Bajaj,EV,BS4,0,2,5
3377,REG103378,08-02-2018,2018,Rajasthan,Udaipur (RJ-27),4W,MUV,Renault,Diesel,BS4,1968,8,6
3378,REG103379,25-09-2020,2020,Gujarat,Rajkot (GJ-03),HCV,Trailer,MAN,Diesel,BS6,4998,1,4
3379,REG103380,17-12-2024,2024,Tamil Nadu,Madurai (TN-58),2W,Moped,Yamaha,Petrol,BS6,160,2,0
3380,REG103381,12-10-2019,2019,Karnataka,Mangalore (KA-19),4W,Hatchback,Skoda,CNG,BS4,1498,5,5
3381,REG103382,17-12-2018,2018,Telangana,Karimnagar (TS-01),2W,Moped,Honda,EV,BS4,0,2,6
3382,REG103383,29-01-2023,2023,West Bengal,Kolkata (WB-01),2W,Motorcycle,KTM,EV,BS6,0,2,1
3383,REG103384,15-08-2022,2022,Gujarat,Ahmedabad (GJ-01),2W,Motorcycle,Suzuki,EV,BS6,0,2,2
3384,REG103385,04-02-2023,2023,Uttar Pradesh,Varanasi (UP-65),4W,SUV,Honda,Petrol,BS6,1000,5,1
3385,REG103386,05-07-2022,2022,Punjab,Chandigarh (CH-01),2W,Scooter,Hero,Petrol,BS6,100,2,2
3386,REG103387,31-08-2023,2023,Kerala,Kochi (KL-07),2W,Motorcycle,TVS,Petrol,BS6,125,2,1
3387,REG103388,30-03-2018,2018,Madhya Pradesh,Indore (MP-09),4W,Sedan,Maruti Suzuki,Petrol,BS4,2179,7,6
3388,REG103389,20-06-2023,2023,Punjab,Patiala (PB-11),3W,Tempo,Mahindra,EV,BS6,0,7,1
3389,REG103390,27-06-2023,2023,Uttar Pradesh,Agra (UP-80),4W,MUV,Kia,Petrol,BS6,1197,8,1
3390,REG103391,26-05-2021,2021,Madhya Pradesh,Ujjain (MP-13),4W,SUV,Tata Motors,Petrol,BS6,1000,7,3
3391,REG103392,02-05-2024,2024,Kerala,Kochi (KL-07),2W,Motorcycle,Yamaha,Petrol,BS6,350,2,0
3392,REG103393,08-11-2022,2022,Punjab,Ludhiana (PB-10),LCV,Pickup Van,Force Motors,EV,BS6,0,12,2
3393,REG103394,15-02-2021,2021,Telangana,Hyderabad (TS-09),4W,MUV,Maruti Suzuki,Diesel,BS6,2179,7,3
3394,REG103395,10-02-2021,2021,Punjab,Chandigarh (CH-01),4W,SUV,Skoda,Hybrid,BS6,1498,7,3
3395,REG103396,26-05-2022,2022,Punjab,Patiala (PB-11),2W,Motorcycle,Bajaj,Petrol,BS6,100,2,2
3396,REG103397,13-10-2022,2022,Madhya Pradesh,Gwalior (MP-07),2W,Scooter,Yamaha,Petrol,BS6,250,2,2
3397,REG103398,29-10-2024,2024,Delhi,Delhi East (DL-02),2W,Motorcycle,Yamaha,Petrol,BS6,110,2,0
3398,REG103399,01-10-2023,2023,Karnataka,Bangalore Central (KA-01),2W,Motorcycle,Ather,Petrol,BS6,0,2,1
3399,REG103400,01-11-2024,2024,Uttar Pradesh,Varanasi (UP-65),LCV,Light Bus,Eicher,CNG,BS6,2956,9,0
3400,REG103401,27-01-2022,2022,Karnataka,Mysore (KA-09),2W,Moped,Suzuki,Petrol,BS6,350,2,2
3401,REG103402,15-05-2020,2020,Kerala,Kochi (KL-07),4W,Hatchback,Maruti Suzuki,Petrol,BS6,1197,7,4
3402,REG103403,06-10-2024,2024,Punjab,Jalandhar (PB-08),4W,Sedan,Maruti Suzuki,Diesel,BS6,1197,8,0
3403,REG103404,16-12-2023,2023,Telangana,Hyderabad (TS-09),4W,Sedan,Hyundai,Hybrid,BS6,1498,7,1
3404,REG103405,23-02-2020,2020,West Bengal,Durgapur (WB-40),2W,Scooter,TVS,EV,BS6,0,2,4
3405,REG103406,23-08-2021,2021,Kerala,Kollam (KL-02),HCV,Tanker,Ashok Leyland,Diesel,BS6,4998,45,3
3406,REG103407,05-08-2023,2023,Rajasthan,Ajmer (RJ-01),2W,Scooter,Yamaha,Petrol,BS6,350,2,1
3407,REG103408,19-06-2022,2022,Uttar Pradesh,Allahabad (UP-70),HCV,Tanker,Eicher,Diesel,BS6,5660,32,2
3408,REG103409,29-02-2020,2020,Rajasthan,Ajmer (RJ-01),2W,Scooter,Royal Enfield,Petrol,BS6,0,2,4
3409,REG103410,11-08-2023,2023,Tamil Nadu,Trichy (TN-45),OTH,Tractor,Sonalika,Diesel,BS6,4998,45,1
3410,REG103411,22-09-2021,2021,Rajasthan,Jaipur (RJ-14),OTH,Road Roller,TAFE,Diesel,BS6,0,1,3
3411,REG103412,05-08-2022,2022,Karnataka,Mysore (KA-09),LCV,Light Bus,Ashok Leyland,Diesel,BS6,3298,12,2
3412,REG103413,26-12-2019,2019,Karnataka,Bangalore Central (KA-01),OTH,Crane,Escorts,Diesel,BS4,4998,1,5
3413,REG103414,29-04-2022,2022,West Bengal,Kolkata (WB-01),4W,SUV,Skoda,Petrol,BS6,1000,8,2
3414,REG103415,13-08-2020,2020,Maharashtra,Pune (MH-12),4W,MUV,Kia,Petrol,BS6,1197,8,4
3415,REG103416,03-08-2021,2021,Karnataka,Belgaum (KA-22),2W,Moped,TVS,Petrol,BS6,150,2,3
3416,REG103417,06-10-2023,2023,Karnataka,Bangalore Central (KA-01),2W,Motorcycle,Bajaj,EV,BS6,0,2,1
3417,REG103418,02-06-2019,2019,Telangana,Karimnagar (TS-01),4W,Hatchback,Honda,Diesel,BS4,1598,7,5
3418,REG103419,10-02-2023,2023,Telangana,Karimnagar (TS-01),2W,Scooter,Suzuki,Petrol,BS6,400,2,1
3419,REG103420,06-12-2019,2019,Maharashtra,Pune (MH-12),4W,Sedan,Toyota,Petrol,BS4,0,8,5
3420,REG103421,07-11-2021,2021,Uttar Pradesh,Allahabad (UP-70),2W,Scooter,Ola Electric,Petrol,BS6,0,2,3
3421,REG103422,18-06-2022,2022,Gujarat,Surat (GJ-05),4W,Sedan,Renault,Petrol,BS6,1197,5,2
3422,REG103423,16-02-2022,2022,Delhi,Delhi Central (DL-01),4W,Sedan,Skoda,Diesel,BS6,1197,6,2
3423,REG103424,06-03-2022,2022,Kerala,Kochi (KL-07),HCV,Bus,BharatBenz,Diesel,BS6,6700,45,2
3424,REG103425,25-08-2022,2022,Telangana,Karimnagar (TS-01),2W,Moped,Yamaha,Petrol,BS6,250,2,2
3425,REG103426,13-08-2022,2022,Maharashtra,Pune (MH-12),2W,Moped,KTM,EV,BS6,0,2,2
3426,REG103427,23-11-2023,2023,Kerala,Thiruvananthapuram (KL-01),2W,Moped,Ather,Petrol,BS6,0,2,1
3427,REG103428,07-03-2020,2020,Madhya Pradesh,Gwalior (MP-07),3W,E-Rickshaw,Mahindra,CNG,BS6,0,6,4
3428,REG103429,27-10-2022,2022,Madhya Pradesh,Bhopal (MP-04),2W,Scooter,Bajaj,Petrol,BS6,350,2,2
3429,REG103430,29-03-2023,2023,Delhi,Delhi Central (DL-01),HCV,Tanker,Ashok Leyland,EV,BS6,0,32,1
3430,REG103431,19-06-2023,2023,West Bengal,Kolkata (WB-01),2W,Motorcycle,Royal Enfield,Petrol,BS6,200,2,1
3431,REG103432,25-04-2023,2023,Rajasthan,Kota (RJ-20),LCV,Light Bus,Eicher,EV,BS6,0,12,1
3432,REG103433,05-02-2024,2024,Madhya Pradesh,Bhopal (MP-04),2W,Motorcycle,Suzuki,EV,BS6,0,2,0
3433,REG103434,20-07-2022,2022,Punjab,Jalandhar (PB-08),4W,SUV,Honda,EV,BS6,0,8,2
3434,REG103435,09-12-2024,2024,Punjab,Chandigarh (CH-01),2W,Scooter,Ather,CNG,BS6,0,2,0
3435,REG103436,24-03-2024,2024,West Bengal,Howrah (WB-13),2W,Moped,TVS,EV,BS6,0,2,0
3436,REG103437,04-12-2022,2022,Telangana,Khammam (TS-07),2W,Moped,KTM,CNG,BS6,250,2,2
3437,REG103438,22-05-2024,2024,Tamil Nadu,Coimbatore (TN-37),4W,SUV,Toyota,CNG,BS6,1197,8,0
3438,REG103439,31-01-2022,2022,Gujarat,Ahmedabad (GJ-01),3W,Auto Rickshaw,Kinetic Green,EV,BS6,0,3,2
3439,REG103440,04-05-2018,2018,Kerala,Thiruvananthapuram (KL-01),2W,Motorcycle,Ola Electric,EV,BS4,0,2,6
3440,REG103441,05-08-2020,2020,West Bengal,Kolkata (WB-01),LCV,Pickup Van,Mahindra,Diesel,BS6,2523,12,4
3441,REG103442,16-04-2021,2021,Telangana,Hyderabad (TS-09),2W,Moped,Hero,Petrol,BS6,350,2,3
3442,REG103443,09-09-2023,2023,Gujarat,Surat (GJ-05),2W,Scooter,Hero,Petrol,BS6,125,2,1
3443,REG103444,14-11-2022,2022,Telangana,Karimnagar (TS-01),2W,Scooter,Suzuki,Petrol,BS6,200,2,2
3444,REG103445,10-11-2021,2021,West Bengal,Asansol (WB-39),4W,SUV,Toyota,Diesel,BS6,1598,7,3
3445,REG103446,16-10-2023,2023,Maharashtra,Nagpur (MH-31),2W,Moped,Bajaj,CNG,BS6,110,2,1
3446,REG103447,26-06-2022,2022,West Bengal,Kolkata (WB-01),2W,Scooter,Royal Enfield,Petrol,BS6,125,2,2
3447,REG103448,21-08-2023,2023,Kerala,Kozhikode (KL-11),2W,Moped,Yamaha,Petrol,BS6,400,2,1
3448,REG103449,09-11-2021,2021,Madhya Pradesh,Ujjain (MP-13),2W,Motorcycle,Suzuki,EV,BS6,0,2,3
3449,REG103450,18-03-2023,2023,Karnataka,Hubli (KA-25),LCV,Pickup Van,Force Motors,Diesel,BS6,2523,9,1
3450,REG103451,20-09-2022,2022,Maharashtra,Pune (MH-12),3W,E-Rickshaw,Atul Auto,CNG,BS6,225,6,2
3451,REG103452,28-03-2023,2023,Maharashtra,Pune (MH-12),4W,SUV,Mahindra,Petrol,BS6,1498,7,1
3452,REG103453,22-10-2023,2023,Maharashtra,Pune (MH-12),4W,MUV,Mahindra,Petrol,BS6,1498,5,1
3453,REG103454,01-07-2023,2023,Tamil Nadu,Chennai Central (TN-01),4W,Hatchback,Toyota,EV,BS6,0,7,1
3454,REG103455,15-02-2022,2022,Punjab,Patiala (PB-11),2W,Motorcycle,Royal Enfield,EV,BS6,0,2,2
3455,REG103456,01-11-2018,2018,Madhya Pradesh,Indore (MP-09),LCV,Pickup Van,Ashok Leyland,Diesel,BS4,2523,9,6
3456,REG103457,05-02-2023,2023,Delhi,Delhi West (DL-08),4W,Sedan,Kia,Diesel,BS6,1462,6,1
3457,REG103458,06-04-2022,2022,Punjab,Patiala (PB-11),2W,Motorcycle,KTM,Petrol,BS6,350,2,2
3458,REG103459,14-11-2018,2018,Delhi,Delhi West (DL-08),4W,Hatchback,Hyundai,Petrol,BS4,1000,6,6
3459,REG103460,14-10-2022,2022,Telangana,Hyderabad (TS-09),OTH,Tractor,Mahindra,Diesel,BS6,3760,2,2
3460,REG103461,05-02-2023,2023,Punjab,Patiala (PB-11),HCV,Truck,Eicher,Diesel,BS6,0,45,1
3461,REG103462,25-02-2019,2019,Madhya Pradesh,Jabalpur (MP-20),2W,Scooter,TVS,Petrol,BS4,0,2,5
3462,REG103463,14-10-2020,2020,Punjab,Chandigarh (CH-01),3W,Auto Rickshaw,Kinetic Green,CNG,BS6,225,3,4
3463,REG103464,31-12-2018,2018,West Bengal,Howrah (WB-13),2W,Scooter,Suzuki,EV,BS4,0,2,6
3464,REG103465,17-02-2022,2022,West Bengal,Kolkata (WB-01),2W,Moped,Bajaj,CNG,BS6,0,2,2
3465,REG103466,27-02-2021,2021,Karnataka,Belgaum (KA-22),4W,MUV,Kia,Petrol,BS6,1462,6,3
3466,REG103467,15-01-2022,2022,Tamil Nadu,Chennai Central (TN-01),4W,Sedan,Kia,Petrol,BS6,2179,5,2
3467,REG103468,21-08-2023,2023,Gujarat,Gandhinagar (GJ-18),3W,E-Rickshaw,TVS,CNG,BS6,250,7,1
3468,REG103469,17-04-2019,2019,Tamil Nadu,Madurai (TN-58),4W,MUV,Tata Motors,Petrol,BS4,1000,8,5
3469,REG103470,29-01-2024,2024,Maharashtra,Pune (MH-12),4W,Hatchback,Hyundai,EV,BS6,0,8,0
3470,REG103471,12-01-2022,2022,Maharashtra,Pune (MH-12),4W,MUV,Mahindra,Petrol,BS6,800,7,2
3471,REG103472,12-03-2023,2023,Punjab,Patiala (PB-11),2W,Moped,Suzuki,Petrol,BS6,150,2,1
3472,REG103473,05-01-2023,2023,Delhi,Delhi North (DL-04),2W,Scooter,Honda,Hybrid,BS6,100,2,1
3473,REG103474,12-04-2018,2018,Punjab,Jalandhar (PB-08),LCV,Mini Truck,Ashok Leyland,CNG,BS4,2956,9,6
3474,REG103475,08-09-2024,2024,Delhi,Delhi West (DL-08),2W,Motorcycle,Suzuki,Petrol,BS6,160,2,0
3475,REG103476,20-06-2020,2020,Gujarat,Gandhinagar (GJ-18),4W,Sedan,Skoda,EV,BS6,0,8,4
3476,REG103477,08-10-2020,2020,Tamil Nadu,Coimbatore (TN-37),3W,E-Rickshaw,Atul Auto,EV,BS6,0,7,4
3477,REG103478,04-08-2023,2023,Gujarat,Vadodara (GJ-06),2W,Motorcycle,Bajaj,EV,BS6,0,2,1
3478,REG103479,16-04-2022,2022,Delhi,Delhi West (DL-08),3W,Auto Rickshaw,Piaggio,Diesel,BS6,0,3,2
3479,REG103480,13-05-2022,2022,Uttar Pradesh,Allahabad (UP-70),LCV,Mini Truck,Mahindra,Diesel,BS6,2956,12,2
3480,REG103481,21-09-2024,2024,Gujarat,Rajkot (GJ-03),2W,Scooter,Suzuki,Petrol,BS6,250,2,0
3481,REG103482,15-02-2020,2020,Kerala,Thrissur (KL-08),HCV,Trailer,Tata Motors,Diesel,BS4,4998,1,4
3482,REG103483,24-07-2022,2022,Uttar Pradesh,Kanpur (UP-78),2W,Scooter,Yamaha,Petrol,BS6,100,2,2
3483,REG103484,18-05-2019,2019,Karnataka,Hubli (KA-25),2W,Scooter,Hero,EV,BS6,0,2,5
3484,REG103485,26-12-2021,2021,Karnataka,Hubli (KA-25),2W,Moped,Honda,CNG,BS6,250,2,3
3485,REG103486,12-04-2021,2021,Karnataka,Bangalore Central (KA-01),2W,Scooter,Honda,Petrol,BS6,250,2,3
3486,REG103487,24-06-2023,2023,Karnataka,Bangalore Central (KA-01),3W,Auto Rickshaw,Mahindra,Petrol,BS6,250,7,1
3487,REG103488,07-05-2023,2023,Madhya Pradesh,Gwalior (MP-07),2W,Scooter,Royal Enfield,Petrol,BS6,250,2,1
3488,REG103489,14-01-2019,2019,Telangana,Nizamabad (TS-05),HCV,Bus,BharatBenz,Diesel,BS4,4998,32,5
3489,REG103490,11-12-2024,2024,Madhya Pradesh,Gwalior (MP-07),4W,SUV,Kia,Diesel,BS6,1968,8,0
3490,REG103491,26-11-2022,2022,Maharashtra,Mumbai Central (MH-01),2W,Motorcycle,Honda,Petrol,BS6,125,2,2
3491,REG103492,17-05-2023,2023,Tamil Nadu,Salem (TN-30),4W,Sedan,Renault,Diesel,BS6,1197,5,1
3492,REG103493,02-12-2020,2020,Madhya Pradesh,Jabalpur (MP-20),4W,Sedan,Honda,Diesel,BS6,800,7,4
3493,REG103494,06-11-2018,2018,Madhya Pradesh,Jabalpur (MP-20),2W,Moped,Bajaj,Petrol,BS4,0,2,6
3494,REG103495,30-07-2019,2019,Karnataka,Mangalore (KA-19),4W,SUV,Maruti Suzuki,Diesel,BS4,1498,5,5
3495,REG103496,30-08-2020,2020,Delhi,Delhi West (DL-08),4W,SUV,Renault,Petrol,BS4,2179,5,4
3496,REG103497,21-06-2023,2023,Maharashtra,Nashik (MH-15),2W,Scooter,Ola Electric,Petrol,BS6,0,2,1
3497,REG103498,08-08-2022,2022,Gujarat,Surat (GJ-05),4W,SUV,Kia,Petrol,BS6,1598,7,2
3498,REG103499,11-08-2023,2023,Tamil Nadu,Chennai Central (TN-01),OTH,Road Roller,Sonalika,Diesel,BS6,4998,45,1
3499,REG103500,04-02-2024,2024,Rajasthan,Jodhpur (RJ-19),3W,Auto Rickshaw,Bajaj,Diesel,BS6,0,3,0
3500,REG103501,05-04-2023,2023,Gujarat,Vadodara (GJ-06),3W,Tempo,TVS,EV,BS6,0,6,1
3501,REG103502,23-05-2023,2023,Madhya Pradesh,Bhopal (MP-04),4W,Sedan,Renault,Petrol,BS6,0,8,1
3502,REG103503,12-10-2022,2022,Kerala,Thiruvananthapuram (KL-01),4W,Hatchback,Maruti Suzuki,Petrol,BS6,1000,6,2
3503,REG103504,03-05-2021,2021,Madhya Pradesh,Ujjain (MP-13),2W,Moped,Yamaha,EV,BS6,0,2,3
3504,REG103505,29-03-2024,2024,Gujarat,Gandhinagar (GJ-18),2W,Scooter,Honda,CNG,BS6,150,2,0
3505,REG103506,29-08-2020,2020,Rajasthan,Kota (RJ-20),4W,Sedan,Mahindra,Diesel,BS6,1598,8,4
3506,REG103507,15-06-2024,2024,Madhya Pradesh,Jabalpur (MP-20),4W,Hatchback,Mahindra,Petrol,BS6,1968,7,0
3507,REG103508,08-03-2021,2021,Madhya Pradesh,Jabalpur (MP-20),HCV,Tanker,Tata Motors,Diesel,BS6,3760,52,3
3508,REG103509,22-10-2024,2024,West Bengal,Kolkata (WB-01),4W,SUV,Hyundai,Hybrid,BS6,1000,5,0
3509,REG103510,11-02-2021,2021,Uttar Pradesh,Lucknow (UP-32),2W,Scooter,Royal Enfield,Petrol,BS6,110,2,3
3510,REG103511,04-06-2023,2023,Punjab,Patiala (PB-11),2W,Moped,KTM,Petrol,BS6,350,2,1
3511,REG103512,08-12-2020,2020,Delhi,Delhi South (DL-09),HCV,Trailer,MAN,Diesel,BS4,6700,32,4
3512,REG103513,20-11-2022,2022,Telangana,Karimnagar (TS-01),3W,Auto Rickshaw,Mahindra,EV,BS6,0,6,2
3513,REG103514,12-10-2023,2023,Delhi,Delhi East (DL-02),2W,Motorcycle,TVS,Petrol,BS6,100,2,1
3514,REG103515,10-11-2024,2024,Telangana,Warangal (TS-03),4W,MUV,MG,CNG,BS6,1968,8,0
3515,REG103516,20-04-2024,2024,Uttar Pradesh,Lucknow (UP-32),2W,Scooter,Yamaha,CNG,BS6,0,2,0
3516,REG103517,29-09-2023,2023,Madhya Pradesh,Gwalior (MP-07),3W,E-Rickshaw,TVS,Diesel,BS6,225,3,1
3517,REG103518,31-10-2023,2023,Kerala,Thiruvananthapuram (KL-01),4W,Sedan,MG,Petrol,BS6,800,8,1
3518,REG103519,02-08-2022,2022,Maharashtra,Pune (MH-12),3W,Auto Rickshaw,Atul Auto,EV,BS6,0,7,2
3519,REG103520,30-04-2024,2024,Delhi,Delhi East (DL-02),2W,Moped,Hero,EV,BS6,0,2,0
3520,REG103521,29-07-2021,2021,Telangana,Nizamabad (TS-05),4W,MUV,MG,Hybrid,BS6,1197,8,3
3521,REG103522,10-03-2021,2021,Rajasthan,Jaipur (RJ-14),LCV,Pickup Van,Ashok Leyland,Diesel,BS6,0,12,3
3522,REG103523,16-08-2020,2020,Uttar Pradesh,Agra (UP-80),4W,Hatchback,Skoda,Diesel,BS6,1498,8,4
3523,REG103524,18-03-2021,2021,West Bengal,Asansol (WB-39),2W,Motorcycle,Bajaj,Petrol,BS6,100,2,3
3524,REG103525,19-07-2018,2018,Tamil Nadu,Salem (TN-30),OTH,Crane,Escorts,Diesel,BS4,5660,32,6
3525,REG103526,17-01-2022,2022,Tamil Nadu,Madurai (TN-58),HCV,Bus,Ashok Leyland,Diesel,BS6,6700,32,2
3526,REG103527,18-03-2021,2021,Maharashtra,Nashik (MH-15),2W,Motorcycle,Suzuki,EV,BS6,0,2,3
3527,REG103528,13-04-2021,2021,West Bengal,Siliguri (WB-73),4W,SUV,Hyundai,Petrol,BS6,2179,5,3
3528,REG103529,03-11-2024,2024,Maharashtra,Nagpur (MH-31),LCV,Mini Truck,Force Motors,EV,BS6,0,9,0
3529,REG103530,22-12-2020,2020,Tamil Nadu,Salem (TN-30),2W,Motorcycle,Royal Enfield,Petrol,BS6,250,2,4
3530,REG103531,22-06-2023,2023,Tamil Nadu,Trichy (TN-45),2W,Motorcycle,Bajaj,EV,BS6,0,2,1
3531,REG103532,28-01-2023,2023,Delhi,Delhi Central (DL-01),2W,Motorcycle,KTM,Hybrid,BS6,100,2,1
3532,REG103533,14-04-2024,2024,Telangana,Khammam (TS-07),2W,Moped,Bajaj,Petrol,BS6,350,2,0
3533,REG103534,03-10-2019,2019,Maharashtra,Nagpur (MH-31),2W,Motorcycle,Bajaj,CNG,BS4,400,2,5
3534,REG103535,08-10-2021,2021,Delhi,Delhi South (DL-09),2W,Scooter,Honda,Petrol,BS6,100,2,3
3535,REG103536,17-11-2023,2023,Gujarat,Rajkot (GJ-03),2W,Motorcycle,Ola Electric,EV,BS6,0,2,1
3536,REG103537,01-12-2021,2021,Madhya Pradesh,Bhopal (MP-04),3W,E-Rickshaw,Atul Auto,EV,BS6,0,6,3
3537,REG103538,23-12-2021,2021,Rajasthan,Kota (RJ-20),2W,Moped,TVS,Petrol,BS6,400,2,3
3538,REG103539,16-03-2018,2018,Delhi,Delhi North (DL-04),4W,Sedan,Honda,Petrol,BS4,2179,6,6
3539,REG103540,08-03-2020,2020,Madhya Pradesh,Ujjain (MP-13),2W,Moped,Yamaha,EV,BS4,0,2,4
3540,REG103541,28-08-2022,2022,Telangana,Warangal (TS-03),4W,Hatchback,Mahindra,CNG,BS6,0,6,2
3541,REG103542,18-09-2020,2020,Madhya Pradesh,Indore (MP-09),2W,Scooter,Hero,Petrol,BS6,200,2,4
3542,REG103543,07-03-2023,2023,Punjab,Jalandhar (PB-08),HCV,Trailer,Tata Motors,CNG,BS6,5660,1,1
3543,REG103544,19-01-2023,2023,Uttar Pradesh,Varanasi (UP-65),2W,Moped,Ather,Petrol,BS6,0,2,1
3544,REG103545,18-10-2022,2022,Madhya Pradesh,Jabalpur (MP-20),2W,Scooter,KTM,Petrol,BS6,0,2,2
3545,REG103546,15-02-2021,2021,Madhya Pradesh,Ujjain (MP-13),2W,Motorcycle,Ather,EV,BS6,0,2,3
3546,REG103547,22-02-2021,2021,Delhi,Delhi South (DL-09),2W,Scooter,TVS,EV,BS6,0,2,3
3547,REG103548,31-07-2020,2020,Rajasthan,Ajmer (RJ-01),4W,Sedan,MG,Petrol,BS4,1462,7,4
3548,REG103549,14-06-2022,2022,Punjab,Amritsar (PB-02),HCV,Trailer,Tata Motors,Diesel,BS6,5660,45,2
3549,REG103550,09-09-2022,2022,Rajasthan,Udaipur (RJ-27),4W,SUV,Mahindra,Petrol,BS6,1462,5,2
3550,REG103551,14-04-2020,2020,Maharashtra,Pune (MH-12),4W,Hatchback,Maruti Suzuki,EV,BS6,0,8,4
3551,REG103552,29-03-2023,2023,Delhi,Delhi East (DL-02),2W,Scooter,KTM,Petrol,BS6,150,2,1
3552,REG103553,07-12-2024,2024,Gujarat,Gandhinagar (GJ-18),3W,Tempo,Piaggio,EV,BS6,0,3,0
3553,REG103554,22-07-2022,2022,Karnataka,Belgaum (KA-22),2W,Moped,Hero,Petrol,BS6,100,2,2
3554,REG103555,18-08-2021,2021,Kerala,Thrissur (KL-08),2W,Moped,TVS,Petrol,BS4,400,2,3
3555,REG103556,16-02-2023,2023,Punjab,Ludhiana (PB-10),4W,SUV,Skoda,Diesel,BS6,2179,8,1
3556,REG103557,28-12-2024,2024,Maharashtra,Aurangabad (MH-20),4W,Sedan,MG,Petrol,BS6,1598,5,0
3557,REG103558,22-10-2021,2021,Maharashtra,Nagpur (MH-31),2W,Scooter,Bajaj,CNG,BS6,160,2,3
3558,REG103559,31-12-2023,2023,Gujarat,Rajkot (GJ-03),4W,Sedan,Renault,Diesel,BS6,1598,6,1
3559,REG103560,11-10-2021,2021,Telangana,Khammam (TS-07),2W,Scooter,Suzuki,EV,BS6,0,2,3
3560,REG103561,04-10-2019,2019,West Bengal,Asansol (WB-39),4W,SUV,MG,Diesel,BS4,0,6,5
3561,REG103562,18-09-2022,2022,West Bengal,Durgapur (WB-40),2W,Scooter,Yamaha,Petrol,BS6,200,2,2
3562,REG103563,03-05-2021,2021,Punjab,Ludhiana (PB-10),3W,E-Rickshaw,Piaggio,Petrol,BS6,200,7,3
3563,REG103564,26-03-2023,2023,Punjab,Patiala (PB-11),4W,MUV,Kia,Diesel,BS6,1498,6,1
3564,REG103565,06-04-2021,2021,Gujarat,Surat (GJ-05),2W,Moped,Suzuki,EV,BS6,0,2,3
3565,REG103566,07-10-2019,2019,Madhya Pradesh,Gwalior (MP-07),2W,Motorcycle,Ather,EV,BS4,0,2,5
3566,REG103567,03-06-2021,2021,Delhi,Delhi West (DL-08),LCV,Pickup Van,Eicher,Diesel,BS6,2523,9,3
3567,REG103568,04-03-2023,2023,West Bengal,Siliguri (WB-73),2W,Scooter,KTM,EV,BS6,0,2,1
3568,REG103569,21-10-2024,2024,Uttar Pradesh,Lucknow (UP-32),2W,Motorcycle,Yamaha,Petrol,BS6,250,2,0
3569,REG103570,05-02-2022,2022,Kerala,Kozhikode (KL-11),OTH,Road Roller,Sonalika,Petrol,BS6,0,1,2
3570,REG103571,08-03-2020,2020,Maharashtra,Nagpur (MH-31),2W,Moped,Ola Electric,Petrol,BS6,0,2,4
3571,REG103572,14-01-2021,2021,Uttar Pradesh,Varanasi (UP-65),2W,Motorcycle,Ather,Petrol,BS6,0,2,3
3572,REG103573,05-02-2018,2018,Punjab,Amritsar (PB-02),4W,MUV,Mahindra,Diesel,BS4,1197,7,6
3573,REG103574,01-12-2022,2022,Rajasthan,Udaipur (RJ-27),2W,Moped,Honda,Petrol,BS6,110,2,2
3574,REG103575,11-07-2023,2023,Punjab,Amritsar (PB-02),4W,Hatchback,Mahindra,Diesel,BS6,800,7,1
3575,REG103576,14-09-2022,2022,Rajasthan,Jaipur (RJ-14),4W,Sedan,Skoda,Diesel,BS6,1968,8,2
3576,REG103577,14-04-2024,2024,Karnataka,Mangalore (KA-19),2W,Motorcycle,Royal Enfield,EV,BS6,0,2,0
3577,REG103578,30-10-2022,2022,Telangana,Nizamabad (TS-05),2W,Moped,Honda,EV,BS6,0,2,2
3578,REG103579,22-01-2021,2021,Delhi,Delhi East (DL-02),2W,Motorcycle,Royal Enfield,EV,BS6,0,2,3
3579,REG103580,11-09-2019,2019,Gujarat,Ahmedabad (GJ-01),4W,Sedan,MG,EV,BS4,0,7,5
3580,REG103581,04-02-2021,2021,Uttar Pradesh,Kanpur (UP-78),4W,SUV,Renault,Petrol,BS6,1197,8,3
3581,REG103582,07-02-2022,2022,Kerala,Kochi (KL-07),4W,Sedan,Maruti Suzuki,Diesel,BS6,1968,7,2
3582,REG103583,02-02-2018,2018,West Bengal,Kolkata (WB-01),2W,Motorcycle,Ather,EV,BS4,0,2,6
3583,REG103584,24-04-2022,2022,Karnataka,Bangalore Central (KA-01),4W,Sedan,Mahindra,EV,BS6,0,5,2
3584,REG103585,11-03-2022,2022,Tamil Nadu,Madurai (TN-58),2W,Moped,Ather,Hybrid,BS6,0,2,2
3585,REG103586,19-12-2022,2022,Uttar Pradesh,Kanpur (UP-78),2W,Scooter,Yamaha,EV,BS6,0,2,2
3586,REG103587,25-02-2023,2023,Kerala,Kollam (KL-02),OTH,Tractor,Mahindra,Diesel,BS6,0,45,1
3587,REG103588,13-03-2020,2020,Telangana,Hyderabad (TS-09),HCV,Trailer,Tata Motors,Diesel,BS6,3760,2,4
3588,REG103589,13-10-2019,2019,Uttar Pradesh,Lucknow (UP-32),3W,E-Rickshaw,TVS,Petrol,BS4,200,6,5
3589,REG103590,12-05-2022,2022,Gujarat,Rajkot (GJ-03),LCV,Light Bus,Tata Motors,CNG,BS6,2523,15,2
3590,REG103591,16-01-2022,2022,Delhi,Delhi West (DL-08),2W,Scooter,Royal Enfield,Petrol,BS6,250,2,2
3591,REG103592,21-12-2021,2021,Maharashtra,Aurangabad (MH-20),4W,SUV,Renault,Petrol,BS6,2179,7,3
3592,REG103593,28-06-2022,2022,Rajasthan,Udaipur (RJ-27),2W,Moped,Bajaj,CNG,BS6,0,2,2
3593,REG103594,07-12-2019,2019,Madhya Pradesh,Bhopal (MP-04),3W,Auto Rickshaw,Atul Auto,CNG,BS4,200,6,5
3594,REG103595,11-12-2020,2020,Punjab,Amritsar (PB-02),3W,Tempo,Mahindra,Diesel,BS6,250,6,4
3595,REG103596,11-09-2019,2019,Uttar Pradesh,Varanasi (UP-65),4W,SUV,Mahindra,Petrol,BS4,1197,8,5
3596,REG103597,10-03-2021,2021,Karnataka,Mangalore (KA-19),OTH,Road Roller,Sonalika,Diesel,BS6,6700,2,3
3597,REG103598,04-10-2021,2021,Punjab,Jalandhar (PB-08),HCV,Truck,Tata Motors,EV,BS6,0,45,3
3598,REG103599,08-10-2023,2023,Maharashtra,Pune (MH-12),2W,Moped,TVS,Petrol,BS6,0,2,1
3599,REG103600,12-09-2021,2021,Madhya Pradesh,Jabalpur (MP-20),3W,Auto Rickshaw,Bajaj,Diesel,BS6,0,7,3
3600,REG103601,16-03-2020,2020,Gujarat,Ahmedabad (GJ-01),2W,Scooter,KTM,Petrol,BS4,200,2,4
3601,REG103602,19-07-2021,2021,Tamil Nadu,Madurai (TN-58),2W,Motorcycle,Yamaha,Petrol,BS4,100,2,3
3602,REG103603,20-08-2022,2022,Maharashtra,Aurangabad (MH-20),2W,Moped,Ola Electric,Petrol,BS6,0,2,2
3603,REG103604,03-07-2020,2020,Karnataka,Hubli (KA-25),HCV,Truck,Volvo,EV,BS6,0,32,4
3604,REG103605,09-01-2021,2021,Delhi,Delhi Central (DL-01),2W,Motorcycle,Ather,Petrol,BS6,0,2,3
3605,REG103606,30-12-2020,2020,Punjab,Patiala (PB-11),2W,Moped,TVS,Petrol,BS4,110,2,4
3606,REG103607,25-04-2024,2024,Maharashtra,Aurangabad (MH-20),2W,Motorcycle,Ola Electric,Petrol,BS6,0,2,0
3607,REG103608,22-12-2022,2022,Gujarat,Ahmedabad (GJ-01),2W,Motorcycle,Ather,EV,BS6,0,2,2
3608,REG103609,05-06-2022,2022,Madhya Pradesh,Jabalpur (MP-20),LCV,Pickup Van,Eicher,EV,BS6,0,9,2
3609,REG103610,15-11-2019,2019,Karnataka,Bangalore Central (KA-01),2W,Moped,TVS,Petrol,BS4,0,2,5
3610,REG103611,16-07-2023,2023,Madhya Pradesh,Ujjain (MP-13),2W,Motorcycle,Hero,Petrol,BS6,125,2,1
3611,REG103612,11-08-2023,2023,Gujarat,Surat (GJ-05),OTH,Crane,Sonalika,Diesel,BS6,4998,32,1
3612,REG103613,26-12-2021,2021,Rajasthan,Ajmer (RJ-01),3W,E-Rickshaw,TVS,CNG,BS4,250,7,3
3613,REG103614,31-05-2020,2020,Telangana,Khammam (TS-07),2W,Moped,KTM,EV,BS6,0,2,4
3614,REG103615,12-10-2024,2024,Tamil Nadu,Madurai (TN-58),2W,Motorcycle,Honda,EV,BS6,0,2,0
3615,REG103616,27-09-2021,2021,Telangana,Hyderabad (TS-09),2W,Motorcycle,Royal Enfield,Petrol,BS6,125,2,3
3616,REG103617,13-07-2022,2022,Telangana,Karimnagar (TS-01),2W,Scooter,KTM,Petrol,BS6,100,2,2
3617,REG103618,17-08-2023,2023,Telangana,Warangal (TS-03),4W,MUV,Kia,Diesel,BS6,1000,6,1
3618,REG103619,03-07-2024,2024,Maharashtra,Nashik (MH-15),2W,Motorcycle,Bajaj,CNG,BS6,0,2,0
3619,REG103620,02-12-2019,2019,Delhi,Delhi Central (DL-01),2W,Moped,TVS,Petrol,BS4,100,2,5
3620,REG103621,03-03-2020,2020,West Bengal,Durgapur (WB-40),4W,Hatchback,Kia,Petrol,BS6,800,8,4
3621,REG103622,15-07-2023,2023,Karnataka,Hubli (KA-25),HCV,Trailer,Ashok Leyland,Diesel,BS6,5660,32,1
3622,REG103623,03-09-2022,2022,Kerala,Thrissur (KL-08),2W,Motorcycle,Bajaj,Petrol,BS6,110,2,2
3623,REG103624,14-11-2024,2024,Karnataka,Hubli (KA-25),2W,Motorcycle,Royal Enfield,EV,BS6,0,2,0
3624,REG103625,03-06-2020,2020,Punjab,Jalandhar (PB-08),2W,Motorcycle,Hero,Hybrid,BS6,150,2,4
3625,REG103626,02-07-2023,2023,Gujarat,Vadodara (GJ-06),4W,MUV,Toyota,Hybrid,BS6,0,8,1
3626,REG103627,08-03-2021,2021,Madhya Pradesh,Bhopal (MP-04),4W,Hatchback,MG,Diesel,BS6,1000,7,3
3627,REG103628,21-09-2022,2022,Punjab,Patiala (PB-11),2W,Moped,Royal Enfield,Petrol,BS6,125,2,2
3628,REG103629,06-04-2019,2019,West Bengal,Durgapur (WB-40),4W,Hatchback,Mahindra,Petrol,BS4,1462,7,5
3629,REG103630,02-03-2022,2022,Gujarat,Gandhinagar (GJ-18),2W,Scooter,Hero,Petrol,BS6,160,2,2
3630,REG103631,12-09-2021,2021,Kerala,Kollam (KL-02),2W,Scooter,Ather,EV,BS6,0,2,3
3631,REG103632,29-06-2024,2024,Maharashtra,Nashik (MH-15),2W,Scooter,Suzuki,Petrol,BS6,250,2,0
3632,REG103633,21-03-2019,2019,Maharashtra,Mumbai Central (MH-01),4W,MUV,Honda,EV,BS4,0,6,5
3633,REG103634,26-03-2021,2021,Madhya Pradesh,Ujjain (MP-13),2W,Moped,Bajaj,EV,BS6,0,2,3
3634,REG103635,03-11-2023,2023,Telangana,Nizamabad (TS-05),4W,Sedan,Honda,Petrol,BS6,1462,6,1
3635,REG103636,19-01-2022,2022,Maharashtra,Nagpur (MH-31),4W,SUV,Skoda,Diesel,BS6,1968,8,2
3636,REG103637,03-04-2024,2024,Madhya Pradesh,Jabalpur (MP-20),2W,Scooter,Ather,Petrol,BS6,0,2,0
3637,REG103638,16-02-2021,2021,Gujarat,Vadodara (GJ-06),2W,Scooter,Ather,CNG,BS6,0,2,3
3638,REG103639,02-04-2020,2020,Telangana,Nizamabad (TS-05),OTH,Crane,John Deere,Diesel,BS6,3760,1,4
3639,REG103640,07-06-2023,2023,Uttar Pradesh,Kanpur (UP-78),3W,Tempo,Bajaj,Diesel,BS6,225,6,1
3640,REG103641,05-07-2021,2021,Gujarat,Gandhinagar (GJ-18),2W,Moped,Suzuki,CNG,BS6,400,2,3
3641,REG103642,21-10-2023,2023,Madhya Pradesh,Gwalior (MP-07),4W,SUV,Tata Motors,Petrol,BS6,1462,5,1
3642,REG103643,08-09-2022,2022,Delhi,Delhi North (DL-04),2W,Moped,Suzuki,Petrol,BS6,250,2,2
3643,REG103644,14-10-2022,2022,West Bengal,Siliguri (WB-73),3W,E-Rickshaw,Mahindra,Diesel,BS6,0,3,2
3644,REG103645,12-10-2022,2022,Delhi,Delhi West (DL-08),2W,Scooter,Ola Electric,Petrol,BS6,0,2,2
3645,REG103646,12-04-2024,2024,Telangana,Khammam (TS-07),4W,Sedan,Honda,Diesel,BS6,800,8,0
3646,REG103647,09-11-2019,2019,Uttar Pradesh,Lucknow (UP-32),2W,Motorcycle,Hero,Petrol,BS4,110,2,5
3647,REG103648,30-07-2020,2020,Rajasthan,Kota (RJ-20),3W,Auto Rickshaw,TVS,CNG,BS6,250,6,4
3648,REG103649,26-09-2018,2018,Punjab,Ludhiana (PB-10),4W,SUV,Skoda,CNG,BS4,1968,5,6
3649,REG103650,04-11-2024,2024,Uttar Pradesh,Agra (UP-80),4W,Hatchback,Kia,EV,BS6,0,7,0
3650,REG103651,15-07-2022,2022,West Bengal,Howrah (WB-13),4W,Hatchback,Honda,Diesel,BS6,2179,6,2
3651,REG103652,03-04-2021,2021,Uttar Pradesh,Varanasi (UP-65),2W,Motorcycle,Ola Electric,CNG,BS6,0,2,3
3652,REG103653,18-10-2021,2021,West Bengal,Howrah (WB-13),2W,Motorcycle,TVS,Petrol,BS6,0,2,3
3653,REG103654,27-11-2019,2019,West Bengal,Howrah (WB-13),LCV,Pickup Van,Eicher,Diesel,BS6,3298,12,5
3654,REG103655,15-12-2018,2018,Madhya Pradesh,Jabalpur (MP-20),4W,Sedan,MG,Diesel,BS4,1598,7,6
3655,REG103656,31-07-2023,2023,Madhya Pradesh,Ujjain (MP-13),2W,Scooter,KTM,Petrol,BS6,100,2,1
3656,REG103657,18-12-2023,2023,Punjab,Jalandhar (PB-08),3W,E-Rickshaw,Atul Auto,EV,BS6,0,3,1
3657,REG103658,12-07-2024,2024,Maharashtra,Aurangabad (MH-20),2W,Moped,KTM,Petrol,BS6,350,2,0
3658,REG103659,27-01-2021,2021,Punjab,Amritsar (PB-02),4W,Sedan,Honda,Petrol,BS6,1197,8,3
3659,REG103660,28-06-2024,2024,Delhi,Delhi East (DL-02),3W,E-Rickshaw,Kinetic Green,Diesel,BS6,0,6,0
3660,REG103661,26-10-2021,2021,Kerala,Kozhikode (KL-11),3W,Tempo,Kinetic Green,Diesel,BS6,250,6,3
3661,REG103662,12-06-2024,2024,Kerala,Thiruvananthapuram (KL-01),2W,Moped,Bajaj,Petrol,BS6,100,2,0
3662,REG103663,28-11-2022,2022,Kerala,Kochi (KL-07),2W,Scooter,Bajaj,EV,BS6,0,2,2
3663,REG103664,20-06-2023,2023,Telangana,Nizamabad (TS-05),4W,MUV,Toyota,Petrol,BS6,800,6,1
3664,REG103665,30-09-2018,2018,West Bengal,Durgapur (WB-40),2W,Motorcycle,KTM,EV,BS4,0,2,6
3665,REG103666,02-03-2020,2020,Delhi,Delhi South (DL-09),2W,Scooter,Ola Electric,Petrol,BS6,0,2,4
3666,REG103667,15-01-2023,2023,Uttar Pradesh,Allahabad (UP-70),2W,Moped,Ather,Petrol,BS6,0,2,1
3667,REG103668,22-04-2018,2018,Delhi,Delhi North (DL-04),2W,Scooter,Honda,Petrol,BS4,125,2,6
3668,REG103669,28-07-2023,2023,Kerala,Kozhikode (KL-11),LCV,Pickup Van,Tata Motors,Diesel,BS6,3298,15,1
3669,REG103670,21-07-2020,2020,Delhi,Delhi South (DL-09),3W,Tempo,Mahindra,CNG,BS6,0,6,4
3670,REG103671,11-03-2018,2018,Madhya Pradesh,Jabalpur (MP-20),2W,Scooter,Suzuki,Hybrid,BS4,350,2,6
3671,REG103672,29-12-2022,2022,Delhi,Delhi South (DL-09),4W,SUV,Hyundai,Diesel,BS6,1498,5,2
3672,REG103673,26-02-2018,2018,Maharashtra,Mumbai Central (MH-01),2W,Moped,KTM,EV,BS4,0,2,6
3673,REG103674,16-10-2024,2024,Rajasthan,Jaipur (RJ-14),2W,Moped,Royal Enfield,EV,BS6,0,2,0
3674,REG103675,21-04-2019,2019,Delhi,Delhi South (DL-09),2W,Motorcycle,Hero,Petrol,BS4,200,2,5
3675,REG103676,12-01-2020,2020,West Bengal,Durgapur (WB-40),2W,Scooter,Ather,EV,BS6,0,2,4
3676,REG103677,29-08-2023,2023,Madhya Pradesh,Indore (MP-09),2W,Motorcycle,KTM,Petrol,BS6,200,2,1
3677,REG103678,03-11-2024,2024,Uttar Pradesh,Varanasi (UP-65),2W,Motorcycle,Ather,CNG,BS6,0,2,0
3678,REG103679,25-08-2019,2019,Delhi,Delhi North (DL-04),HCV,Bus,Eicher,Diesel,BS4,5660,32,5
3679,REG103680,08-05-2023,2023,Punjab,Patiala (PB-11),3W,E-Rickshaw,Kinetic Green,CNG,BS6,0,6,1
3680,REG103681,23-10-2024,2024,Telangana,Karimnagar (TS-01),2W,Moped,Ather,Hybrid,BS6,0,2,0
3681,REG103682,21-01-2023,2023,Maharashtra,Nashik (MH-15),LCV,Pickup Van,Tata Motors,Diesel,BS6,0,9,1
3682,REG103683,20-09-2022,2022,West Bengal,Asansol (WB-39),2W,Moped,Royal Enfield,EV,BS6,0,2,2
3683,REG103684,04-12-2022,2022,Maharashtra,Pune (MH-12),2W,Scooter,KTM,Petrol,BS6,160,2,2
3684,REG103685,30-01-2022,2022,Kerala,Thiruvananthapuram (KL-01),LCV,Pickup Van,Eicher,Diesel,BS6,2523,9,2
3685,REG103686,07-08-2020,2020,Karnataka,Mangalore (KA-19),4W,Sedan,Honda,Petrol,BS6,2179,7,4
3686,REG103687,14-10-2024,2024,Kerala,Kollam (KL-02),3W,E-Rickshaw,TVS,CNG,BS6,250,7,0
3687,REG103688,12-08-2023,2023,Punjab,Ludhiana (PB-10),2W,Motorcycle,Hero,EV,BS6,0,2,1
3688,REG103689,05-07-2018,2018,Kerala,Kozhikode (KL-11),2W,Moped,Ola Electric,Hybrid,BS3,0,2,6
3689,REG103690,11-04-2023,2023,Delhi,Delhi Central (DL-01),LCV,Light Bus,Eicher,CNG,BS6,2956,9,1
3690,REG103691,06-05-2021,2021,Punjab,Ludhiana (PB-10),HCV,Trailer,BharatBenz,Diesel,BS6,3760,45,3
3691,REG103692,26-08-2023,2023,Punjab,Patiala (PB-11),2W,Scooter,Royal Enfield,Petrol,BS6,150,2,1
3692,REG103693,16-06-2020,2020,Tamil Nadu,Chennai Central (TN-01),2W,Moped,Ola Electric,Petrol,BS6,0,2,4
3693,REG103694,21-12-2023,2023,Maharashtra,Nagpur (MH-31),2W,Motorcycle,Ather,Petrol,BS6,0,2,1
3694,REG103695,17-01-2024,2024,Telangana,Warangal (TS-03),4W,Hatchback,Kia,Diesel,BS6,1462,5,0
3695,REG103696,06-09-2021,2021,Rajasthan,Kota (RJ-20),4W,MUV,Mahindra,Diesel,BS4,2179,6,3
3696,REG103697,17-06-2021,2021,Punjab,Patiala (PB-11),HCV,Bus,Volvo,CNG,BS6,4998,52,3
3697,REG103698,06-04-2020,2020,Karnataka,Hubli (KA-25),LCV,Light Bus,Mahindra,Diesel,BS4,2956,12,4
3698,REG103699,05-07-2020,2020,Gujarat,Surat (GJ-05),4W,Hatchback,Renault,Diesel,BS6,2179,8,4
3699,REG103700,28-01-2022,2022,Telangana,Khammam (TS-07),4W,Hatchback,Toyota,Diesel,BS6,0,5,2
